#
# There is insufficient memory for the Java Runtime Environment to continue.
# Native memory allocation (mmap) failed to map 65536 bytes. Error detail: Failed to commit metaspace.
# Possible reasons:
#   The system is out of physical RAM or swap space
#   This process is running with CompressedOops enabled, and the Java Heap may be blocking the growth of the native heap
# Possible solutions:
#   Reduce memory load on the system
#   Increase physical memory or swap space
#   Check if swap backing store is full
#   Decrease Java heap size (-Xmx/-Xms)
#   Decrease number of Java threads
#   Decrease Java thread stack sizes (-Xss)
#   Set larger code cache with -XX:ReservedCodeCacheSize=
#   JVM is running with Unscaled Compressed Oops mode in which the Java heap is
#     placed in the first 4GB address space. The Java Heap base address is the
#     maximum limit for the native heap growth. Please use -XX:HeapBaseMinAddress
#     to set the Java Heap base and to place the Java Heap above 4GB virtual address.
# This output file may be truncated or incomplete.
#
#  Out of Memory Error (virtualSpaceNode.cpp:113), pid=10436, tid=12320
#
# JRE version: OpenJDK Runtime Environment (21.0.10) (build 21.0.10+-14961533-b1163.108)
# Java VM: OpenJDK 64-Bit Server VM (21.0.10+-14961533-b1163.108, mixed mode, tiered, compressed oops, compressed class ptrs, g1 gc, windows-amd64)
# No core dump will be written. Minidumps are not enabled by default on client versions of Windows
#

---------------  S U M M A R Y ------------

Command Line: --add-opens=java.base/java.lang=ALL-UNNAMED --add-opens=java.base/java.lang.invoke=ALL-UNNAMED --add-opens=java.base/java.util=ALL-UNNAMED --add-opens=java.prefs/java.util.prefs=ALL-UNNAMED --add-exports=jdk.compiler/com.sun.tools.javac.api=ALL-UNNAMED --add-exports=jdk.compiler/com.sun.tools.javac.util=ALL-UNNAMED --add-opens=java.base/java.nio.charset=ALL-UNNAMED --add-opens=java.base/java.net=ALL-UNNAMED --add-opens=java.base/java.util.concurrent=ALL-UNNAMED --add-opens=java.base/java.util.concurrent.atomic=ALL-UNNAMED --add-opens=java.xml/javax.xml.namespace=ALL-UNNAMED --add-opens=java.base/java.time=ALL-UNNAMED -XX:MaxMetaspaceSize=512m -XX:ReservedCodeCacheSize=128m -Xmx1536M -Dfile.encoding=UTF-8 -Duser.country=JP -Duser.language=ja -Duser.variant -javaagent:C:\Users\owner\.gradle\wrapper\dists\gradle-9.5.1-all\3mo7ofu40rhxhyro6vr9xd6jp\gradle-9.5.1\lib\agents\gradle-instrumentation-agent-9.5.1.jar org.gradle.launcher.daemon.bootstrap.GradleDaemon 9.5.1

Host: Intel(R) Core(TM) Ultra 5 125H, 18 cores, 15G,  Windows 11 , 64 bit Build 22621 (10.0.22621.6931)
Time: Sun Jul  5 12:42:47 2026 elapsed time: 45.900724 seconds (0d 0h 0m 45s)

---------------  T H R E A D  ---------------

Current thread (0x000001f02b7c9630):  JavaThread "WorkerExecutor Queue"        [_thread_in_vm, id=12320, stack(0x000000ce7f600000,0x000000ce7f700000) (1024K)]

Stack: [0x000000ce7f600000,0x000000ce7f700000]
Native frames: (J=compiled Java code, j=interpreted, Vv=VM code, C=native code)
V  [jvm.dll+0x6d78a9]
V  [jvm.dll+0x8665b3]
V  [jvm.dll+0x868bde]
V  [jvm.dll+0x8692c3]
V  [jvm.dll+0x280ee6]
V  [jvm.dll+0x86146e]
V  [jvm.dll+0x67add5]
V  [jvm.dll+0x1e4911]
V  [jvm.dll+0x1e46de]
V  [jvm.dll+0x67d728]
V  [jvm.dll+0x67d562]
V  [jvm.dll+0x67b7ce]
V  [jvm.dll+0x3c2b6f]
V  [jvm.dll+0x20e6cb]
V  [jvm.dll+0x5b7fa1]
V  [jvm.dll+0x7df903]
V  [jvm.dll+0x7dfa4b]
V  [jvm.dll+0x4730c7]
V  [jvm.dll+0x478a18]
C  [java.dll+0x17ec]

Java frames: (J=compiled Java code, j=interpreted, Vv=VM code)
J 968  java.lang.ClassLoader.defineClass1(Ljava/lang/ClassLoader;Ljava/lang/String;[BIILjava/security/ProtectionDomain;Ljava/lang/String;)Ljava/lang/Class; java.base@21.0.10 (0 bytes) @ 0x000001f010f1b509 [0x000001f010f1b440+0x00000000000000c9]
J 21695 c2 java.security.SecureClassLoader.defineClass(Ljava/lang/String;[BIILjava/security/CodeSource;)Ljava/lang/Class; java.base@21.0.10 (16 bytes) @ 0x000001f013117ccc [0x000001f013117680+0x000000000000064c]
J 11598 c2 java.net.URLClassLoader$1.run()Ljava/lang/Class; java.base@21.0.10 (81 bytes) @ 0x000001f01275fd4c [0x000001f01275e280+0x0000000000001acc]
J 11505 c2 java.net.URLClassLoader$1.run()Ljava/lang/Object; java.base@21.0.10 (5 bytes) @ 0x000001f011931660 [0x000001f011931620+0x0000000000000040]
J 9103 c2 java.net.URLClassLoader.findClass(Ljava/lang/String;)Ljava/lang/Class; java.base@21.0.10 (47 bytes) @ 0x000001f010ea0cdc [0x000001f010ea0c20+0x00000000000000bc]
J 5741 c2 java.lang.ClassLoader.loadClass(Ljava/lang/String;Z)Ljava/lang/Class; java.base@21.0.10 (121 bytes) @ 0x000001f011427ba8 [0x000001f011427880+0x0000000000000328]
J 3764 c2 java.lang.ClassLoader.loadClass(Ljava/lang/String;)Ljava/lang/Class; java.base@21.0.10 (7 bytes) @ 0x000001f010ce636c [0x000001f010ce6320+0x000000000000004c]
v  ~StubRoutines::call_stub 0x000001f010a3100d
j  com.squareup.kotlinpoet.TypeNames.<clinit>()V+1092
v  ~StubRoutines::call_stub 0x000001f010a3100d
j  androidx.room.compiler.codegen.XTypeName.<clinit>()V+23
v  ~StubRoutines::call_stub 0x000001f010a3100d
j  androidx.room.solver.types.PrimitiveColumnTypeAdapter$Companion$Primitive.<clinit>()V+7
v  ~StubRoutines::call_stub 0x000001f010a3100d
j  androidx.room.solver.types.PrimitiveColumnTypeAdapter$Companion.createPrimitiveAdapters(Landroidx/room/compiler/processing/XProcessingEnv;)Ljava/util/List;+6
j  androidx.room.solver.TypeAdapterStore$Companion.create(Landroidx/room/processor/Context;Landroidx/room/vo/BuiltInConverterFlags;[Ljava/lang/Object;)Landroidx/room/solver/TypeAdapterStore;+95
j  androidx.room.processor.Context.typeAdapterStore_delegate$lambda$1(Landroidx/room/processor/Context;)Landroidx/room/solver/TypeAdapterStore;+48
j  androidx.room.processor.Context$$Lambda+0x0000000101eb3540.invoke()Ljava/lang/Object;+4
j  kotlin.SynchronizedLazyImpl.getValue()Ljava/lang/Object;+51
j  androidx.room.processor.Context.getTypeAdapterStore()Landroidx/room/solver/TypeAdapterStore;+6
j  androidx.room.processor.Context.collectLogs(Lkotlin/jvm/functions/Function1;)Lkotlin/Pair;+53
j  androidx.room.DatabaseProcessingStep.process(Landroidx/room/compiler/processing/XProcessingEnv;Ljava/util/Map;Z)Ljava/util/Set;+336
j  androidx.room.compiler.processing.CommonProcessorDelegate.processRound(Landroidx/room/compiler/processing/XRoundEnv;)V+869
j  androidx.room.compiler.processing.javac.JavacBasicAnnotationProcessor.process(Ljava/util/Set;Ljavax/annotation/processing/RoundEnvironment;)Z+132
j  org.jetbrains.kotlin.kapt.base.incremental.IncrementalProcessor.process(Ljava/util/Set;Ljavax/annotation/processing/RoundEnvironment;)Z+63
j  org.jetbrains.kotlin.kapt.base.ProcessorWrapper.process(Ljava/util/Set;Ljavax/annotation/processing/RoundEnvironment;)Z+29
j  com.sun.tools.javac.processing.JavacProcessingEnvironment.callProcessor(Ljavax/annotation/processing/Processor;Ljava/util/Set;Ljavax/annotation/processing/RoundEnvironment;)Z+19 jdk.compiler@21.0.10
j  com.sun.tools.javac.processing.JavacProcessingEnvironment.discoverAndRunProcs(Ljava/util/Set;Lcom/sun/tools/javac/util/List;Lcom/sun/tools/javac/util/List;Lcom/sun/tools/javac/util/List;)V+409 jdk.compiler@21.0.10
j  com.sun.tools.javac.processing.JavacProcessingEnvironment$Round.run(ZZ)V+111 jdk.compiler@21.0.10
j  com.sun.tools.javac.processing.JavacProcessingEnvironment.doProcessing(Lcom/sun/tools/javac/util/List;Lcom/sun/tools/javac/util/List;Ljava/lang/Iterable;Lcom/sun/tools/javac/util/Log$DeferredDiagnosticHandler;)Z+145 jdk.compiler@21.0.10
j  com.sun.tools.javac.main.JavaCompiler.processAnnotations(Lcom/sun/tools/javac/util/List;Ljava/util/Collection;)V+438 jdk.compiler@21.0.10
j  java.lang.invoke.LambdaForm$DMH+0x00000001001a0000.invokeVirtual(Ljava/lang/Object;Ljava/lang/Object;Ljava/lang/Object;Ljava/lang/Object;)V+14 java.base@21.0.10
j  java.lang.invoke.LambdaForm$MH+0x00000001012c9000.invoke(Ljava/lang/Object;Ljava/lang/Object;Ljava/lang/Object;Ljava/lang/Object;)Ljava/lang/Object;+73 java.base@21.0.10
J 22152 c2 jdk.internal.reflect.DirectMethodHandleAccessor.invoke(Ljava/lang/Object;[Ljava/lang/Object;)Ljava/lang/Object; java.base@21.0.10 (92 bytes) @ 0x000001f013a59798 [0x000001f013a59440+0x0000000000000358]
J 21924 c1 java.lang.reflect.Method.invoke(Ljava/lang/Object;[Ljava/lang/Object;)Ljava/lang/Object; java.base@21.0.10 (108 bytes) @ 0x000001f011f3b334 [0x000001f011f3ae40+0x00000000000004f4]
j  org.jetbrains.kotlin.kapt.base.AnnotationProcessingKt.doAnnotationProcessing(Lorg/jetbrains/kotlin/kapt/base/KaptContext;Ljava/util/List;Ljava/util/List;Lcom/sun/tools/javac/util/List;Ljava/util/List;)V+1060
j  org.jetbrains.kotlin.kapt.base.AnnotationProcessingKt.doAnnotationProcessing(Lorg/jetbrains/kotlin/kapt/base/KaptContext;Ljava/util/List;Ljava/util/List;Ljava/util/List;)V+37
j  org.jetbrains.kotlin.kapt.base.Kapt.kapt(Lorg/jetbrains/kotlin/kapt/base/KaptOptions;)Z+202
j  java.lang.invoke.DirectMethodHandle$Holder.invokeStatic(Ljava/lang/Object;Ljava/lang/Object;)I+10 java.base@21.0.10
j  java.lang.invoke.LambdaForm$MH+0x00000001001d5000.invoke(Ljava/lang/Object;Ljava/lang/Object;Ljava/lang/Object;)Ljava/lang/Object;+33 java.base@21.0.10
J 22152 c2 jdk.internal.reflect.DirectMethodHandleAccessor.invoke(Ljava/lang/Object;[Ljava/lang/Object;)Ljava/lang/Object; java.base@21.0.10 (92 bytes) @ 0x000001f013a59554 [0x000001f013a59440+0x0000000000000114]
J 21924 c1 java.lang.reflect.Method.invoke(Ljava/lang/Object;[Ljava/lang/Object;)Ljava/lang/Object; java.base@21.0.10 (108 bytes) @ 0x000001f011f3b334 [0x000001f011f3ae40+0x00000000000004f4]
j  org.jetbrains.kotlin.gradle.internal.KaptExecution.run()V+480
j  org.jetbrains.kotlin.gradle.internal.KaptWithoutKotlincTask$KaptExecutionWorkAction.execute()V+106
j  org.gradle.workers.internal.DefaultWorkerServer.execute(Lorg/gradle/workers/internal/SimpleActionExecutionSpec;)Lorg/gradle/workers/internal/DefaultWorkResult;+123
j  org.gradle.workers.internal.NoIsolationWorkerFactory$1$1.create()Lorg/gradle/workers/internal/DefaultWorkResult;+29
j  org.gradle.workers.internal.NoIsolationWorkerFactory$1$1.create()Ljava/lang/Object;+1
j  org.gradle.internal.classloader.ClassLoaderUtils.executeInClassloader(Ljava/lang/ClassLoader;Lorg/gradle/internal/Factory;)Ljava/lang/Object;+15
j  org.gradle.workers.internal.NoIsolationWorkerFactory$1.lambda$execute$0(Ljava/lang/ClassLoader;Lorg/gradle/workers/WorkerExecutor;Lorg/gradle/workers/internal/IsolatedParametersActionExecutionSpec;)Lorg/gradle/workers/internal/DefaultWorkResult;+10
j  org.gradle.workers.internal.NoIsolationWorkerFactory$1$$Lambda+0x0000000101332b78.execute(Lorg/gradle/workers/internal/IsolatedParametersActionExecutionSpec;)Lorg/gradle/workers/internal/DefaultWorkResult;+13
j  org.gradle.workers.internal.AbstractWorker$1.call(Lorg/gradle/internal/operations/BuildOperationContext;)Lorg/gradle/workers/internal/DefaultWorkResult;+8
j  org.gradle.workers.internal.AbstractWorker$1.call(Lorg/gradle/internal/operations/BuildOperationContext;)Ljava/lang/Object;+2
J 8555 c1 org.gradle.internal.operations.DefaultBuildOperationRunner$CallableBuildOperationWorker.execute(Lorg/gradle/internal/operations/BuildOperation;Lorg/gradle/internal/operations/BuildOperationContext;)V (10 bytes) @ 0x000001f012141934 [0x000001f0121416e0+0x0000000000000254]
J 18725 c2 org.gradle.internal.operations.DefaultBuildOperationRunner$2.execute(Lorg/gradle/internal/operations/BuildOperationDescriptor;Lorg/gradle/internal/operations/BuildOperationState;Lorg/gradle/internal/operations/BuildOperationState;Lorg/gradle/internal/operations/DefaultBuildOperationRunner$ReadableBuildOperationContext;Lorg/gradle/internal/operations/DefaultBuildOperationRunner$BuildOperationExecutionListener;)Ljava/lang/Object; (12 bytes) @ 0x000001f013470330 [0x000001f01346f7a0+0x0000000000000b90]
j  org.gradle.internal.operations.DefaultBuildOperationRunner.execute(Lorg/gradle/internal/operations/BuildOperationDescriptor$Builder;Lorg/gradle/internal/operations/DefaultBuildOperationRunner$BuildOperationExecution;)Ljava/lang/Object;+141
J 37394 c1 org.gradle.internal.operations.DefaultBuildOperationRunner.execute(Lorg/gradle/internal/operations/BuildOperation;Lorg/gradle/internal/operations/BuildOperationWorker;)V (22 bytes) @ 0x000001f014856fcc [0x000001f014856e60+0x000000000000016c]
J 8304 c1 org.gradle.internal.operations.DefaultBuildOperationRunner.call(Lorg/gradle/internal/operations/CallableBuildOperation;)Ljava/lang/Object; (20 bytes) @ 0x000001f0120a74fc [0x000001f0120a7360+0x000000000000019c]
j  org.gradle.workers.internal.AbstractWorker.executeWrappedInBuildOperation(Lorg/gradle/workers/internal/IsolatedParametersActionExecutionSpec;Lorg/gradle/internal/operations/BuildOperationRef;Lorg/gradle/workers/internal/AbstractWorker$Work;)Lorg/gradle/workers/internal/DefaultWorkResult;+15
j  org.gradle.workers.internal.NoIsolationWorkerFactory$1.execute(Lorg/gradle/workers/internal/IsolatedParametersActionExecutionSpec;Lorg/gradle/internal/operations/BuildOperationRef;)Lorg/gradle/workers/internal/DefaultWorkResult;+17
j  org.gradle.workers.internal.DefaultWorkerExecutor.lambda$submitWork$0(Lorg/gradle/workers/internal/WorkerFactory;Lorg/gradle/workers/internal/WorkerRequirement;Lorg/gradle/workers/internal/IsolatedParametersActionExecutionSpec;Lorg/gradle/internal/operations/BuildOperationRef;)Lorg/gradle/workers/internal/DefaultWorkResult;+13
j  org.gradle.workers.internal.DefaultWorkerExecutor$$Lambda+0x0000000101331d98.call()Ljava/lang/Object;+16
J 18218 c2 java.util.concurrent.FutureTask.run()V java.base@21.0.10 (123 bytes) @ 0x000001f01187675c [0x000001f0118764c0+0x000000000000029c]
j  org.gradle.internal.work.DefaultConditionalExecutionQueue$ExecutionRunner.runExecution(Lorg/gradle/internal/work/ConditionalExecution;)V+6
j  org.gradle.internal.work.DefaultConditionalExecutionQueue$ExecutionRunner.access$500(Lorg/gradle/internal/work/DefaultConditionalExecutionQueue$ExecutionRunner;Lorg/gradle/internal/work/ConditionalExecution;)V+2
j  org.gradle.internal.work.DefaultConditionalExecutionQueue$ExecutionRunner$1.run()V+14
j  org.gradle.internal.Factories$1.create()Ljava/lang/Object;+4
j  org.gradle.internal.work.DefaultWorkerLeaseService.lambda$runAndReleaseLocks$0(Lorg/gradle/internal/Factory;Ljava/util/Collection;)Ljava/lang/Object;+1
j  org.gradle.internal.work.DefaultWorkerLeaseService$$Lambda+0x000000010039f0c8.create()Ljava/lang/Object;+12
j  org.gradle.internal.work.ResourceLockStatistics$1.measure(Ljava/lang/String;Ljava/lang/Iterable;Lorg/gradle/internal/Factory;)Ljava/lang/Object;+1
j  org.gradle.internal.work.DefaultWorkerLeaseService.runAndReleaseLocks(Ljava/util/Collection;Lorg/gradle/internal/Factory;)Ljava/lang/Object;+16
j  org.gradle.internal.work.DefaultWorkerLeaseService.withLocksAcquired(Ljava/util/Collection;Lorg/gradle/internal/Factory;)Ljava/lang/Object;+8
j  org.gradle.internal.work.DefaultWorkerLeaseService.withLocks(Ljava/util/Collection;Lorg/gradle/internal/Factory;)Ljava/lang/Object;+25
j  org.gradle.internal.work.DefaultWorkerLeaseService.runAsWorkerThread(Lorg/gradle/internal/Factory;)Ljava/lang/Object;+33
j  org.gradle.internal.work.DefaultWorkerLeaseService.runAsWorkerThread(Ljava/lang/Runnable;)V+5
j  org.gradle.internal.work.DefaultConditionalExecutionQueue$ExecutionRunner.runBatch(Lorg/gradle/internal/work/ConditionalExecution;)V+16
j  org.gradle.internal.work.DefaultConditionalExecutionQueue$ExecutionRunner.run()V+27
j  java.util.concurrent.Executors$RunnableAdapter.call()Ljava/lang/Object;+4 java.base@21.0.10
J 18218 c2 java.util.concurrent.FutureTask.run()V java.base@21.0.10 (123 bytes) @ 0x000001f01187675c [0x000001f0118764c0+0x000000000000029c]
J 17031 c2 org.gradle.internal.concurrent.ExecutorPolicy$CatchAndRecordFailures.onExecute(Ljava/lang/Runnable;)V (29 bytes) @ 0x000001f011349214 [0x000001f0113491c0+0x0000000000000054]
j  org.gradle.internal.concurrent.AbstractManagedExecutor$1.run()V+25
j  java.util.concurrent.ThreadPoolExecutor.runWorker(Ljava/util/concurrent/ThreadPoolExecutor$Worker;)V+92 java.base@21.0.10
j  java.util.concurrent.ThreadPoolExecutor$Worker.run()V+5 java.base@21.0.10
j  java.lang.Thread.runWith(Ljava/lang/Object;Ljava/lang/Runnable;)V+5 java.base@21.0.10
j  java.lang.Thread.run()V+19 java.base@21.0.10
v  ~StubRoutines::call_stub 0x000001f010a3100d

Compiled method (n/a) 45915  968     n 0       java.lang.ClassLoader::defineClass1 (native)
 total in heap  [0x000001f010f1b290,0x000001f010f1b820] = 1424
 relocation     [0x000001f010f1b3f0,0x000001f010f1b428] = 56
 main code      [0x000001f010f1b440,0x000001f010f1b819] = 985
 stub code      [0x000001f010f1b819,0x000001f010f1b820] = 7

[Constant Pool (empty)]

[MachCode]
[Entry Point]
  # {method} {0x000001f01f025040} 'defineClass1' '(Ljava/lang/ClassLoader;Ljava/lang/String;[BIILjava/security/ProtectionDomain;Ljava/lang/String;)Ljava/lang/Class;' in 'java/lang/ClassLoader'
  # parm0:    rdx:rdx   = 'java/lang/ClassLoader'
  # parm1:    r8:r8     = 'java/lang/String'
  # parm2:    r9:r9     = '[B'
  # parm3:    rdi       = int
  # parm4:    rsi       = int
  # parm5:    rcx:rcx   = 'java/security/ProtectionDomain'
  # parm6:    [sp+0xa0]   = 'java/lang/String'  (sp of caller)
  0x000001f010f1b440: 448b 5208 | 49c1 e203 | 493b c20f | 8407 0000 

  0x000001f010f1b450: ;   {runtime_call ic_miss_stub}
  0x000001f010f1b450: 00e9 2a33 | b6ff 6690 
[Verified Entry Point]
  0x000001f010f1b458: 8984 2400 | 80ff ff55 | 488b ec48 | 81ec 9000 | 0000 6690 | 4181 7f20 | 2f00 0000 

  0x000001f010f1b474: ;   {runtime_call StubRoutines (final stubs)}
  0x000001f010f1b474: 7405 e885 | 02b5 ff48 | 837d 1000 | 488d 4510 | 480f 4445 | 1048 8944 | 2440 4889 | 4c24 7048 
  0x000001f010f1b494: 83f9 0048 | 8d44 2470 | 480f 4444 | 2470 4889 | 4424 3848 | 8974 2430 | 4889 7c24 | 284c 894c 
  0x000001f010f1b4b4: 2458 4983 | f900 488d | 4424 5848 | 0f44 4424 | 5848 8944 | 2420 4c89 | 4424 5049 | 83f8 004c 
  0x000001f010f1b4d4: 8d4c 2450 | 4c0f 444c | 2450 4889 | 5424 4848 | 83fa 004c | 8d44 2448 | 4c0f 4444 

  0x000001f010f1b4f0: ;   {oop(a 'java/lang/Class'{0x00000000a07bd568} = 'java/lang/ClassLoader')}
  0x000001f010f1b4f0: 2448 49be | 68d5 7ba0 | 0000 0000 | 4c89 7424 | 784c 8d74 | 2478 498b | d6c5 f877 

  0x000001f010f1b50c: ;   {internal_word}
  0x000001f010f1b50c: 49ba 09b5 | f110 f001 | 0000 4d89 | 97a8 0300 | 0049 89a7 | a003 0000 

  0x000001f010f1b524: ;   {external_word}
  0x000001f010f1b524: 49ba a8fa | 29cf ff7f | 0000 4180 | 3a00 0f84 | 4e00 0000 | 5241 5041 

  0x000001f010f1b53c: ;   {metadata({method} {0x000001f01f025040} 'defineClass1' '(Ljava/lang/ClassLoader;Ljava/lang/String;[BIILjava/security/ProtectionDomain;Ljava/lang/String;)Ljava/lang/Class;' in 'java/lang/ClassLoader')}
  0x000001f010f1b53c: 5148 ba38 | 5002 1ff0 | 0100 0049 | 8bcf 4883 | ec20 40f6 | c40f 0f84 | 1900 0000 | 4883 ec08 
  0x000001f010f1b55c: ;   {runtime_call}
  0x000001f010f1b55c: 48b8 30e9 | e3ce ff7f | 0000 ffd0 | 4883 c408 | e90c 0000 

  0x000001f010f1b570: ;   {runtime_call}
  0x000001f010f1b570: 0048 b830 | e9e3 ceff | 7f00 00ff | d048 83c4 | 2041 5941 | 585a 498d | 8fc0 0300 | 0041 c787 
  0x000001f010f1b590: 4c04 0000 | 0400 0000 

  0x000001f010f1b598: ;   {runtime_call}
  0x000001f010f1b598: 48b8 ac16 | 6112 f87f | 0000 ffd0 | c5f8 7741 | c787 4c04 | 0000 0500 | 0000 f083 | 4424 c000 
  0x000001f010f1b5b8: 493b af50 | 0400 000f | 870e 0000 | 0041 83bf | 4804 0000 | 000f 842b | 0000 00c5 | f877 4889 
  0x000001f010f1b5d8: 45f8 498b | cf4c 8be4 | 4883 ec20 | 4883 e4f0 

  0x000001f010f1b5e8: ;   {runtime_call}
  0x000001f010f1b5e8: 48b8 e01e | afce ff7f | 0000 ffd0 | 498b e44d | 33e4 488b | 45f8 41c7 | 874c 0400 | 0008 0000 
  0x000001f010f1b608: 0041 83bf | c804 0000 | 020f 84d5 

  0x000001f010f1b614: ;   {external_word}
  0x000001f010f1b614: 0100 0049 | baa8 fa29 | cfff 7f00 | 0041 803a | 000f 844c | 0000 0048 

  0x000001f010f1b62c: ;   {metadata({method} {0x000001f01f025040} 'defineClass1' '(Ljava/lang/ClassLoader;Ljava/lang/String;[BIILjava/security/ProtectionDomain;Ljava/lang/String;)Ljava/lang/Class;' in 'java/lang/ClassLoader')}
  0x000001f010f1b62c: 8945 f848 | ba38 5002 | 1ff0 0100 | 0049 8bcf | 4883 ec20 | 40f6 c40f | 0f84 1900 | 0000 4883 
  0x000001f010f1b64c: ;   {runtime_call}
  0x000001f010f1b64c: ec08 48b8 | 30e9 e3ce | ff7f 0000 | ffd0 4883 | c408 e90c 

  0x000001f010f1b660: ;   {runtime_call}
  0x000001f010f1b660: 0000 0048 | b830 e9e3 | ceff 7f00 | 00ff d048 | 83c4 2048 | 8b45 f849 | c787 a003 | 0000 0000 
  0x000001f010f1b680: 0000 49c7 | 87a8 0300 | 0000 0000 | 00c5 f877 | 4885 c00f | 8430 0100 | 00a8 030f | 8508 0000 
  0x000001f010f1b6a0: 0048 8b00 | e920 0100 | 00a8 010f | 8509 0000 | 0048 8b40 | fee9 0f01 | 0000 488b | 40ff 4180 
  0x000001f010f1b6c0: 7f40 000f | 8400 0100 | 0048 83f8 | 000f 84f6 | 0000 0049 | 8b4f 2848 | 83f9 000f | 8414 0000 
  0x000001f010f1b6e0: 0048 83e9 | 0849 894f | 2849 034f | 3848 8901 | e9d4 0000 | 0048 83ec | 7048 8904 | 2448 894c 
  0x000001f010f1b700: 2408 4889 | 5424 104c | 8944 2418 | 4c89 4c24 | 204c 8954 | 2428 4c89 | 5c24 30c5 | fb11 4424 
  0x000001f010f1b720: 40c5 fb11 | 4c24 48c5 | fb11 5424 | 50c5 fb11 | 5c24 58c5 | fb11 6424 | 60c5 fb11 | 6c24 6849 
  0x000001f010f1b740: 8bd7 488b | c848 83ec | 2040 f6c4 | 0f0f 8419 | 0000 0048 

  0x000001f010f1b754: ;   {runtime_call}
  0x000001f010f1b754: 83ec 0848 | b800 2aa2 | ceff 7f00 | 00ff d048 | 83c4 08e9 | 0c00 0000 

  0x000001f010f1b76c: ;   {runtime_call}
  0x000001f010f1b76c: 48b8 002a | a2ce ff7f | 0000 ffd0 | 4883 c420 | c5fb 106c | 2468 c5fb | 1064 2460 | c5fb 105c 
  0x000001f010f1b78c: 2458 c5fb | 1054 2450 | c5fb 104c | 2448 c5fb | 1044 2440 | 4c8b 5c24 | 304c 8b54 | 2428 4c8b 
  0x000001f010f1b7ac: 4c24 204c | 8b44 2418 | 488b 5424 | 1048 8b4c | 2408 488b | 0424 4883 | c470 c5f8 | 7749 8b8f 
  0x000001f010f1b7cc: 3004 0000 | c781 0001 | 0000 0000 | 0000 c949 | 837f 0800 | 0f85 0100 

  0x000001f010f1b7e4: ;   {runtime_call StubRoutines (initial stubs)}
  0x000001f010f1b7e4: 0000 c3e9 | 1457 b1ff | c5f8 7748 | 8945 f84c | 8be4 4883 | ec20 4883 

  0x000001f010f1b7fc: ;   {runtime_call}
  0x000001f010f1b7fc: e4f0 48b8 | 8020 e4ce | ff7f 0000 | ffd0 498b | e44d 33e4 | 488b 45f8 | e9fe fdff | fff4 f4f4 
  0x000001f010f1b81c: f4f4 f4f4 
[/MachCode]


Compiled method (c2) 45924 21695       4       java.security.SecureClassLoader::defineClass (16 bytes)
 total in heap  [0x000001f013117190,0x000001f01311ce50] = 23744
 relocation     [0x000001f0131172f0,0x000001f013117680] = 912
 main code      [0x000001f013117680,0x000001f01311aac8] = 13384
 stub code      [0x000001f01311aac8,0x000001f01311ac18] = 336
 oops           [0x000001f01311ac18,0x000001f01311ac30] = 24
 metadata       [0x000001f01311ac30,0x000001f01311aed8] = 680
 scopes data    [0x000001f01311aed8,0x000001f01311c140] = 4712
 scopes pcs     [0x000001f01311c140,0x000001f01311c920] = 2016
 dependencies   [0x000001f01311c920,0x000001f01311c9d0] = 176
 handler table  [0x000001f01311c9d0,0x000001f01311cd78] = 936
 nul chk table  [0x000001f01311cd78,0x000001f01311ce50] = 216

[Constant Pool (empty)]

[MachCode]
[Entry Point]
  # {method} {0x000001f01f03d7b0} 'defineClass' '(Ljava/lang/String;[BIILjava/security/CodeSource;)Ljava/lang/Class;' in 'java/security/SecureClassLoader'
  # this:     rdx:rdx   = 'java/security/SecureClassLoader'
  # parm0:    r8:r8     = 'java/lang/String'
  # parm1:    r9:r9     = '[B'
  # parm2:    rdi       = int
  # parm3:    rsi       = int
  # parm4:    rcx:rcx   = 'java/security/CodeSource'
  #           [sp+0xd0]  (sp of caller)
  0x000001f013117680: 448b 5208 | 49c1 e203 

  0x000001f013117688: ;   {runtime_call ic_miss_stub}
  0x000001f013117688: 493b c20f | 85ef 7096 | fd66 6690 | 0f1f 8400 | 0000 0000 | 6666 6690 
[Verified Entry Point]
  0x000001f0131176a0: 8984 2400 | 80ff ff55 | 4881 ecc0 | 0000 0090 | 4181 7f20 | 2f00 0000 | 0f85 fa33 | 0000 8974 
  0x000001f0131176c0: 2444 897c | 2440 4c89 | 4c24 384c | 8944 2430 | 4889 5424 | 2848 8be9 | 4885 c90f | 849b 2400 
  0x000001f0131176e0: 004d 8b87 | b801 0000 | 4d8b d049 | 83c2 104d | 3b97 c801 | 0000 0f83 | 7d1d 0000 | 4d89 97b8 
  0x000001f013117700: 0100 0041 | 0f0d 8ac0 | 0000 0049 | c700 0100 

  0x000001f013117710: ;   {metadata('java/security/SecureClassLoader$CodeSourceKey')}
  0x000001f013117710: 0000 41c7 | 4008 1535 | 0120 4c8b | dd45 8958 | 0c4d 8b8f | b801 0000 | 4c8b 5424 | 2841 8b6a 
  0x000001f013117730: 504d 8bd1 | 4983 c210 | 4d3b 97c8 | 0100 000f | 8307 1d00 | 004d 8997 | b801 0000 | 410f 0d8a 
  0x000001f013117750: c000 0000 | 49c7 0101 

  0x000001f013117758: ;   {metadata('java/security/SecureClassLoader$1')}
  0x000001f013117758: 0000 0041 | c741 085d | 3501 204c | 8b54 2428 | 4d8b da45 | 8959 0c44 

  0x000001f013117770: ;   {metadata('java/util/concurrent/ConcurrentHashMap')}
  0x000001f013117770: 8b5d 0841 | 81fb 6eac | 0020 0f85 | 4c21 0000 | 488b d590 

  0x000001f013117784: ;   {optimized virtual_call}
  0x000001f013117784: c5f8 77e8 

  0x000001f013117788: ; ImmutableOopMap {[40]=Oop [48]=Oop [56]=Oop }
                      ;*invokeinterface computeIfAbsent {reexecute=0 rethrow=0 return_oop=1}
                      ; - java.security.SecureClassLoader::getProtectionDomain@28
                      ; - java.security.SecureClassLoader::defineClass@9
  0x000001f013117788: 7497 4aff 

  0x000001f01311778c: ;   {other}
  0x000001f01311778c: 0f1f 8400 | fc05 0000 

  0x000001f013117794: ; implicit exception: dispatches to 0x000001f01311a5c0
  0x000001f013117794: 448b 5008 

  0x000001f013117798: ;   {metadata('java/security/ProtectionDomain')}
  0x000001f013117798: 4181 facf | 8800 200f | 8533 2d00 | 0048 8944 | 2450 4c8b | 5424 3041 | 8b6a 1444 | 8b55 0c45 
  0x000001f0131177b8: 85d2 0f86 | 5821 0000 | 4c8b 5c24 | 3045 0fbe | 5b10 4585 | db0f 851f | 1300 00c4 | 4222 f7da 
  0x000001f0131177d8: 453b da45 | 0f4f da45 | 85db 0f8e | 830d 0000 | 453b d30f | 825f 2100 | 004c 8bd5 | 488d 7d10 
  0x000001f0131177f8: 418b d3b8 | 2f00 0000 | 488b df83 | fa10 0f8c | 7900 0000 | 83fa 200f | 8c36 0000 | 00c5 f96e 
  0x000001f013117818: c8c4 e27d | 78c9 c5ed | efd2 8bca | 83e1 e083 | e21f c5fe | 6f03 c5fd | 74c1 c4e2 | 7d17 d00f 
  0x000001f013117838: 8369 0000 | 0048 83c3 | 2083 e920 | 75e4 e90d | 0000 00c5 | f96e c8c5 | e9ef d2c4 | e271 00ca 
  0x000001f013117858: 83fa 100f | 8c24 0000 | 008b ca83 | e1f0 83e2 | 0fc5 fa6f | 03c5 f974 | c1c4 e279 | 17d0 0f83 
  0x000001f013117878: 2a00 0000 | 4883 c310 | 83e9 1075 | e485 d20f | 8412 0000 | 000f b60b | 3bc1 741c 

  0x000001f013117894: ;   {no_reloc}
  0x000001f013117894: 4883 c301 | 83ea 0174 | 02eb eebb | ffff ffff | eb0d c5fd | d7c8 0fbc | c148 03d8 | 482b df83 
  0x000001f0131178b4: fbff 0f85 | ec21 0000 | 4c8b 5424 | 3045 8b5a | 1441 807a | 1000 0f85 | 3514 0000 

  0x000001f0131178d0: ; implicit exception: dispatches to 0x000001f01311a644
  0x000001f0131178d0: 418b 6b0c | 85ed 0f86 | 5820 0000 | 450f b653 | 1041 83fa | 5b0f 84c5 | 2200 004c | 8b54 2430 
  0x000001f0131178f0: 458b 4a14 

  0x000001f0131178f4: ; implicit exception: dispatches to 0x000001f01311a5fc
  0x000001f0131178f4: 458b 590c | 450f be52 | 10c4 c22a | f7cb 4d8b | c149 8d51 | 108d 59fb | 85db 7c1c | 4585 d20f 
  0x000001f013117914: 856b 0c00 | 0041 83fb | 040f 8649 | 2000 0080 | 3a6a 0f84 | b00b 0000 | 488b 5c24 | 2848 8b7c 
  0x000001f013117934: 2450 448b | 7710 8d69 | ff45 85d2 | 0f85 8a21 | 0000 458d | 53ff 443b | d544 0f4f | d545 85d2 
  0x000001f013117954: 0f8c fa10 | 0000 33f6 | 8974 2458 | 453b d30f | 83c2 1d00 | 0043 807c | 1110 2e74 | 1749 8bbf 
  0x000001f013117974: 5804 0000 

  0x000001f013117978: ; ImmutableOopMap {r8=Oop rdx=Derived_oop_r8 r9=NarrowOop rbx=Oop r14=NarrowOop [40]=Oop [48]=Oop [56]=Oop [80]=Oop }
                      ;*goto {reexecute=1 rethrow=0 return_oop=0}
                      ; - (reexecute) java.lang.StringLatin1::lastIndexOf@35
                      ; - java.lang.String::lastIndexOf@13
                      ; - java.lang.String::lastIndexOf@8
                      ; - java.lang.ClassLoader::checkCerts@3
                      ; - java.lang.ClassLoader::preDefineClass@113
                      ; - java.lang.ClassLoader::defineClass@4
                      ; - java.security.SecureClassLoader::defineClass@12
                      ;   {poll}
  0x000001f013117978: 41ff ca85 | 0745 85d2 | 7dde 41ba | ffff ffff | 4183 faff | 0f84 ca0b | 0000 4585 | d20f 8c7d 
  0x000001f013117998: 2100 0044 | 3bd1 0f8f | 7422 0000 | 443b d10f | 8463 0b00 | 0045 85d2 | 0f84 bf0b | 0000 498b 
  0x000001f0131179b8: b7b8 0100 | 0048 8bce | 4883 c118 | 493b 8fc8 | 0100 000f | 83cb 1a00 | 0049 898f | b801 0000 
  0x000001f0131179d8: 0f0d 89c0 | 0000 0048 | c706 0100 

  0x000001f0131179e4: ;   {metadata('java/lang/String')}
  0x000001f0131179e4: 0000 c746 | 0812 8400 | 2044 8966 | 0c4c 8966 | 1045 3bd3 | 0f85 9c00 | 0000 4963 | c341 81fb 
  0x000001f013117a04: 0000 1000 | 0f87 791c | 0000 488b | ca49 8bbf | b801 0000 | 4c8d 5017 | 4983 e2f8 | 488b d749 
  0x000001f013117a24: 03d2 493b | 97c8 0100 | 000f 8351 | 1c00 0049 | 8997 b801 | 0000 0f0d | 8ac0 0000 | 0048 c707 
  0x000001f013117a44: 0100 0000 | 0f0d 8a00 

  0x000001f013117a4c: ;   {metadata({type array byte})}
  0x000001f013117a4c: 0100 00c7 | 4708 5981 | 0020 4489 | 5f0c 0f0d | 8a40 0100 | 000f 0d8a | 8001 0000 | 488b d748 
  0x000001f013117a6c: 83c2 1048 | 83c0 0748 | c1e8 034c | 8bc0 c5f8 | 7749 bae0 | 9da6 10f0 | 0100 0041 

  0x000001f013117a88: ;   {other}
  0x000001f013117a88: ffd2 0f1f | 8400 0000 | 0000 4c8b | efe9 de00 | 0000 4181 | fa00 0010 | 000f 8741 | 1f00 0049 
  0x000001f013117aa8: 63ca 453b | da41 8beb | 410f 4fea | 443b dd0f | 829c 1f00 | 0044 3bd5 | 0f82 931f | 0000 4883 
  0x000001f013117ac8: c117 4c8b | c949 83e1 | f841 81fa | 0000 1000 | 0f87 f81a | 0000 4d8b | afb8 0100 | 004d 8bdd 
  0x000001f013117ae8: 4d03 d94d | 3b9f c801 | 0000 0f83 | de1a 0000 | 4d89 9fb8 | 0100 0041 | 0f0d 8bc0 | 0000 0049 
  0x000001f013117b08: c745 0001 | 0000 0041 | 0f0d 8b00 

  0x000001f013117b14: ;   {metadata({type array byte})}
  0x000001f013117b14: 0100 0041 | c745 0859 | 8100 2045 | 8955 0c41 | 0f0d 8b40 | 0100 0041 | 0f0d 8b80 | 0100 004d 
  0x000001f013117b34: 8bdd 4983 | c310 48c1 | e903 85ed | 0f84 aa1e | 0000 413b | ea0f 8c5d | 1200 0049 | 83c1 f049 
  0x000001f013117b54: c1e9 0348 | 8bca 498b | d34d 8bc1 | c5f8 7749 | bae0 9da6 | 10f0 0100 | 0041 ffd2 

  0x000001f013117b70: ;   {other}
  0x000001f013117b70: 0f1f 8400 | 0000 0000 | 4180 7f40 | 000f 85dc | 0e00 004c | 8bd6 4d8b | c544 8946 | 144d 8bdd 
  0x000001f013117b90: 4d33 da49 | c1eb 144d | 85db 741a | 49c1 ea09 | 48b9 0000 | 0c19 f001 | 0000 4903 | ca80 3902 
  0x000001f013117bb0: 0f85 dc0e | 0000 4488 | 6610 488b | fe45 8b5e | 1445 85db | 0f85 3a0a | 0000 458b | 4610 4585 
  0x000001f013117bd0: c00f 85e3 

  0x000001f013117bd4: ;   {oop(""{0x00000000a078d988})}
  0x000001f013117bd4: 0a00 0049 | b888 d978 | a000 0000 | 0049 b900 | 000c 19f0 

  0x000001f013117be8: ;   {oop(a 'java/security/cert/Certificate'[0] {0x00000000a07bd5e8})}
  0x000001f013117be8: 0100 0049 | bae8 d57b | a000 0000 | 0044 8b5b | 2c45 85db | 0f84 7a1c | 0000 4c89 | 5424 684c 
  0x000001f013117c08: 8bd7 4c89 | 4c24 604c | 8944 2448 | 4889 5c24 | 2049 8bd3 | bf01 0000 | 004d 8bc2 | 4c8b 4c24 
  0x000001f013117c28: 6866 6690 

  0x000001f013117c2c: ;   {optimized virtual_call}
  0x000001f013117c2c: c5f8 77e8 

  0x000001f013117c30: ; ImmutableOopMap {[32]=Oop [40]=Oop [48]=Oop [56]=Oop [72]=Oop [80]=Oop [104]=Oop }
                      ;*invokevirtual putVal {reexecute=0 rethrow=0 return_oop=1}
                      ; - java.util.concurrent.ConcurrentHashMap::putIfAbsent@4
                      ; - java.lang.ClassLoader::checkCerts@62
                      ; - java.lang.ClassLoader::preDefineClass@113
                      ; - java.lang.ClassLoader::defineClass@4
                      ; - java.security.SecureClassLoader::defineClass@12
  0x000001f013117c30: 8c1e 6d00 

  0x000001f013117c34: ;   {other}
  0x000001f013117c34: 0f1f 8400 | a40a 0002 | 4885 c074 | 3144 8b50 

  0x000001f013117c44: ;   {metadata('java/security/cert/Certificate'[])}
  0x000001f013117c44: 0841 81fa | c365 0020 | 0f85 ba28 | 0000 488b | d848 8b7c | 2468 448b | 570c 8b4b | 0c45 85d2 
  0x000001f013117c64: 0f87 3416 | 0000 85c9 | 0f87 6a1f | 0000 4c8b | 5424 5045 | 8b52 1041 | 8b6a 0c44 | 8b55 3845 
  0x000001f013117c84: 85d2 0f84 | 101c 0000 | 498b d24c | 8bc5 6690 

  0x000001f013117c94: ;   {optimized virtual_call}
  0x000001f013117c94: c5f8 77e8 

  0x000001f013117c98: ; ImmutableOopMap {[40]=Oop [48]=Oop [56]=Oop [72]=Oop [80]=Oop }
                      ;*invokevirtual toExternalForm {reexecute=0 rethrow=0 return_oop=1}
                      ; - java.net.URL::toExternalForm@5
                      ; - java.net.URL::toString@1
                      ; - java.lang.ClassLoader::defineClassSourceLocation@22
                      ; - java.lang.ClassLoader::defineClass@12
                      ; - java.security.SecureClassLoader::defineClass@12
  0x000001f013117c98: 04b8 d5fd 

  0x000001f013117c9c: ;   {other}
  0x000001f013117c9c: 0f1f 8400 | 0c0b 0003 | 488b 5424 | 284c 8b44 | 2430 4c8b | 4c24 388b | 7c24 408b | 7424 4448 
  0x000001f013117cbc: 8b4c 2450 | 4889 0424 

  0x000001f013117cc4: ;   {static_call}
  0x000001f013117cc4: c5f8 77e8 

  0x000001f013117cc8: ; ImmutableOopMap {[40]=Oop [72]=Oop [80]=Oop }
                      ;*invokestatic defineClass1 {reexecute=0 rethrow=0 return_oop=1}
                      ; - java.lang.ClassLoader::defineClass@27
                      ; - java.security.SecureClassLoader::defineClass@12
  0x000001f013117cc8: 8c37 e0fd 

  0x000001f013117ccc: ;   {other}
  0x000001f013117ccc: 0f1f 8400 | 3c0b 0004 | 4889 4424 | 2044 8b50 | 3c45 85d2 | 7408 498b | dae9 2903 | 0000 4c8b 
  0x000001f013117cec: 5010 458b | 5a08 4585 | db0f 8cb9 | 1c00 0044 | 8b50 2c45 | 85d2 0f84 | 1208 0000 | 4d8b c241 
  0x000001f013117d0c: 8b58 148b | 4b0c 450f | be48 10c4 | 6232 f7d9 | 458d 53ff | 4585 c90f | 859b 2000 | 004c 8bcb 
  0x000001f013117d2c: 4c89 8c24 | 9000 0000 | 448d 49ff | 453b ca45 | 0f4f ca45 | 85c9 7c33 | 0f1f 8400 | 0000 0000 
  0x000001f013117d4c: 6666 6690 | 443b c90f | 83ef 1a00 | 0042 807c | 0b10 2e74 | 1c49 8bbf | 5804 0000 | 41ff c94c 
  0x000001f013117d6c: ; ImmutableOopMap {r10=Oop r8=Oop rbx=NarrowOop [32]=Oop [40]=Oop [72]=Oop [80]=Oop [144]=Oop }
                      ;*goto {reexecute=1 rethrow=0 return_oop=0}
                      ; - (reexecute) java.lang.StringLatin1::lastIndexOf@35
                      ; - java.lang.String::lastIndexOf@13
                      ; - java.lang.String::lastIndexOf@8
                      ; - java.lang.Class::getPackageName@47
                      ; - java.lang.ClassLoader::postDefineClass@2
                      ; - java.lang.ClassLoader::defineClass@37
                      ; - java.security.SecureClassLoader::defineClass@12
  0x000001f013117d6c: 8b54 2420 

  0x000001f013117d70: ;   {poll}
  0x000001f013117d70: 8507 4585 | c97d d941 | b9ff ffff | ff41 83f9 | ff0f 8442 | 0200 0045 | 85c9 0f8c | 9420 0000 
  0x000001f013117d90: 453b cb0f | 8f03 2100 | 0045 3bcb | 0f84 b207 | 0000 4585 | c90f 8438 | 0d00 0049 | 8bb7 b801 
  0x000001f013117db0: 0000 4c8b | d649 83c2 | 184d 3b97 | c801 0000 | 0f83 ca17 | 0000 4d89 | 97b8 0100 | 0041 0f0d 
  0x000001f013117dd0: 8ac0 0000 | 0048 c706 | 0100 0000 

  0x000001f013117ddc: ;   {metadata('java/lang/String')}
  0x000001f013117ddc: c746 0812 | 8400 2044 | 8966 0c4c | 8966 104c | 8d53 1044 | 3bc9 0f85 | 9e00 0000 | 4c63 c981 
  0x000001f013117dfc: f900 0010 | 000f 87ee | 1900 0049 | 8bbf b801 | 0000 4d8d | 5917 4983 | e3f8 4c8b | c74d 03c3 
  0x000001f013117e1c: 4d3b 87c8 | 0100 000f | 83cc 1900 | 004d 8987 | b801 0000 | 410f 0d88 | c000 0000 | 48c7 0701 
  0x000001f013117e3c: 0000 0041 | 0f0d 8800 

  0x000001f013117e44: ;   {metadata({type array byte})}
  0x000001f013117e44: 0100 00c7 | 4708 5981 | 0020 894f | 0c41 0f0d | 8840 0100 | 0041 0f0d | 8880 0100 | 0048 8bd7 
  0x000001f013117e64: 4883 c210 | 4983 c107 | 49c1 e903 | 498b ca4d | 8bc1 c5f8 | 7749 bae0 | 9da6 10f0 | 0100 0041 
  0x000001f013117e84: ;   {other}
  0x000001f013117e84: ffd2 0f1f | 8400 0000 | 0000 488b | dfe9 d700 | 0000 4181 | f900 0010 | 000f 877a | 1e00 004d 
  0x000001f013117ea4: 63d9 413b | c98b e941 | 0f4f e93b | cd0f 82da | 1e00 0044 | 3bcd 0f82 | d11e 0000 | 4983 c317 
  0x000001f013117ec4: 498b fb48 | 83e7 f841 | 81f9 0000 | 1000 0f87 | 9c18 0000 | 498b 9fb8 | 0100 004c | 8bc3 4c03 
  0x000001f013117ee4: c74d 3b87 | c801 0000 | 0f83 8218 | 0000 4d89 | 87b8 0100 | 0041 0f0d | 88c0 0000 | 0048 c703 
  0x000001f013117f04: 0100 0000 | 410f 0d88 | 0001 0000 

  0x000001f013117f10: ;   {metadata({type array byte})}
  0x000001f013117f10: c743 0859 | 8100 2044 | 894b 0c41 | 0f0d 8840 | 0100 0041 | 0f0d 8880 | 0100 0048 | 8bd3 4883 
  0x000001f013117f30: c210 49c1 | eb03 85ed | 0f84 e71d | 0000 413b | e90f 8cb5 | 1200 0048 | 83c7 f048 | c1ef 0349 
  0x000001f013117f50: 8bca 4c8b | c7c5 f877 | 49ba e09d | a610 f001 | 0000 41ff 

  0x000001f013117f64: ;   {other}
  0x000001f013117f64: d20f 1f84 | 0000 0000 | 0041 807f | 4000 0f85 | b00d 0000 | 4c8b d64c | 8bc3 4489 | 4614 4c8b 
  0x000001f013117f84: db4d 33da | 49c1 eb14 | 4d85 db74 | 1a49 c1ea | 0948 b900 | 000c 19f0 | 0100 0049 | 03ca 8039 
  0x000001f013117fa4: 020f 85b0 | 0d00 0044 | 8866 1048 | 8bd6 6690 

  0x000001f013117fb4: ;   {optimized virtual_call}
  0x000001f013117fb4: c5f8 77e8 

  0x000001f013117fb8: ; ImmutableOopMap {[32]=Oop [40]=Oop [80]=Oop }
                      ;*invokevirtual intern {reexecute=0 rethrow=0 return_oop=1}
                      ; - java.lang.Class::getPackageName@65
                      ; - java.lang.ClassLoader::postDefineClass@2
                      ; - java.lang.ClassLoader::defineClass@37
                      ; - java.security.SecureClassLoader::defineClass@12
  0x000001f013117fb8: 9cf0 c1fd 

  0x000001f013117fbc: ;   {other}
  0x000001f013117fbc: 0f1f 8400 | 2c0e 0006 | 4889 4424 | 4841 807f | 4000 0f85 | 910b 0000 | 488b 5c24 | 484c 8bdb 
  0x000001f013117fdc: 4c8b 5424 | 2045 895a | 3c4c 8bdb | 4d33 da49 | c1eb 144d | 85db 741f | 4885 db74 | 1a49 c1ea 
  0x000001f013117ffc: 0948 b900 | 000c 19f0 | 0100 0049 | 03ca 8039 | 020f 858a | 0b00 004c | 8b6c 2428 | 458b 5d38 
  0x000001f01311801c: 4585 db0f | 848f 1800 | 004c 8bf3 

  0x000001f013118028: ; implicit exception: dispatches to 0x000001f01311a62c
  0x000001f013118028: 8b43 0c4c | 8b54 2420 | 458b 4230 | 85c0 7564 | 440f b653 | 1145 85d2 | 0f85 5112 | 0000 448b 
  0x000001f013118048: 5314 498b | eb49 8bd2 | 807b 1000 | 0f85 e50a | 0000 4489 | 4424 3c44 | 895c 2438 | 4889 5c24 
  0x000001f013118068: 3066 6690 

  0x000001f01311806c: ;   {static_call}
  0x000001f01311806c: c5f8 77e8 

  0x000001f013118070: ; ImmutableOopMap {rbp=Oop [32]=Oop [40]=Oop [48]=Oop [56]=NarrowOop [60]=NarrowOop [80]=Oop }
                      ;*invokestatic hashCode {reexecute=0 rethrow=0 return_oop=0}
                      ; - java.lang.String::hashCode@27
                      ; - java.util.concurrent.ConcurrentHashMap::get@1
                      ; - java.lang.ClassLoader::getNamedPackage@5
                      ; - java.lang.ClassLoader::postDefineClass@9
                      ; - java.lang.ClassLoader::defineClass@37
                      ; - java.security.SecureClassLoader::defineClass@12
  0x000001f013118070: 4c06 8dfe 

  0x000001f013118074: ;   {other}
  0x000001f013118074: 0f1f 8400 | e40e 0007 | 85c0 0f84 | 5811 0000 | 4c8b 7424 | 3041 8946 | 0c4c 8b6c | 2428 448b 
  0x000001f013118094: 5c24 3844 | 8b44 243c | 418b 4b28 | 85c9 0f84 | ad02 0000 | 448b 510c | 4585 d20f | 869b 1a00 
  0x000001f0131180b4: 0044 8bd8 | 41c1 eb10 | 4433 d841 | ffca 4181 | e3ff ffff | 7f45 23d3 | 4d63 d246 | 8b4c 9110 
  0x000001f0131180d4: 4585 c90f | 8478 0200 | 0041 8b69 | 0c41 3beb | 7442 85ed | 0f8d 5901 | 0000 ba45 | ffff ff4c 
  0x000001f0131180f4: 8b54 2450 | 4c89 5424 | 384c 896c | 2440 4489 | 4424 504c | 8974 2458 | 4489 4c24 | 5444 895c 
  0x000001f013118114: 2460 6690 

  0x000001f013118118: ;   {runtime_call UncommonTrapBlob}
  0x000001f013118118: c5f8 77e8 

  0x000001f01311811c: ; ImmutableOopMap {[32]=Oop [56]=Oop [64]=Oop [80]=NarrowOop [84]=NarrowOop [88]=Oop }
                      ;*ifge {reexecute=1 rethrow=0 return_oop=0}
                      ; - (reexecute) java.util.concurrent.ConcurrentHashMap::get@86
                      ; - java.lang.ClassLoader::getNamedPackage@5
                      ; - java.lang.ClassLoader::postDefineClass@9
                      ; - java.lang.ClassLoader::defineClass@37
                      ; - java.security.SecureClassLoader::defineClass@12
  0x000001f01311811c: e0c1 96fd 

  0x000001f013118120: ;   {other}
  0x000001f013118120: 0f1f 8400 | 900f 0008 | 418b 6910 | 4c8b d54d | 3bd6 0f84 | 1502 0000 

  0x000001f013118138: ; implicit exception: dispatches to 0x000001f01311a7e0
  0x000001f013118138: 8b4d 0848 | 8bdd 4c3b | f30f 8406 

  0x000001f013118144: ;   {metadata('java/lang/String')}
  0x000001f013118144: 0200 0081 | f912 8400 | 200f 85f4 | 0000 0045 | 0fbe 5610 | 0fbe 6b10 | 443b d50f | 8597 1d00 
  0x000001f013118164: 008b 5b14 | 458b 5614 | 8b53 0c41 | 8b4a 0c3b | ca0f 85cc | 0000 0048 | 8bfb 488d | 7310 498b 
  0x000001f013118184: da49 8d7a | 1085 c90f | 849d 0000 | 008b c183 | e01f 83e1 | e00f 844b | 0000 0048 | 8d3c 0f48 
  0x000001f0131181a4: 8d34 0e48 | f7d9 c5fe | 6f04 0fc5 | fe6f 0c0e | c5fd efc1 | c4e2 7d17 | c00f 8572 | 0000 0048 
  0x000001f0131181c4: 83c1 2075 | e185 c00f | 845d 0000 | 00c5 fe6f | 4407 e0c5 | fe6f 4c06 | e0c5 fdef | c1c4 e27d 
  0x000001f0131181e4: 17c0 754d | eb44 8bc8 | 83e1 fc74 | 1948 8d3c | 0f48 8d34 | 0e48 f7d9 | 8b1c 0f3b | 1c0e 7531 
  0x000001f013118204: 4883 c104 | 75f2 a802 | 7412 0fb7 | 1f0f b70e | 3bd9 751d | 488d 7f02 | 488d 7602 | a801 740a 
  0x000001f013118224: 0fb6 1f0f | b60e 3bd9 | 7507 b801 | 0000 00eb | 0233 c0c5 | fdef c0c5 | f5ef c985 | c00f 8506 
  0x000001f013118244: ;   {no_reloc}
  0x000001f013118244: 0100 004d | 8bd1 458b | 5218 4585 | d20f 84fe | 0000 0049 | 8bda 8b4b | 0c49 8bbf 

  0x000001f013118260: ; ImmutableOopMap {r8=NarrowOop rbx=Oop r13=Oop r14=Oop [32]=Oop [80]=Oop }
                      ;*if_icmpne {reexecute=1 rethrow=0 return_oop=0}
                      ; - (reexecute) java.util.concurrent.ConcurrentHashMap::get@127
                      ; - java.lang.ClassLoader::getNamedPackage@5
                      ; - java.lang.ClassLoader::postDefineClass@9
                      ; - java.lang.ClassLoader::defineClass@37
                      ; - java.security.SecureClassLoader::defineClass@12
  0x000001f013118260: 5804 0000 

  0x000001f013118264: ;   {poll}
  0x000001f013118264: 8507 413b | cb74 1244 | 8b53 1845 | 85d2 0f84 | dd00 0000 | 498b daeb | dd8b 6b10 | 4c8b d54d 
  0x000001f013118284: 3bd6 745c | 85ed 0f84 | b81d 0000 | 4889 5c24 | 4044 895c | 243c 4489 | 4424 384c | 896c 2428 
  0x000001f0131182a4: 4c8b c549 | 8bd6 498b | ee66 6690 

  0x000001f0131182b0: ;   {optimized virtual_call}
  0x000001f0131182b0: c5f8 77e8 

  0x000001f0131182b4: ; ImmutableOopMap {rbp=Oop [32]=Oop [40]=Oop [56]=NarrowOop [64]=Oop [80]=Oop }
                      ;*invokevirtual equals {reexecute=0 rethrow=0 return_oop=0}
                      ; - java.util.concurrent.ConcurrentHashMap::get@149
                      ; - java.lang.ClassLoader::getNamedPackage@5
                      ; - java.lang.ClassLoader::postDefineClass@9
                      ; - java.lang.ClassLoader::defineClass@37
                      ; - java.security.SecureClassLoader::defineClass@12
  0x000001f0131182b4: 0858 70fe 

  0x000001f0131182b8: ;   {other}
  0x000001f0131182b8: 0f1f 8400 | 2811 000a | 4d8b 9758 

  0x000001f0131182c4: ; ImmutableOopMap {rbp=Oop [32]=Oop [40]=Oop [56]=NarrowOop [64]=Oop [80]=Oop }
                      ;*ifeq {reexecute=1 rethrow=0 return_oop=0}
                      ; - (reexecute) java.util.concurrent.ConcurrentHashMap::get@152
                      ; - java.lang.ClassLoader::getNamedPackage@5
                      ; - java.lang.ClassLoader::postDefineClass@9
                      ; - java.lang.ClassLoader::defineClass@37
                      ; - java.security.SecureClassLoader::defineClass@12
                      ;   {poll}
  0x000001f0131182c4: 0400 0041 | 8502 85c0 | 0f84 750b | 0000 4c8b | 6c24 284c | 8bf5 448b | 4424 3848 | 8b5c 2440 
  0x000001f0131182e4: 8b6b 1485 | ed74 6a44 | 8b55 084d | 33db 4f8d | 1cd3 4d8b 

  0x000001f0131182f8: ;   {metadata('java/lang/NamedPackage')}
  0x000001f0131182f8: 5338 49bb | a897 0900 | 0100 0000 | 4d3b d30f | 8567 1900 | 004c 8b54 | 2450 458b | 5a10 418b 
  0x000001f013118318: 4b14 85c9 | 0f85 410b | 0000 458b | 5310 4585 | d20f 85db | 0b00 0048 | 8b44 2420 | c5f8 7748 
  0x000001f013118338: 81c4 c000 

  0x000001f01311833c: ;   {poll_return}
  0x000001f01311833c: 0000 5d49 | 3ba7 5004 | 0000 0f87 | 5627 0000 | c341 8b69 | 1485 ed75 | 9649 8b87 | b801 0000 
  0x000001f01311835c: 4c8b d049 | 83c2 184d | 3b97 c801 | 0000 0f83 | d211 0000 | 4d89 97b8 | 0100 0041 | 0f0d 8ac0 
  0x000001f01311837c: 0000 0048 | c700 0100 

  0x000001f013118384: ;   {metadata('java/lang/NamedPackage')}
  0x000001f013118384: 0000 c740 | 08f5 3201 | 2044 8960 | 0c4c 8960 | 1045 8b5e | 1445 8b53 | 0c45 85d2 | 0f86 f70d 
  0x000001f0131183a4: 0000 4c89 | 6c24 284c | 8974 2430 | 4889 4424 | 3849 8be8 | 4489 4424 | 4048 8b54 | 2430 6690 
  0x000001f0131183c4: ;   {optimized virtual_call}
  0x000001f0131183c4: c5f8 77e8 

  0x000001f0131183c8: ; ImmutableOopMap {rbp=Oop [32]=Oop [40]=Oop [48]=Oop [56]=Oop [64]=NarrowOop [80]=Oop }
                      ;*invokevirtual intern {reexecute=0 rethrow=0 return_oop=1}
                      ; - java.lang.NamedPackage::<init>@47
                      ; - java.lang.ClassLoader::getNamedPackage@22
                      ; - java.lang.ClassLoader::postDefineClass@9
                      ; - java.lang.ClassLoader::defineClass@37
                      ; - java.security.SecureClassLoader::defineClass@12
  0x000001f0131183c8: b466 96fd 

  0x000001f0131183cc: ;   {other}
  0x000001f0131183cc: 0f1f 8400 | 3c12 000c | 488b d841 | 807f 4000 | 0f85 0c08 | 0000 488b | 7424 384c | 8bdb 4489 
  0x000001f0131183ec: 5e0c 4c8b | d64c 8bdb | 4d33 da49 | c1eb 144d | 85db 741f | 4885 db74 | 1a49 c1ea | 0948 b900 
  0x000001f01311840c: 000c 19f0 | 0100 0049 | 03ca 8039 | 020f 8544 | 0800 0041 | 807f 4000 | 0f85 fc07 | 0000 8b7c 
  0x000001f01311842c: 2440 897e | 104c 8bd5 | 4c8b de4d | 33d3 49c1 | ea14 4d85 | d274 1e85 | ff74 1a49 | c1eb 0948 
  0x000001f01311844c: b900 000c | 19f0 0100 | 0049 03cb | 8039 020f | 8553 0800 | 004c 8b54 | 2428 458b | 5a38 4585 
  0x000001f01311846c: db0f 8425 | 1500 0048 | 8974 2440 | 897c 2438 | 498b d34c | 8b44 2430 | 4c8b ce90 

  0x000001f013118488: ;   {optimized virtual_call}
  0x000001f013118488: c5f8 77e8 

  0x000001f01311848c: ; ImmutableOopMap {[32]=Oop [40]=Oop [56]=NarrowOop [64]=Oop [80]=Oop }
                      ;*invokevirtual putIfAbsent {reexecute=0 rethrow=0 return_oop=1}
                      ; - java.lang.ClassLoader::getNamedPackage@32
                      ; - java.lang.ClassLoader::postDefineClass@9
                      ; - java.lang.ClassLoader::defineClass@37
                      ; - java.security.SecureClassLoader::defineClass@12
  0x000001f01311848c: f065 96fd 

  0x000001f013118490: ;   {other}
  0x000001f013118490: 0f1f 8400 | 0013 000d | 4885 c00f | 84b8 0700 | 0044 8b58 | 084d 33d2 | 4f8d 14da | 4d8b 5238 
  0x000001f0131184b0: ;   {metadata('java/lang/NamedPackage')}
  0x000001f0131184b0: 49bb a897 | 0900 0100 | 0000 4d3b | d30f 850d | 1500 0048 | 8be8 ba54 | ffff ff90 

  0x000001f0131184cc: ;   {runtime_call UncommonTrapBlob}
  0x000001f0131184cc: c5f8 77e8 

  0x000001f0131184d0: ; ImmutableOopMap {rbp=Oop [32]=Oop [40]=Oop [56]=NarrowOop [64]=Oop [80]=Oop }
                      ;*ifnull {reexecute=1 rethrow=0 return_oop=0}
                      ; - (reexecute) java.lang.ClassLoader::getNamedPackage@42
                      ; - java.lang.ClassLoader::postDefineClass@9
                      ; - java.lang.ClassLoader::defineClass@37
                      ; - java.security.SecureClassLoader::defineClass@12
  0x000001f0131184d0: 2cbe 96fd 

  0x000001f0131184d4: ;   {other}
  0x000001f0131184d4: 0f1f 8400 | 4413 000e | 4180 7911 | 610f 8545 | f4ff ff41 | 8079 1276 | 0f85 3af4 | ffff 4180 
  0x000001f0131184f4: 7913 610f | 852f f4ff | ff41 0fbe | 7914 83ff | 2e0f 8521 | f4ff ffe9 | b800 0000 | 488b 7424 
  0x000001f013118514: 30e9 a0f6 | ffff 488b | d066 6690 

  0x000001f013118520: ;   {optimized virtual_call}
  0x000001f013118520: c5f8 77e8 

  0x000001f013118524: ; ImmutableOopMap {[32]=Oop [40]=Oop [72]=Oop [80]=Oop }
                      ;*invokevirtual initClassName {reexecute=0 rethrow=0 return_oop=1}
                      ; - java.lang.Class::getName@14
                      ; - java.lang.Class::getPackageName@40
                      ; - java.lang.ClassLoader::postDefineClass@2
                      ; - java.lang.ClassLoader::defineClass@37
                      ; - java.security.SecureClassLoader::defineClass@12
  0x000001f013118524: b077 d4fd 

  0x000001f013118528: ;   {other}
  0x000001f013118528: 0f1f 8400 | 9813 000f | 4c8b c048 | 85c0 0f85 | cff7 ffff | baf6 ffff | ff66 6690 

  0x000001f013118544: ;   {runtime_call UncommonTrapBlob}
  0x000001f013118544: c5f8 77e8 

  0x000001f013118548: ; ImmutableOopMap {}
                      ;*invokevirtual lastIndexOf {reexecute=0 rethrow=0 return_oop=0}
                      ; - java.lang.Class::getPackageName@47
                      ; - java.lang.ClassLoader::postDefineClass@2
                      ; - java.lang.ClassLoader::defineClass@37
                      ; - java.security.SecureClassLoader::defineClass@12
  0x000001f013118548: b4bd 96fd 

  0x000001f01311854c: ;   {other}
  0x000001f01311854c: 0f1f 8400 | bc13 0010 | 498b f0e9 | 53fa ffff 

  0x000001f01311855c: ;   {oop(""{0x00000000a078d988})}
  0x000001f01311855c: 48bf 88d9 | 78a0 0000 | 0000 e952 | f6ff ffbb | ffff ffff | e93e f3ff 

  0x000001f013118574: ;   {oop(""{0x00000000a078d988})}
  0x000001f013118574: ff48 be88 | d978 a000 | 0000 00e9 | 36f6 ffff | 0fb7 3a83 | ff6a 0f85 | 9cf3 ffff | 410f b779 
  0x000001f013118594: 1283 ff61 | 0f85 8ef3 | ffff 410f | b779 1483 | ff76 0f85 | 80f3 ffff | 410f b779 | 1683 ff61 
  0x000001f0131185b4: 0f85 72f3 | ffff 410f | b779 1883 | ff2e 0f85 | 64f3 ffff 

  0x000001f0131185c8: ;   {oop(a 'jdk/internal/loader/ClassLoaders$PlatformClassLoader'{0x00000000a0794b10})}
  0x000001f0131185c8: 48bb 104b | 79a0 0000 | 0000 488b | 7c24 2848 | 3bfb 0f84 | 51f3 ffff | ba37 0100 | 0048 8bef 
  0x000001f0131185e8: 4c8b 5424 | 384c 8954 | 2428 6690 

  0x000001f0131185f4: ;   {runtime_call UncommonTrapBlob}
  0x000001f0131185f4: c5f8 77e8 

  0x000001f0131185f8: ; ImmutableOopMap {rbp=Oop [40]=Oop [48]=Oop }
                      ;*new {reexecute=0 rethrow=0 return_oop=0}
                      ; - java.lang.ClassLoader::preDefineClass@56
                      ; - java.lang.ClassLoader::defineClass@4
                      ; - java.security.SecureClassLoader::defineClass@12
  0x000001f0131185f8: 04bd 96fd 

  0x000001f0131185fc: ;   {other}
  0x000001f0131185fc: 0f1f 8400 | 6c14 0011 | 458b 530c | 418b 4b08 | 4d63 c249 | 8beb 49c1 | e002 4181 | fa00 0004 
  0x000001f01311861c: 000f 87b1 | 1900 0049 | 8bb7 b801 | 0000 4d8d | 4817 4983 | e1f8 488b | d649 03d1 | 493b 97c8 
  0x000001f01311863c: 0100 000f | 838f 1900 | 0049 8997 | b801 0000 | 0f0d 8ac0 | 0000 0048 | c706 0100 | 0000 894e 
  0x000001f01311865c: 0844 8956 | 0c0f 0d8a | 0001 0000 | 0f0d 8a40 | 0100 000f | 0d8a 8001 | 0000 498d | 4b10 488b 
  0x000001f01311867c: d648 83c2 | 1049 83c0 | 0749 c1e8 | 03c5 f877 | 49ba e09d | a610 f001 | 0000 41ff 

  0x000001f013118698: ;   {other}
  0x000001f013118698: d20f 1f84 | 0000 0000 

  0x000001f0131186a0: ;   {oop(""{0x00000000a078d988})}
  0x000001f0131186a0: 0049 b888 | d978 a000 | 0000 0049 | b900 000c | 19f0 0100 | 00e9 9203 | 0000 498b | 87b8 0100 
  0x000001f0131186c0: 004c 8bd0 | 4983 c218 | 498b ce4d | 3b97 c801 | 0000 0f83 | f419 0000 | 4d89 97b8 | 0100 0041 
  0x000001f0131186e0: 0f0d 8ac0 | 0000 0048 | c700 0100 

  0x000001f0131186ec: ;   {metadata('java/util/ArrayList')}
  0x000001f0131186ec: 0000 c740 | 08c2 af00 | 2044 8960 | 0c44 8960 

  0x000001f0131186fc: ;   {oop(a 'java/lang/Object'[0] {0x00000000a07f57a8})}
  0x000001f0131186fc: 10c7 4014 | a857 7fa0 | 4c8b c845 | 8b50 0c45 | 85d2 7619 

  0x000001f013118710: ;   {oop(""{0x00000000a078d988})}
  0x000001f013118710: 48ba 88d9 | 78a0 0000 | 0000 48be | 0000 0c19 | f001 0000 | 4533 dbeb 

  0x000001f013118728: ;   {oop(""{0x00000000a078d988})}
  0x000001f013118728: 6449 ba88 | d978 a000 | 0000 0049 | bb00 000c | 19f0 0100 | 00e9 2a01 | 0000 6666 | 0f1f 8400 
  0x000001f013118748: 0000 0000 | 6666 6690 | 4889 6c24 | 284c 8b54 | 2420 4c89 | 5424 304c | 8b54 2448 | 4c89 5424 
  0x000001f013118768: 5048 8b5c | 2460 488b | 5424 6848 | 8b74 2470 | 488b 7c24 | 7848 8b8c | 2480 0000 | 004c 8b8c 
  0x000001f013118788: 2488 0000 | 0045 8b50 | 0c45 3bda | 0f83 e71a | 0000 478b | 4498 1045 | 8b50 1045 | 8b42 1044 
  0x000001f0131187a8: 899c 2490 | 0000 004c | 898c 2488 | 0000 0048 | 898c 2480 | 0000 0048 | 897c 2478 | 4889 7424 
  0x000001f0131187c8: 7048 8954 | 2468 4489 | 7424 5c48 | 895c 2460 | 4c8b 5424 | 504c 8954 | 2448 4c8b | 5424 304c 
  0x000001f0131187e8: 8954 2420 | 488b 6c24 | 2849 8bd1 

  0x000001f0131187f4: ;   {optimized virtual_call}
  0x000001f0131187f4: c5f8 77e8 

  0x000001f0131187f8: ; ImmutableOopMap {rbp=Oop [32]=Oop [56]=Oop [72]=Oop [92]=NarrowOop [96]=Oop [104]=Oop [120]=Oop [128]=Oop [136]=Oop }
                      ;*invokevirtual addAll {reexecute=0 rethrow=0 return_oop=0}
                      ; - java.security.CodeSource::getCertificates@57
                      ; - java.lang.ClassLoader::checkCerts@34
                      ; - java.lang.ClassLoader::preDefineClass@113
                      ; - java.lang.ClassLoader::defineClass@4
                      ; - java.security.SecureClassLoader::defineClass@12
  0x000001f0131187f8: 8462 96fd 

  0x000001f0131187fc: ;   {other}
  0x000001f0131187fc: 0f1f 8400 | 6c16 0012 | 4d8b 9758 | 0400 0044 | 8b74 245c | 458b 4610 | 448b 9c24 | 9000 0000 
  0x000001f01311881c: ; ImmutableOopMap {r8=NarrowOop rbp=Oop r14=NarrowOop [32]=Oop [56]=Oop [72]=Oop [96]=Oop [104]=Oop [120]=Oop [128]=Oop [136]=Oop }
                      ;*goto {reexecute=1 rethrow=0 return_oop=0}
                      ; - (reexecute) java.security.CodeSource::getCertificates@64
                      ; - java.lang.ClassLoader::checkCerts@34
                      ; - java.lang.ClassLoader::preDefineClass@113
                      ; - java.lang.ClassLoader::defineClass@4
                      ; - java.security.SecureClassLoader::defineClass@12
                      ;   {poll}
  0x000001f01311881c: 41ff c341 | 8502 458b | 500c 453b | da0f 8c21 | ffff ff48 | 896c 2428 | 4c8b 5424 | 204c 8954 
  0x000001f01311883c: 2430 4c8b | 5424 484c | 8954 2450 | 488b 5c24 | 604c 8b54 | 2468 4c8b | 5c24 7048 | 8b7c 2478 
  0x000001f01311885c: 488b 8c24 | 8000 0000 | 4c8b 8c24 | 8800 0000 | 498b 87b8 | 0100 004c | 8bc0 4983 | c010 4d3b 
  0x000001f01311887c: 87c8 0100 | 000f 83c8 | 1800 004d | 8987 b801 | 0000 410f | 0d88 c000 | 0000 48c7 | 0001 0000 
  0x000001f01311889c: 0041 0f0d | 8800 0100 

  0x000001f0131188a4: ;   {metadata('java/security/cert/Certificate'[])}
  0x000001f0131188a4: 00c7 4008 | c365 0020 | 410f 0d88 | 4001 0000 | 4489 600c | 410f 0d88 | 8001 0000 | 488b 6c24 
  0x000001f0131188c4: 284c 8b44 | 2430 4c89 | 4424 204c | 8b44 2450 | 4c89 4424 | 4848 895c | 2460 4489 | 7424 5c4c 
  0x000001f0131188e4: 8954 2468 | 4c89 5c24 | 7048 897c | 2478 4889 | 8c24 8000 | 0000 4c89 | 8c24 8800 | 0000 4c8b 
  0x000001f013118904: c048 8b94 | 2488 0000 | 0066 6690 

  0x000001f013118910: ;   {optimized virtual_call}
  0x000001f013118910: c5f8 77e8 

  0x000001f013118914: ; ImmutableOopMap {rbp=Oop [32]=Oop [56]=Oop [72]=Oop [92]=NarrowOop [96]=Oop [104]=Oop [120]=Oop [128]=Oop }
                      ;*invokevirtual toArray {reexecute=0 rethrow=0 return_oop=1}
                      ; - java.security.CodeSource::getCertificates@73
                      ; - java.lang.ClassLoader::checkCerts@34
                      ; - java.lang.ClassLoader::preDefineClass@113
                      ; - java.lang.ClassLoader::defineClass@4
                      ; - java.security.SecureClassLoader::defineClass@12
  0x000001f013118914: 6861 96fd 

  0x000001f013118918: ;   {other}
  0x000001f013118918: 0f1f 8400 | 8817 0014 | 488b d844 

  0x000001f013118924: ;   {metadata('java/security/cert/Certificate'[])}
  0x000001f013118924: 8b50 0841 | 81fa c365 | 0020 0f85 | 041c 0000 | 4180 7f40 | 000f 854d | 1300 008b | 7c24 5c4c 
  0x000001f013118944: 8b94 2480 | 0000 004d | 8bda 4c8b | d344 8957 | 144c 8bd3 | 4d33 d349 | c1ea 144d | 85d2 741a 
  0x000001f013118964: 49c1 eb09 | 48b9 0000 | 0c19 f001 | 0000 4903 | cb80 3902 | 0f85 4513 | 0000 448b | 430c 448b 
  0x000001f013118984: 5b08 4d63 | d049 c1e2 | 0241 81f8 | 0000 0400 | 0f87 1b18 | 0000 498b | b7b8 0100 | 004d 8d4a 
  0x000001f0131189a4: 1749 83e1 | f848 8bce | 4903 c949 | 3b8f c801 | 0000 0f83 | f917 0000 | 4989 8fb8 | 0100 000f 
  0x000001f0131189c4: 0d89 c000 | 0000 48c7 | 0601 0000 | 0044 895e | 0844 8946 | 0c0f 0d89 | 0001 0000 | 0f0d 8940 
  0x000001f0131189e4: 0100 000f | 0d89 8001 | 0000 488b | cb48 83c1 | 1048 8bd6 | 4883 c210 | 4983 c207 | 49c1 ea03 
  0x000001f013118a04: 4d8b c2c5 | f877 49ba | e09d a610 | f001 0000 

  0x000001f013118a14: ;   {other}
  0x000001f013118a14: 41ff d20f | 1f84 0000 | 0000 0048 | 896c 2428 | 4c8b 5424 | 204c 8954 | 2430 4c8b | 5424 484c 
  0x000001f013118a34: 8954 2450 | 488b 5c24 | 604c 8b44 | 2468 4c8b | 4c24 7048 | 8b7c 2478 | 4c8b d6e9 | a1f1 ffff 
  0x000001f013118a54: 33ff 897c | 2458 e923 | efff ff44 | 8b56 1445 | 85d2 0f84 | 17f1 ffff | 4d8b 5f28 | 498b ca4d 
  0x000001f013118a74: 85db 0f84 | d811 0000 | 4d8b 5738 | 4b89 4c1a | f849 83c3 | f84d 895f | 28e9 f1f0 | ffff 4d8b 
  0x000001f013118a94: 5748 4d8b | 5f58 f083 | 4424 c000 | 8039 000f | 840d f1ff | ff44 8821 | 4d85 d275 | 2049 8bd7 
  0x000001f013118ab4: c5f8 7749 | bae0 29a2 | ceff 7f00 | 0041 ffd2 

  0x000001f013118ac4: ;   {other}
  0x000001f013118ac4: 0f1f 8400 | 0000 0000 | e9e5 f0ff | ff4b 894c | 13f8 4983 | c2f8 4d89 | 5748 e9d3 

  0x000001f013118ae0: ;   {oop(""{0x00000000a078d988})}
  0x000001f013118ae0: f0ff ff48 | be88 d978 | a000 0000 | 00e9 bdf4 | ffff 488b | 5424 3090 

  0x000001f013118af8: ;   {optimized virtual_call}
  0x000001f013118af8: c5f8 77e8 

  0x000001f013118afc: ; ImmutableOopMap {rbp=NarrowOop [40]=Oop [48]=Oop [56]=Oop [80]=Oop }
                      ;*invokevirtual length {reexecute=0 rethrow=0 return_oop=0}
                      ; - java.lang.String::indexOf@30
                      ; - java.lang.String::indexOf@3
                      ; - java.lang.ClassLoader::checkName@16
                      ; - java.lang.ClassLoader::preDefineClass@1
                      ; - java.lang.ClassLoader::defineClass@4
                      ; - java.security.SecureClassLoader::defineClass@12
  0x000001f013118afc: 805f 96fd 

  0x000001f013118b00: ;   {other}
  0x000001f013118b00: 0f1f 8400 | 7019 0015 | 488b d541 | b82f 0000 | 0045 33c9 | 8bf8 488b | 6c24 284c | 8b54 2430 
  0x000001f013118b20: 4c89 5424 | 2066 6690 

  0x000001f013118b28: ;   {static_call}
  0x000001f013118b28: c5f8 77e8 

  0x000001f013118b2c: ; ImmutableOopMap {rbp=Oop [32]=Oop [40]=Oop [48]=Oop [56]=Oop [80]=Oop }
                      ;*invokestatic indexOf {reexecute=0 rethrow=0 return_oop=0}
                      ; - java.lang.String::indexOf@33
                      ; - java.lang.String::indexOf@3
                      ; - java.lang.ClassLoader::checkName@16
                      ; - java.lang.ClassLoader::preDefineClass@1
                      ; - java.lang.ClassLoader::defineClass@4
                      ; - java.security.SecureClassLoader::defineClass@12
  0x000001f013118b2c: 5065 96fd 

  0x000001f013118b30: ;   {other}
  0x000001f013118b30: 0f1f 8400 | a019 0016 | 8bd8 e974 | edff ff44 | 8944 243c | 4489 5c24 | 3848 895c | 2430 6690 
  0x000001f013118b50: ;   {static_call}
  0x000001f013118b50: c5f8 77e8 

  0x000001f013118b54: ; ImmutableOopMap {rbp=Oop [32]=Oop [40]=Oop [48]=Oop [56]=NarrowOop [60]=NarrowOop [80]=Oop }
                      ;*invokestatic hashCode {reexecute=0 rethrow=0 return_oop=0}
                      ; - java.lang.String::hashCode@37
                      ; - java.util.concurrent.ConcurrentHashMap::get@1
                      ; - java.lang.ClassLoader::getNamedPackage@5
                      ; - java.lang.ClassLoader::postDefineClass@9
                      ; - java.lang.ClassLoader::defineClass@37
                      ; - java.security.SecureClassLoader::defineClass@12
  0x000001f013118b54: 2865 96fd 

  0x000001f013118b58: ;   {other}
  0x000001f013118b58: 0f1f 8400 | c819 0017 | e917 f5ff | ff4c 8b54 | 2420 458b | 523c 4585 | d20f 845d | f4ff ff4d 
  0x000001f013118b78: 8b5f 2849 | 8bca 4d85 | db0f 847d | 1200 004d | 8b57 384b | 894c 1af8 | 4983 c3f8 | 4d89 5f28 
  0x000001f013118b98: e937 f4ff | ff4d 8b57 | 584d 8b5f | 48f0 8344 | 24c0 0080 | 3900 0f84 | 5ff4 ffff | 4488 214d 
  0x000001f013118bb8: 85db 7520 | 498b d7c5 | f877 49ba | e029 a2ce | ff7f 0000 

  0x000001f013118bcc: ;   {other}
  0x000001f013118bcc: 41ff d20f | 1f84 0000 | 0000 00e9 | 37f4 ffff | 4b89 4c1a | f849 83c3 | f84d 895f | 48e9 25f4 
  0x000001f013118bec: ffff 488b | 7424 3844 | 8b56 0c45 | 85d2 0f84 | e7f7 ffff | 4d8b 5f28 | 498b ca4d | 85db 0f84 
  0x000001f013118c0c: 4c12 0000 | 4d8b 5738 | 4b89 4c1a | f849 83c3 | f84d 895f | 28e9 c1f7 | ffff 448b | 5e10 4585 
  0x000001f013118c2c: db0f 84f7 | f7ff ff4d | 8b57 2849 | 8bcb 4d85 | d20f 8439 | 1200 004d | 8b5f 384b | 894c 13f8 
  0x000001f013118c4c: 4983 c2f8 | 4d89 5728 | e9d1 f7ff | ff4c 8b6c | 2428 e9aa | f6ff ff4d | 8b57 584d | 8b5f 48f0 
  0x000001f013118c6c: 8344 24c0 | 0080 3900 | 0f84 a5f7 | ffff 4488 | 214d 85db | 7520 498b | d7c5 f877 | 49ba e029 
  0x000001f013118c8c: a2ce ff7f | 0000 41ff 

  0x000001f013118c94: ;   {other}
  0x000001f013118c94: d20f 1f84 | 0000 0000 | 00e9 7df7 | ffff 4b89 | 4c1a f849 | 83c3 f84d | 895f 48e9 | 6bf7 ffff 
  0x000001f013118cb4: 4d8b 5748 | 4d8b 5f58 | f083 4424 | c000 8039 | 000f 8496 | f7ff ff44 | 8821 4d85 | d275 2049 
  0x000001f013118cd4: 8bd7 c5f8 | 7749 bae0 | 29a2 ceff | 7f00 0041 

  0x000001f013118ce4: ;   {other}
  0x000001f013118ce4: ffd2 0f1f | 8400 0000 | 0000 e96e | f7ff ff4b | 894c 13f8 | 4983 c2f8 | 4d89 5748 | e95c f7ff 
  0x000001f013118d04: ff49 8bd3 | 4533 c048 | 8b6c 2428 

  0x000001f013118d10: ;   {static_call}
  0x000001f013118d10: c5f8 77e8 

  0x000001f013118d14: ; ImmutableOopMap {rbp=Oop [40]=Oop [48]=Oop [56]=Oop [80]=Oop }
                      ;*invokestatic charAt {reexecute=0 rethrow=0 return_oop=0}
                      ; - java.lang.String::charAt@21
                      ; - java.lang.ClassLoader::checkName@25
                      ; - java.lang.ClassLoader::preDefineClass@1
                      ; - java.lang.ClassLoader::defineClass@4
                      ; - java.security.SecureClassLoader::defineClass@12
  0x000001f013118d14: 6863 96fd 

  0x000001f013118d18: ;   {other}
  0x000001f013118d18: 0f1f 8400 | 881b 0018 | 448b d0e9 | b9eb ffff | 448b 5614 | 4585 d20f | 8443 f2ff | ff4d 8b5f 
  0x000001f013118d38: 2849 8bca | 4d85 db0f | 8497 1100 | 004d 8b57 | 384b 894c | 1af8 4983 | c3f8 4d89 | 5f28 e91d 
  0x000001f013118d58: f2ff ff4d | 8b57 484d | 8b5f 58f0 | 8344 24c0 | 0080 3900 | 0f84 39f2 | ffff 4488 | 214d 85d2 
  0x000001f013118d78: 7520 498b | d7c5 f877 | 49ba e029 | a2ce ff7f | 0000 41ff 

  0x000001f013118d8c: ;   {other}
  0x000001f013118d8c: d20f 1f84 | 0000 0000 | 00e9 11f2 | ffff 4b89 | 4c13 f849 | 83c2 f84d | 8957 48e9 | fff1 ffff 
  0x000001f013118dac: 4c63 c54d | 8d50 104d | 8bca 4983 | e1f8 498b | fd49 03f9 | 49c1 ea03 | 492b ca48 | 33c0 4883 
  0x000001f013118dcc: f908 7f10 | 48ff c978 | 4f48 8904 | cf48 ffc9 | 7df7 eb44 | c5fd efc0 | e90d 0000 | 00c5 fe7f 
  0x000001f013118dec: 07c5 fe7f | 4720 4883 | c740 4883 | e908 7ded | 4883 c104 | 7c0c c5fe | 7f07 4883 | c720 4883 
  0x000001f013118e0c: e904 4883 | c104 7e10 | 48ff c9c5 | f9d6 0748 | 83c7 0848 | ffc9 7df3 | 488b ca49 | 8bd3 c5f8 
  0x000001f013118e2c: 7749 ba40 | 97a6 10f0 | 0100 0041 

  0x000001f013118e38: ;   {other}
  0x000001f013118e38: ffd2 0f1f | 8400 0000 | 0000 e931 | edff ff4c | 8b6c 2428 | 4c8b f544 | 8b44 2438 | 448b 5c24 
  0x000001f013118e58: 3c4c 8b54 | 2440 e9e7 | f3ff ff8b | 790c 448b | 5908 488b | e94c 63c7 | 49c1 e002 | 81ff 0000 
  0x000001f013118e78: 0400 0f87 | 0012 0000 | 498b 87b8 | 0100 004d | 8d50 1749 | 83e2 f84c | 8bc8 4d03 | ca4d 3b8f 
  0x000001f013118e98: c801 0000 | 0f83 de11 | 0000 4d89 | 8fb8 0100 | 0041 0f0d | 89c0 0000 | 0048 c700 | 0100 0000 
  0x000001f013118eb8: 4489 5808 | 8978 0c41 | 0f0d 8900 | 0100 0041 | 0f0d 8940 | 0100 0041 | 0f0d 8980 | 0100 0048 
  0x000001f013118ed8: 8bd8 488d | 4910 488b | d348 83c2 | 1049 83c0 | 0749 c1e8 | 03c5 f877 | 49ba e09d | a610 f001 
  0x000001f013118ef8: 0000 41ff 

  0x000001f013118efc: ;   {other}
  0x000001f013118efc: d20f 1f84 | 0000 0000 | 00e9 7502 | 0000 498b | 87b8 0100 | 004c 8bc0 | 4983 c018 | 498b cb4d 
  0x000001f013118f1c: 3b87 c801 | 0000 0f83 | c212 0000 | 4d89 87b8 | 0100 0041 | 0f0d 88c0 | 0000 0048 | c700 0100 
  0x000001f013118f3c: ;   {metadata('java/util/ArrayList')}
  0x000001f013118f3c: 0000 c740 | 08c2 af00 | 2044 8960 | 0c44 8960 | 1041 8b7a 

  0x000001f013118f50: ;   {oop(a 'java/lang/Object'[0] {0x00000000a07f57a8})}
  0x000001f013118f50: 0cc7 4014 | a857 7fa0 | 4c8b c885 | ff0f 8691 | 0000 0045 | 33c0 eb15 | 0f1f 8400 | 0000 0000 
  0x000001f013118f70: 4c8b ed48 | 8b4c 2430 | 4c8b 4c24 | 3841 8b7a | 0c44 3bc7 | 0f83 2214 | 0000 438b | 5c82 1044 
  0x000001f013118f90: 8b53 1045 | 8b52 1044 | 8944 242c | 4c89 4c24 | 3848 894c | 2430 4489 | 5c24 2849 | 8bed 4d8b 
  0x000001f013118fb0: c249 8bd1 

  0x000001f013118fb4: ;   {optimized virtual_call}
  0x000001f013118fb4: c5f8 77e8 

  0x000001f013118fb8: ; ImmutableOopMap {rbp=Oop [32]=Oop [40]=NarrowOop [48]=Oop [56]=Oop }
                      ;*invokevirtual addAll {reexecute=0 rethrow=0 return_oop=0}
                      ; - java.security.CodeSource::getCertificates@57
                      ; - java.lang.ClassLoader::postDefineClass@24
                      ; - java.lang.ClassLoader::defineClass@37
                      ; - java.security.SecureClassLoader::defineClass@12
  0x000001f013118fb8: c45a 96fd 

  0x000001f013118fbc: ;   {other}
  0x000001f013118fbc: 0f1f 8400 | 2c1e 0019 | 498b 8f58 | 0400 0044 | 8b5c 2428 | 458b 5310 | 448b 4424 

  0x000001f013118fd8: ; ImmutableOopMap {r10=NarrowOop r11=NarrowOop rbp=Oop [32]=Oop [48]=Oop [56]=Oop }
                      ;*goto {reexecute=1 rethrow=0 return_oop=0}
                      ; - (reexecute) java.security.CodeSource::getCertificates@64
                      ; - java.lang.ClassLoader::postDefineClass@24
                      ; - java.lang.ClassLoader::defineClass@37
                      ; - java.security.SecureClassLoader::defineClass@12
  0x000001f013118fd8: 2c41 ffc0 

  0x000001f013118fdc: ;   {poll}
  0x000001f013118fdc: 8501 458b | 4a0c 453b | c17c 894c | 8bed 488b | 4c24 304c | 8b4c 2438 | 498b 87b8 | 0100 004c 
  0x000001f013118ffc: 8bd0 4983 | c210 4d3b | 97c8 0100 | 000f 8320 | 1200 004d | 8997 b801 | 0000 410f | 0d8a c000 
  0x000001f01311901c: 0000 48c7 | 0001 0000 | 0041 0f0d | 8a00 0100 

  0x000001f01311902c: ;   {metadata('java/security/cert/Certificate'[])}
  0x000001f01311902c: 00c7 4008 | c365 0020 | 410f 0d8a | 4001 0000 | 4489 600c | 410f 0d8a | 8001 0000 | 4c89 6c24 
  0x000001f01311904c: 2841 8beb | 4889 4c24 | 304c 894c | 2438 4c8b | c048 8b54 | 2438 6690 

  0x000001f013119064: ;   {optimized virtual_call}
  0x000001f013119064: c5f8 77e8 

  0x000001f013119068: ; ImmutableOopMap {rbp=NarrowOop [32]=Oop [40]=Oop [48]=Oop }
                      ;*invokevirtual toArray {reexecute=0 rethrow=0 return_oop=1}
                      ; - java.security.CodeSource::getCertificates@73
                      ; - java.lang.ClassLoader::postDefineClass@24
                      ; - java.lang.ClassLoader::defineClass@37
                      ; - java.security.SecureClassLoader::defineClass@12
  0x000001f013119068: 145a 96fd 

  0x000001f01311906c: ;   {other}
  0x000001f01311906c: 0f1f 8400 | dc1e 001b | 488b f844 

  0x000001f013119078: ;   {metadata('java/security/cert/Certificate'[])}
  0x000001f013119078: 8b58 0841 | 81fb c365 | 0020 0f85 | fc14 0000 | 4180 7f40 | 000f 85a9 | 0e00 008b | dd4c 8bd7 
  0x000001f013119098: 4c89 5424 | 384c 8b54 | 2430 4c8b | 5c24 384d | 8bc3 4489 | 4314 4d33 | da49 c1eb | 144d 85db 
  0x000001f0131190b8: 7416 49c1 | ea09 4c8b | 4424 604d | 03c2 4180 | 3802 0f85 | a10e 0000 | 4c8b 5424 | 3845 8b42 
  0x000001f0131190d8: 0c45 8b52 | 0849 63e8 | 48c1 e502 | 4181 f800 | 0004 000f | 8774 1100 | 0049 8b87 | b801 0000 
  0x000001f0131190f8: 4c8d 5d17 | 4983 e3f8 | 4c8b c84d | 03cb 4d3b | 8fc8 0100 | 000f 8352 | 1100 004d | 898f b801 
  0x000001f013119118: 0000 410f | 0d89 c000 | 0000 48c7 | 0001 0000 | 0044 8950 | 0844 8940 | 0c41 0f0d | 8900 0100 
  0x000001f013119138: 0041 0f0d | 8940 0100 | 0041 0f0d | 8980 0100 | 0048 8bd8 | 488b 4c24 | 3848 83c1 | 1048 8bd3 
  0x000001f013119158: 4883 c210 | 4883 c507 | 48c1 ed03 | 4c8b c5c5 | f877 49ba | e09d a610 | f001 0000 

  0x000001f013119174: ;   {other}
  0x000001f013119174: 41ff d20f | 1f84 0000 | 0000 0048 | 8b54 2420 | 4c8b c390 

  0x000001f013119188: ;   {optimized virtual_call}
  0x000001f013119188: c5f8 77e8 

  0x000001f01311918c: ; ImmutableOopMap {[32]=Oop }
                      ;*invokevirtual setSigners {reexecute=0 rethrow=0 return_oop=0}
                      ; - java.lang.ClassLoader::setSigners@2
                      ; - java.lang.ClassLoader::postDefineClass@35
                      ; - java.lang.ClassLoader::defineClass@37
                      ; - java.security.SecureClassLoader::defineClass@12
  0x000001f01311918c: f058 96fd 

  0x000001f013119190: ;   {other}
  0x000001f013119190: 0f1f 8400 | 0020 001c | e992 f1ff | ff45 85c0 | 0f84 3612 | 0000 4889 | 4424 384c | 8974 2430 
  0x000001f0131191b0: 4c89 6c24 | 2849 8bd0 | 418b e890 

  0x000001f0131191bc: ;   {optimized virtual_call}
  0x000001f0131191bc: c5f8 77e8 

  0x000001f0131191c0: ; ImmutableOopMap {rbp=NarrowOop [32]=Oop [40]=Oop [48]=Oop [56]=Oop [80]=Oop }
                      ;*invokevirtual isNamed {reexecute=0 rethrow=0 return_oop=0}
                      ; - java.lang.NamedPackage::<init>@12
                      ; - java.lang.ClassLoader::getNamedPackage@22
                      ; - java.lang.ClassLoader::postDefineClass@9
                      ; - java.lang.ClassLoader::defineClass@37
                      ; - java.security.SecureClassLoader::defineClass@12
  0x000001f0131191c0: bc58 96fd 

  0x000001f0131191c4: ;   {other}
  0x000001f0131191c4: 0f1f 8400 | 3420 001d | 85c0 0f85 | 2012 0000 | 448b c5e9 | d9f1 ffff | 4c8b 7424 | 3041 c646 
  0x000001f0131191e4: 1101 33c0 | 4c8b 6c24 | 2844 8b5c | 2438 448b | 4424 3ce9 | a0ee ffff | 4c63 c54d | 8d48 1049 
  0x000001f013119204: 8bc9 4883 | e1f8 488b | fb48 03f9 | 49c1 e903 | 4d2b d949 | 8bcb 4833 | c048 83f9 | 087f 1048 
  0x000001f013119224: ffc9 784f | 4889 04cf | 48ff c97d | f7eb 44c5 | fdef c0e9 | 0d00 0000 | c5fe 7f07 | c5fe 7f47 
  0x000001f013119244: 2048 83c7 | 4048 83e9 | 087d ed48 | 83c1 047c | 0cc5 fe7f | 0748 83c7 | 2048 83e9 | 0448 83c1 
  0x000001f013119264: 047e 1048 | ffc9 c5f9 | d607 4883 | c708 48ff | c97d f349 | 8bca c5f8 | 7749 ba40 | 97a6 10f0 
  0x000001f013119284: 0100 0041 

  0x000001f013119288: ;   {other}
  0x000001f013119288: ffd2 0f1f | 8400 0000 | 0000 e9d6 | ecff ff33 | c0e9 feed | ffff 443b | d10f 85e8 | 0000 0045 
  0x000001f0131192a8: 8d42 ff45 | 3bc2 0f83 | 8011 0000 | 85c9 0f86 | 7811 0000 | 8d51 ff45 | 33c9 eb39 | 448b 8c24 
  0x000001f0131192c8: 8000 0000 | 41ff c144 | 3b8c 2494 | 0000 000f | 8deb 0000 | 0048 8b7c | 2470 488b | 5c24 2044 
  0x000001f0131192e8: 8b94 2494 | 0000 008b | 8c24 9000 | 0000 8b94 | 2498 0000 | 0042 8b44 | 8f10 3bd1 | 0f83 d60f 
  0x000001f013119308: 0000 85c0 | 0f84 ce0f | 0000 4c8b | d833 ed48 | 897c 2470 | 4489 9424 | 9400 0000 | 898c 2490 
  0x000001f013119328: 0000 0089 | 9424 9800 | 0000 4489 | 8c24 8000 | 0000 8984 | 2484 0000 | 004c 899c | 24a0 0000 
  0x000001f013119348: 00eb 0a0f | 1f44 0000 | 488b 5c24 | 2044 8b5c | ab10 4889 | 5c24 204d | 8bc3 488b | 9424 a000 
  0x000001f013119368: 0000 6690 

  0x000001f01311936c: ;   {optimized virtual_call}
  0x000001f01311936c: c5f8 77e8 

  0x000001f013119370: ; ImmutableOopMap {[32]=Oop [40]=Oop [48]=Oop [56]=Oop [72]=Oop [80]=Oop [112]=Oop [132]=NarrowOop [160]=Oop }
                      ;*invokevirtual equals {reexecute=0 rethrow=0 return_oop=0}
                      ; - java.lang.ClassLoader::compareCerts@81
                      ; - java.lang.ClassLoader::checkCerts@80
                      ; - java.lang.ClassLoader::preDefineClass@113
                      ; - java.lang.ClassLoader::defineClass@4
                      ; - java.security.SecureClassLoader::defineClass@12
  0x000001f013119370: 0c57 96fd 

  0x000001f013119374: ;   {other}
  0x000001f013119374: 0f1f 8400 | e421 001e | 85c0 0f85 | 40ff ffff | ffc5 3bac | 2490 0000 | 007c c1ba | 45ff ffff 
  0x000001f013119394: 488b 6c24 | 284c 8b54 | 2438 4c89 | 5424 2844 | 8b5c 2440 | 4489 5c24 | 3844 8b54 | 2444 4489 
  0x000001f0131193b4: 5424 3c90 

  0x000001f0131193b8: ;   {runtime_call UncommonTrapBlob}
  0x000001f0131193b8: c5f8 77e8 

  0x000001f0131193bc: ; ImmutableOopMap {rbp=Oop [40]=Oop [48]=Oop [80]=Oop }
                      ;*ifne {reexecute=1 rethrow=0 return_oop=0}
                      ; - (reexecute) java.lang.ClassLoader::checkCerts@83
                      ; - java.lang.ClassLoader::preDefineClass@113
                      ; - java.lang.ClassLoader::defineClass@4
                      ; - java.security.SecureClassLoader::defineClass@12
  0x000001f0131193bc: 40af 96fd 

  0x000001f0131193c0: ;   {other}
  0x000001f0131193c0: 0f1f 8400 | 3022 001f | 4533 c0eb | 1644 8b44 | 2478 41ff | c044 3b84 | 2490 0000 | 000f 8d8f 
  0x000001f0131193e0: e8ff ff4c | 8b54 2420 | 478b 5c82 | 1045 85db | 0f84 4a0f | 0000 4d8b | cb33 ed44 | 8944 2478 
  0x000001f013119400: 4489 5c24 | 7c4c 898c | 2498 0000 | 0066 6690 | 4c8b 5424 | 7045 8b54 | aa10 4d8b | c248 8b94 
  0x000001f013119420: 2498 0000 | 0066 6690 

  0x000001f013119428: ;   {optimized virtual_call}
  0x000001f013119428: c5f8 77e8 

  0x000001f01311942c: ; ImmutableOopMap {[32]=Oop [40]=Oop [48]=Oop [56]=Oop [72]=Oop [80]=Oop [112]=Oop [124]=NarrowOop [152]=Oop }
                      ;*invokevirtual equals {reexecute=0 rethrow=0 return_oop=0}
                      ; - java.lang.ClassLoader::compareCerts@166
                      ; - java.lang.ClassLoader::checkCerts@80
                      ; - java.lang.ClassLoader::preDefineClass@113
                      ; - java.lang.ClassLoader::defineClass@4
                      ; - java.security.SecureClassLoader::defineClass@12
  0x000001f01311942c: 5056 96fd 

  0x000001f013119430: ;   {other}
  0x000001f013119430: 0f1f 8400 | a022 0020 | 85c0 7591 | ffc5 3bac | 2494 0000 | 007c c9e9 | 43ff ffff 

  0x000001f01311944c: ;   {metadata('java/security/SecureClassLoader$1')}
  0x000001f01311944c: 48ba e8aa | 0900 0100 | 0000 4c89 | 4424 5090 

  0x000001f01311945c: ;   {runtime_call _new_instance_Java}
  0x000001f01311945c: c5f8 77e8 

  0x000001f013119460: ; ImmutableOopMap {rbp=NarrowOop [40]=Oop [48]=Oop [56]=Oop [80]=Oop }
                      ;*new {reexecute=0 rethrow=0 return_oop=1}
                      ; - java.security.SecureClassLoader::getProtectionDomain@20
                      ; - java.security.SecureClassLoader::defineClass@9
  0x000001f013119460: 1c9b a2fd 

  0x000001f013119464: ;   {other}
  0x000001f013119464: 0f1f 8400 | d422 0021 | 4c8b c84c | 8b44 2450 | e9ea e2ff 

  0x000001f013119478: ;   {metadata('java/security/SecureClassLoader$CodeSourceKey')}
  0x000001f013119478: ff48 baa8 | a809 0001 | 0000 0090 

  0x000001f013119484: ;   {runtime_call _new_instance_Java}
  0x000001f013119484: c5f8 77e8 

  0x000001f013119488: ; ImmutableOopMap {rbp=Oop [40]=Oop [48]=Oop [56]=Oop }
                      ;*new {reexecute=0 rethrow=0 return_oop=1}
                      ; - java.security.SecureClassLoader::getProtectionDomain@6
                      ; - java.security.SecureClassLoader::defineClass@9
  0x000001f013119488: f49a a2fd 

  0x000001f01311948c: ;   {other}
  0x000001f01311948c: 0f1f 8400 | fc22 0022 | 4c8b c0e9 | 7ee2 ffff | 4489 9424 | 8000 0000 | 4489 7424 | 6448 895c 
  0x000001f0131194ac: 2478 4889 | 5424 704c | 8944 2468 | 4489 5c24 | 6044 894c | 245c 4c8b | 5424 504c | 8954 2448 
  0x000001f0131194cc: 4c8b 5424 | 304c 8954 | 2420 488b 

  0x000001f0131194d8: ;   {metadata('java/lang/String')}
  0x000001f0131194d8: 6c24 2848 | ba90 2004 | 0001 0000 | 0066 6690 

  0x000001f0131194e8: ;   {runtime_call _new_instance_Java}
  0x000001f0131194e8: c5f8 77e8 

  0x000001f0131194ec: ; ImmutableOopMap {rbp=Oop [32]=Oop [56]=Oop [72]=Oop [92]=NarrowOop [100]=NarrowOop [104]=Oop [112]=Derived_oop_[104] [120]=Oop }
                      ;*new {reexecute=0 rethrow=0 return_oop=1}
                      ; - java.lang.StringLatin1::newString@7
                      ; - java.lang.String::substring@41
                      ; - java.lang.ClassLoader::checkCerts@21
                      ; - java.lang.ClassLoader::preDefineClass@113
                      ; - java.lang.ClassLoader::defineClass@4
                      ; - java.security.SecureClassLoader::defineClass@12
  0x000001f0131194ec: 909a a2fd 

  0x000001f0131194f0: ;   {other}
  0x000001f0131194f0: 0f1f 8400 | 6023 0023 | 4889 6c24 | 284c 8b54 | 2420 4c89 | 5424 304c | 8b54 2448 | 4c89 5424 
  0x000001f013119510: 5044 8b4c | 245c 448b | 5c24 604c | 8b44 2468 | 488b 7c24 | 7048 8b5c | 2478 448b | 7424 6444 
  0x000001f013119530: 8b94 2480 | 0000 0048 | 8bf0 488b | d7e9 b3e4 | ffff 4489 | 4424 384c | 8974 2430 | 4c8b 5424 
  0x000001f013119550: 204c 8954 | 2428 498b 

  0x000001f013119558: ;   {metadata('java/lang/NamedPackage')}
  0x000001f013119558: ed48 baa8 | 9709 0001 | 0000 0090 

  0x000001f013119564: ;   {runtime_call _new_instance_Java}
  0x000001f013119564: c5f8 77e8 

  0x000001f013119568: ; ImmutableOopMap {rbp=Oop [40]=Oop [48]=Oop [56]=NarrowOop [80]=Oop }
                      ;*new {reexecute=0 rethrow=0 return_oop=1}
                      ; - java.lang.ClassLoader::getNamedPackage@16
                      ; - java.lang.ClassLoader::postDefineClass@9
                      ; - java.lang.ClassLoader::defineClass@37
                      ; - java.security.SecureClassLoader::defineClass@12
  0x000001f013119568: 149a a2fd 

  0x000001f01311956c: ;   {other}
  0x000001f01311956c: 0f1f 8400 | dc23 0024 | 4c8b ed4c | 8b54 2428 | 4c89 5424 | 204c 8b74 | 2430 448b | 4424 38e9 
  0x000001f01311958c: 05ee ffff | 4489 4c24 | 3889 4c24 | 3489 5c24 | 3048 8b6c 

  0x000001f0131195a0: ;   {metadata('java/lang/String')}
  0x000001f0131195a0: 2450 48ba | 9020 0400 | 0100 0000 

  0x000001f0131195ac: ;   {runtime_call _new_instance_Java}
  0x000001f0131195ac: c5f8 77e8 

  0x000001f0131195b0: ; ImmutableOopMap {rbp=Oop [32]=Oop [40]=Oop [48]=NarrowOop [144]=Oop }
                      ;*new {reexecute=0 rethrow=0 return_oop=1}
                      ; - java.lang.StringLatin1::newString@7
                      ; - java.lang.String::substring@41
                      ; - java.lang.Class::getPackageName@62
                      ; - java.lang.ClassLoader::postDefineClass@2
                      ; - java.lang.ClassLoader::defineClass@37
                      ; - java.security.SecureClassLoader::defineClass@12
  0x000001f0131195b0: cc99 a2fd 

  0x000001f0131195b4: ;   {other}
  0x000001f0131195b4: 0f1f 8400 | 2424 0025 | 4889 6c24 | 508b 5c24 | 308b 4c24 | 3444 8b4c | 2438 488b | f0e9 15e8 
  0x000001f0131195d4: ffff 4c89 | 8c24 9000 | 0000 4889 | 8c24 8800 | 0000 4889 | b424 8000 | 0000 4489 | 5424 7844 
  0x000001f0131195f4: 8974 245c | 4889 5c24 | 7048 8954 | 2468 4c89 | 4424 604c | 8b54 2450 | 4c89 5424 | 484c 8b54 
  0x000001f013119614: 2428 4c89 

  0x000001f013119618: ;   {metadata({type array byte})}
  0x000001f013119618: 5424 2048 | bac8 0a04 | 0001 0000 | 0044 8b44 | 2478 6690 

  0x000001f01311962c: ;   {runtime_call _new_array_nozero_Java}
  0x000001f01311962c: c5f8 77e8 

  0x000001f013119630: ; ImmutableOopMap {[32]=Oop [48]=Oop [56]=Oop [72]=Oop [92]=NarrowOop [96]=Oop [104]=Derived_oop_[96] [112]=Oop [128]=Oop }
                      ;*newarray {reexecute=0 rethrow=0 return_oop=1}
                      ; - java.util.Arrays::copyOfRangeByte@10
                      ; - java.util.Arrays::copyOfRange@13
                      ; - java.lang.StringLatin1::newString@16
                      ; - java.lang.String::substring@41
                      ; - java.lang.ClassLoader::checkCerts@21
                      ; - java.lang.ClassLoader::preDefineClass@113
                      ; - java.lang.ClassLoader::defineClass@4
                      ; - java.security.SecureClassLoader::defineClass@12
  0x000001f013119630: cc77 a2fd 

  0x000001f013119634: ;   {other}
  0x000001f013119634: 0f1f 8400 | a424 0026 | 4c8b 5424 | 204c 8954 | 2428 4c8b | 5424 484c | 8954 2450 | 488b 5424 
  0x000001f013119654: 6848 8b5c | 2470 448b | 7424 5c44 | 8b54 2478 | 488b b424 | 8000 0000 | 488b 8c24 | 8800 0000 
  0x000001f013119674: 4c8b 8c24 | 9000 0000 | 4c8b e8e9 | afe4 ffff | 488b d148 | 8984 2488 | 0000 0048 | 89b4 2480 
  0x000001f013119694: 0000 0044 | 8974 2478 | 4889 5c24 | 7048 8954 | 2468 4c89 | 4424 6044 | 894c 245c | 4c8b 5424 
  0x000001f0131196b4: 504c 8954 | 2448 4c8b | 5424 304c | 8954 2420 | 488b 6c24 

  0x000001f0131196c8: ;   {metadata({type array byte})}
  0x000001f0131196c8: 2848 bac8 | 0a04 0001 | 0000 0045 | 8bc3 6690 

  0x000001f0131196d8: ;   {runtime_call _new_array_nozero_Java}
  0x000001f0131196d8: c5f8 77e8 

  0x000001f0131196dc: ; ImmutableOopMap {rbp=Oop [32]=Oop [56]=Oop [72]=Oop [92]=NarrowOop [96]=Oop [104]=Derived_oop_[96] [112]=Oop [120]=NarrowOop [128]=Oop }
                      ;*invokevirtual clone {reexecute=1 rethrow=0 return_oop=1}
                      ; - (reexecute) java.util.Arrays::copyOfRange@18
                      ; - java.lang.StringLatin1::newString@16
                      ; - java.lang.String::substring@41
                      ; - java.lang.ClassLoader::checkCerts@21
                      ; - java.lang.ClassLoader::preDefineClass@113
                      ; - java.lang.ClassLoader::defineClass@4
                      ; - java.security.SecureClassLoader::defineClass@12
  0x000001f0131196dc: 2077 a2fd 

  0x000001f0131196e0: ;   {other}
  0x000001f0131196e0: 0f1f 8400 | 5025 0027 | 4c8b d048 | 896c 2428 | 4c8b 5c24 | 204c 895c | 2430 4c8b | 5c24 484c 
  0x000001f013119700: 895c 2450 | 488b 4c24 | 6848 8b5c | 2470 448b | 7424 7848 | 8bb4 2480 | 0000 0048 | 8b84 2488 
  0x000001f013119720: 0000 0049 | 8bfa e93d | e3ff ffba | e4ff ffff | 4489 5424 | 2044 8b54 | 2440 4489 | 5424 2444 
  0x000001f013119740: 8b5c 2444 | 4489 5c24 | 404c 8b54 | 2450 4c89 | 5424 4848 | 895c 2450 | 4489 7424 | 4444 894c 
  0x000001f013119760: 2464 6690 

  0x000001f013119764: ;   {runtime_call UncommonTrapBlob}
  0x000001f013119764: c5f8 77e8 

  0x000001f013119768: ; ImmutableOopMap {[40]=Oop [48]=Oop [56]=Oop [68]=NarrowOop [72]=Oop [80]=Oop [100]=NarrowOop }
                      ;*baload {reexecute=0 rethrow=0 return_oop=0}
                      ; - java.lang.StringLatin1::lastIndexOf@24
                      ; - java.lang.String::lastIndexOf@13
                      ; - java.lang.String::lastIndexOf@8
                      ; - java.lang.ClassLoader::checkCerts@3
                      ; - java.lang.ClassLoader::preDefineClass@113
                      ; - java.lang.ClassLoader::defineClass@4
                      ; - java.security.SecureClassLoader::defineClass@12
  0x000001f013119768: 94ab 96fd 

  0x000001f01311976c: ;   {other}
  0x000001f01311976c: 0f1f 8400 | dc25 0028 | 4889 7c24 | 704c 895c | 2468 4c89 | 5424 4848 | 8974 2440 | 4489 4c24 
  0x000001f01311978c: 384c 8b54 | 2420 4c89 | 5424 304c | 8b54 2450 | 4c89 5424 

  0x000001f0131197a0: ;   {metadata({type array byte})}
  0x000001f0131197a0: 2048 bac8 | 0a04 0001 | 0000 0045 | 8bc1 6690 

  0x000001f0131197b0: ;   {runtime_call _new_array_nozero_Java}
  0x000001f0131197b0: c5f8 77e8 

  0x000001f0131197b4: ; ImmutableOopMap {[32]=Oop [40]=Oop [48]=Oop [64]=Oop [144]=Oop [72]=Derived_oop_[144] }
                      ;*newarray {reexecute=0 rethrow=0 return_oop=1}
                      ; - java.util.Arrays::copyOfRangeByte@10
                      ; - java.util.Arrays::copyOfRange@13
                      ; - java.lang.StringLatin1::newString@16
                      ; - java.lang.String::substring@41
                      ; - java.lang.Class::getPackageName@62
                      ; - java.lang.ClassLoader::postDefineClass@2
                      ; - java.lang.ClassLoader::defineClass@37
                      ; - java.security.SecureClassLoader::defineClass@12
  0x000001f0131197b4: 4876 a2fd 

  0x000001f0131197b8: ;   {other}
  0x000001f0131197b8: 0f1f 8400 | 2826 0029 | 4c8b 5424 | 204c 8954 | 2450 4c8b | 5424 304c | 8954 2420 | 448b 4c24 
  0x000001f0131197d8: 3848 8b74 | 2440 4c8b | 5424 484c | 8b5c 2468 | 488b 7c24 | 7048 8bd8 | e936 e7ff | ff4c 894c 
  0x000001f0131197f8: 2448 4c89 | 5424 4048 | 8974 2438 | 895c 2430 | 488b 6c24 

  0x000001f01311980c: ;   {metadata({type array byte})}
  0x000001f01311980c: 5048 bac8 | 0a04 0001 | 0000 0044 | 8bc1 6690 

  0x000001f01311981c: ;   {runtime_call _new_array_nozero_Java}
  0x000001f01311981c: c5f8 77e8 

  0x000001f013119820: ; ImmutableOopMap {rbp=Oop [32]=Oop [40]=Oop [48]=NarrowOop [56]=Oop [144]=Oop [64]=Derived_oop_[144] }
                      ;*invokevirtual clone {reexecute=1 rethrow=0 return_oop=1}
                      ; - (reexecute) java.util.Arrays::copyOfRange@18
                      ; - java.lang.StringLatin1::newString@16
                      ; - java.lang.String::substring@41
                      ; - java.lang.Class::getPackageName@62
                      ; - java.lang.ClassLoader::postDefineClass@2
                      ; - java.lang.ClassLoader::defineClass@37
                      ; - java.security.SecureClassLoader::defineClass@12
  0x000001f013119820: dc75 a2fd 

  0x000001f013119824: ;   {other}
  0x000001f013119824: 0f1f 8400 | 9426 002a | 4889 6c24 | 5048 8b74 | 2438 4c8b | 5424 404c | 8b4c 2448 | 488b f8e9 
  0x000001f013119844: 19e6 ffff | bae4 ffff | ff48 8b6c | 2420 4c8b | 5424 504c | 8954 2430 | 4c89 4424 | 4889 5c24 
  0x000001f013119864: 5844 894c | 245c 6690 

  0x000001f01311986c: ;   {runtime_call UncommonTrapBlob}
  0x000001f01311986c: c5f8 77e8 

  0x000001f013119870: ; ImmutableOopMap {rbp=Oop [40]=Oop [48]=Oop [72]=Oop [88]=NarrowOop }
                      ;*baload {reexecute=0 rethrow=0 return_oop=0}
                      ; - java.lang.StringLatin1::lastIndexOf@24
                      ; - java.lang.String::lastIndexOf@13
                      ; - java.lang.String::lastIndexOf@8
                      ; - java.lang.Class::getPackageName@47
                      ; - java.lang.ClassLoader::postDefineClass@2
                      ; - java.lang.ClassLoader::defineClass@37
                      ; - java.security.SecureClassLoader::defineClass@12
  0x000001f013119870: 8caa 96fd 

  0x000001f013119874: ;   {other}
  0x000001f013119874: 0f1f 8400 | e426 002b | baf6 ffff | ff48 8bef | 4c89 5424 | 2066 6690 

  0x000001f01311988c: ;   {runtime_call UncommonTrapBlob}
  0x000001f01311988c: c5f8 77e8 

  0x000001f013119890: ; ImmutableOopMap {rbp=Oop [32]=Oop }
                      ;*invokevirtual putIfAbsent {reexecute=0 rethrow=0 return_oop=0}
                      ; - java.lang.ClassLoader::checkCerts@62
                      ; - java.lang.ClassLoader::preDefineClass@113
                      ; - java.lang.ClassLoader::defineClass@4
                      ; - java.security.SecureClassLoader::defineClass@12
  0x000001f013119890: 6caa 96fd 

  0x000001f013119894: ;   {other}
  0x000001f013119894: 0f1f 8400 | 0427 002c | baf6 ffff | ff66 6690 

  0x000001f0131198a4: ;   {runtime_call UncommonTrapBlob}
  0x000001f0131198a4: c5f8 77e8 

  0x000001f0131198a8: ; ImmutableOopMap {rbp=NarrowOop }
                      ;*invokevirtual toExternalForm {reexecute=0 rethrow=0 return_oop=0}
                      ; - java.net.URL::toExternalForm@5
                      ; - java.net.URL::toString@1
                      ; - java.lang.ClassLoader::defineClassSourceLocation@22
                      ; - java.lang.ClassLoader::defineClass@12
                      ; - java.security.SecureClassLoader::defineClass@12
  0x000001f0131198a8: 54aa 96fd 

  0x000001f0131198ac: ;   {other}
  0x000001f0131198ac: 0f1f 8400 | 1c27 002d | baf6 ffff | ff48 8beb 

  0x000001f0131198bc: ;   {runtime_call UncommonTrapBlob}
  0x000001f0131198bc: c5f8 77e8 

  0x000001f0131198c0: ; ImmutableOopMap {rbp=Oop }
                      ;*invokevirtual get {reexecute=0 rethrow=0 return_oop=0}
                      ; - java.lang.ClassLoader::getNamedPackage@5
                      ; - java.lang.ClassLoader::postDefineClass@9
                      ; - java.lang.ClassLoader::defineClass@37
                      ; - java.security.SecureClassLoader::defineClass@12
  0x000001f0131198c0: 3caa 96fd 

  0x000001f0131198c4: ;   {other}
  0x000001f0131198c4: 0f1f 8400 | 3427 002e | bade ffff | ff4c 8954 | 2420 4c8b | 5424 304c | 8954 2428 | 4c8b 5424 
  0x000001f0131198e4: 384c 8954 | 2430 448b | 5424 4044 | 8954 2438 | 448b 5c24 | 4444 895c | 243c 4c89 | 4424 404c 
  0x000001f013119904: 894c 2448 

  0x000001f013119908: ;   {runtime_call UncommonTrapBlob}
  0x000001f013119908: c5f8 77e8 

  0x000001f01311990c: ; ImmutableOopMap {rbp=NarrowOop [32]=Oop [40]=Oop [48]=Oop [64]=Oop [72]=Oop }
                      ;*invokeinterface computeIfAbsent {reexecute=0 rethrow=0 return_oop=0}
                      ; - java.security.SecureClassLoader::getProtectionDomain@28
                      ; - java.security.SecureClassLoader::defineClass@9
  0x000001f01311990c: f0a9 96fd 

  0x000001f013119910: ;   {other}
  0x000001f013119910: 0f1f 8400 | 8027 002f | ba45 ffff | ff48 8b6c | 2428 6690 

  0x000001f013119924: ;   {runtime_call UncommonTrapBlob}
  0x000001f013119924: c5f8 77e8 

  0x000001f013119928: ; ImmutableOopMap {rbp=Oop [48]=Oop [56]=Oop [80]=Oop }
                      ;*ifeq {reexecute=1 rethrow=0 return_oop=0}
                      ; - (reexecute) java.lang.ClassLoader::checkName@8
                      ; - java.lang.ClassLoader::preDefineClass@1
                      ; - java.lang.ClassLoader::defineClass@4
                      ; - java.security.SecureClassLoader::defineClass@12
  0x000001f013119928: d4a9 96fd 

  0x000001f01311992c: ;   {other}
  0x000001f01311992c: 0f1f 8400 | 9c27 0030 | bae4 ffff | ff44 895c | 2458 6690 

  0x000001f013119940: ;   {runtime_call UncommonTrapBlob}
  0x000001f013119940: c5f8 77e8 

  0x000001f013119944: ; ImmutableOopMap {[40]=Oop [48]=Oop [56]=Oop [80]=Oop [88]=NarrowOop }
                      ;*invokestatic checkIndex {reexecute=0 rethrow=0 return_oop=0}
                      ; - java.lang.String::checkIndex@5
                      ; - java.lang.StringLatin1::charAt@3
                      ; - java.lang.String::charAt@12
                      ; - java.lang.ClassLoader::checkName@25
                      ; - java.lang.ClassLoader::preDefineClass@1
                      ; - java.lang.ClassLoader::defineClass@4
                      ; - java.security.SecureClassLoader::defineClass@12
  0x000001f013119944: b8a9 96fd 

  0x000001f013119948: ;   {other}
  0x000001f013119948: 0f1f 8400 | b827 0031 | bace ffff | ff44 895c | 2460 6690 

  0x000001f01311995c: ;   {runtime_call UncommonTrapBlob}
  0x000001f01311995c: c5f8 77e8 

  0x000001f013119960: ; ImmutableOopMap {rbp=NarrowOop [40]=Oop [48]=Oop [56]=Oop [80]=Oop }
                      ;*invokestatic indexOfChar {reexecute=0 rethrow=0 return_oop=0}
                      ; - java.lang.StringLatin1::indexOf@33
                      ; - java.lang.String::indexOf@17
                      ; - java.lang.String::indexOf@3
                      ; - java.lang.ClassLoader::checkName@16
                      ; - java.lang.ClassLoader::preDefineClass@1
                      ; - java.lang.ClassLoader::defineClass@4
                      ; - java.security.SecureClassLoader::defineClass@12
  0x000001f013119960: 9ca9 96fd 

  0x000001f013119964: ;   {other}
  0x000001f013119964: 0f1f 8400 | d427 0032 | bae4 ffff | ff48 8b6c | 2428 4c8b | 5424 504c | 8954 2448 | 4489 4c24 
  0x000001f013119984: 5466 6690 

  0x000001f013119988: ;   {runtime_call UncommonTrapBlob}
  0x000001f013119988: c5f8 77e8 

  0x000001f01311998c: ; ImmutableOopMap {rbp=Oop [48]=Oop [56]=Oop [72]=Oop [84]=NarrowOop }
                      ;*baload {reexecute=0 rethrow=0 return_oop=0}
                      ; - jdk.internal.util.ArraysSupport::mismatch@82
                      ; - java.lang.String::startsWith@70
                      ; - java.lang.String::startsWith@3
                      ; - java.lang.ClassLoader::preDefineClass@43
                      ; - java.lang.ClassLoader::defineClass@4
                      ; - java.security.SecureClassLoader::defineClass@12
  0x000001f01311998c: 70a9 96fd 

  0x000001f013119990: ;   {other}
  0x000001f013119990: 0f1f 8400 | 0028 0033 | baf6 ffff | ff48 8974 | 2420 6690 

  0x000001f0131199a4: ;   {runtime_call UncommonTrapBlob}
  0x000001f0131199a4: c5f8 77e8 

  0x000001f0131199a8: ; ImmutableOopMap {[32]=Oop [48]=Oop }
                      ;*invokevirtual putIfAbsent {reexecute=0 rethrow=0 return_oop=0}
                      ; - java.lang.ClassLoader::getNamedPackage@32
                      ; - java.lang.ClassLoader::postDefineClass@9
                      ; - java.lang.ClassLoader::defineClass@37
                      ; - java.security.SecureClassLoader::defineClass@12
  0x000001f0131199a8: 54a9 96fd 

  0x000001f0131199ac: ;   {other}
  0x000001f0131199ac: 0f1f 8400 | 1c28 0034 | ba45 ffff | ff48 8944 | 2440 6690 

  0x000001f0131199c0: ;   {runtime_call UncommonTrapBlob}
  0x000001f0131199c0: c5f8 77e8 

  0x000001f0131199c4: ; ImmutableOopMap {[32]=Oop [40]=Oop [64]=Oop [80]=Oop }
                      ;*ifeq {reexecute=1 rethrow=0 return_oop=0}
                      ; - (reexecute) java.lang.Class::getPackageName@13
                      ; - java.lang.ClassLoader::postDefineClass@2
                      ; - java.lang.ClassLoader::defineClass@37
                      ; - java.security.SecureClassLoader::defineClass@12
  0x000001f0131199c4: 38a9 96fd 

  0x000001f0131199c8: ;   {other}
  0x000001f0131199c8: 0f1f 8400 | 3828 0035 | bade ffff | ff48 8be8 

  0x000001f0131199d8: ;   {runtime_call UncommonTrapBlob}
  0x000001f0131199d8: c5f8 77e8 

  0x000001f0131199dc: ; ImmutableOopMap {rbp=Oop }
                      ;*checkcast {reexecute=0 rethrow=0 return_oop=0}
                      ; - java.lang.ClassLoader::getNamedPackage@35
                      ; - java.lang.ClassLoader::postDefineClass@9
                      ; - java.lang.ClassLoader::defineClass@37
                      ; - java.security.SecureClassLoader::defineClass@12
  0x000001f0131199dc: 20a9 96fd 

  0x000001f0131199e0: ;   {other}
  0x000001f0131199e0: 0f1f 8400 | 5028 0036 | 4963 cae9 | bae0 ffff | 4883 c1fe | 498b fb48 | 33c0 4883 | f908 7f10 
  0x000001f013119a00: 48ff c978 | 4f48 8904 | cf48 ffc9 | 7df7 eb44 | c5fd efc0 | e90d 0000 | 00c5 fe7f | 07c5 fe7f 
  0x000001f013119a20: 4720 4883 | c740 4883 | e908 7ded | 4883 c104 | 7c0c c5fe | 7f07 4883 | c720 4883 | e904 4883 
  0x000001f013119a40: c104 7e10 | 48ff c9c5 | f9d6 0748 | 83c7 0848 | ffc9 7df3 | e91f e1ff | ffba ccff | ffff 4489 
  0x000001f013119a60: 5424 2044 | 8b54 2440 | 4489 5424 | 2444 8b5c | 2444 4489 | 5c24 404c | 8b54 2450 | 4c89 5424 
  0x000001f013119a80: 4848 895c | 2450 4489 | 7424 4448 | 8974 2468 | 4489 4c24 | 7066 6690 

  0x000001f013119a98: ;   {runtime_call UncommonTrapBlob}
  0x000001f013119a98: c5f8 77e8 

  0x000001f013119a9c: ; ImmutableOopMap {[40]=Oop [48]=Oop [56]=Oop [68]=NarrowOop [72]=Oop [80]=Oop [104]=Oop [112]=NarrowOop }
                      ;*newarray {reexecute=1 rethrow=0 return_oop=0}
                      ; - (reexecute) java.util.Arrays::copyOfRangeByte@10
                      ; - java.util.Arrays::copyOfRange@13
                      ; - java.lang.StringLatin1::newString@16
                      ; - java.lang.String::substring@41
                      ; - java.lang.ClassLoader::checkCerts@21
                      ; - java.lang.ClassLoader::preDefineClass@113
                      ; - java.lang.ClassLoader::defineClass@4
                      ; - java.security.SecureClassLoader::defineClass@12
  0x000001f013119a9c: 60a8 96fd 

  0x000001f013119aa0: ;   {other}
  0x000001f013119aa0: 0f1f 8400 | 1029 0037 | ba45 ffff | ff48 8b6c | 2428 4c8b | 5424 504c | 8954 2448 | 895c 2450 
  0x000001f013119ac0: ;   {runtime_call UncommonTrapBlob}
  0x000001f013119ac0: c5f8 77e8 

  0x000001f013119ac4: ; ImmutableOopMap {rbp=Oop [48]=Oop [56]=Oop [72]=Oop }
                      ;*if_icmpne {reexecute=1 rethrow=0 return_oop=0}
                      ; - (reexecute) java.lang.ClassLoader::checkName@20
                      ; - java.lang.ClassLoader::preDefineClass@1
                      ; - java.lang.ClassLoader::defineClass@4
                      ; - java.security.SecureClassLoader::defineClass@12
  0x000001f013119ac4: 38a8 96fd 

  0x000001f013119ac8: ;   {other}
  0x000001f013119ac8: 0f1f 8400 | 3829 0038 | 4533 db45 | 85d2 410f | 94c3 ba45 | ffff ff4c | 8b54 2428 | 4c89 5424 
  0x000001f013119ae8: 204c 8b54 | 2430 4c89 | 5424 2848 | 897c 2448 | 4889 5c24 | 5044 8974 | 2458 4489 | 5c24 5c90 
  0x000001f013119b08: ;   {runtime_call UncommonTrapBlob}
  0x000001f013119b08: c5f8 77e8 

  0x000001f013119b0c: ; ImmutableOopMap {[32]=Oop [40]=Oop [56]=Oop [72]=Oop [80]=Oop [88]=NarrowOop }
                      ;*ifeq {reexecute=1 rethrow=0 return_oop=0}
                      ; - (reexecute) java.lang.String::lastIndexOf@4
                      ; - java.lang.String::lastIndexOf@8
                      ; - java.lang.ClassLoader::checkCerts@3
                      ; - java.lang.ClassLoader::preDefineClass@113
                      ; - java.lang.ClassLoader::defineClass@4
                      ; - java.security.SecureClassLoader::defineClass@12
  0x000001f013119b0c: f0a7 96fd 

  0x000001f013119b10: ;   {other}
  0x000001f013119b10: 0f1f 8400 | 8029 0039 | ba45 ffff | ff44 8954 | 2420 4489 | 5424 244c | 8b54 2450 | 4c89 5424 
  0x000001f013119b30: 4848 895c | 2450 4489 | 7424 6089 | 4c24 7090 

  0x000001f013119b40: ;   {runtime_call UncommonTrapBlob}
  0x000001f013119b40: c5f8 77e8 

  0x000001f013119b44: ; ImmutableOopMap {[40]=Oop [48]=Oop [56]=Oop [72]=Oop [80]=Oop [96]=NarrowOop }
                      ;*if_icmpgt {reexecute=1 rethrow=0 return_oop=0}
                      ; - (reexecute) jdk.internal.util.Preconditions::checkFromToIndex@6
                      ; - java.lang.String::checkBoundsBeginEnd@6
                      ; - java.lang.String::substring@8
                      ; - java.lang.ClassLoader::checkCerts@21
                      ; - java.lang.ClassLoader::preDefineClass@113
                      ; - java.lang.ClassLoader::defineClass@4
                      ; - java.security.SecureClassLoader::defineClass@12
  0x000001f013119b44: b8a7 96fd 

  0x000001f013119b48: ;   {other}
  0x000001f013119b48: 0f1f 8400 | b829 003a | ba45 ffff | ff4c 896c | 2438 4c89 | 7424 4044 | 8944 2448 | 4489 5424 
  0x000001f013119b68: 4c66 6690 

  0x000001f013119b6c: ;   {runtime_call UncommonTrapBlob}
  0x000001f013119b6c: c5f8 77e8 

  0x000001f013119b70: ; ImmutableOopMap {[32]=Oop [56]=Oop [64]=Oop [72]=NarrowOop [80]=Oop }
                      ;*ifle {reexecute=1 rethrow=0 return_oop=0}
                      ; - (reexecute) java.util.concurrent.ConcurrentHashMap::get@23
                      ; - java.lang.ClassLoader::getNamedPackage@5
                      ; - java.lang.ClassLoader::postDefineClass@9
                      ; - java.lang.ClassLoader::defineClass@37
                      ; - java.security.SecureClassLoader::defineClass@12
  0x000001f013119b70: 8ca7 96fd 

  0x000001f013119b74: ;   {other}
  0x000001f013119b74: 0f1f 8400 | e429 003b | ba45 ffff | ff4c 8b54 | 2428 4c89 | 5424 204c | 8944 2428 | 4c89 4c24 
  0x000001f013119b94: 3089 7c24 | 3889 7424 | 3c66 6690 

  0x000001f013119ba0: ;   {runtime_call UncommonTrapBlob}
  0x000001f013119ba0: c5f8 77e8 

  0x000001f013119ba4: ; ImmutableOopMap {rbp=Oop [32]=Oop [40]=Oop [48]=Oop }
                      ;*ifnonnull {reexecute=1 rethrow=0 return_oop=0}
                      ; - (reexecute) java.security.SecureClassLoader::getProtectionDomain@1
                      ; - java.security.SecureClassLoader::defineClass@9
  0x000001f013119ba4: 58a7 96fd 

  0x000001f013119ba8: ;   {other}
  0x000001f013119ba8: 0f1f 8400 | 182a 003c | ba45 ffff | ff48 8b6c | 2428 4c8b | 5c24 504c | 895c 2448 | 4489 5424 
  0x000001f013119bc8: 5066 6690 

  0x000001f013119bcc: ;   {runtime_call UncommonTrapBlob}
  0x000001f013119bcc: c5f8 77e8 

  0x000001f013119bd0: ; ImmutableOopMap {rbp=Oop [48]=Oop [56]=Oop [72]=Oop }
                      ;*if_icmpne {reexecute=1 rethrow=0 return_oop=0}
                      ; - (reexecute) java.lang.ClassLoader::checkName@30
                      ; - java.lang.ClassLoader::preDefineClass@1
                      ; - java.lang.ClassLoader::defineClass@4
                      ; - java.security.SecureClassLoader::defineClass@12
  0x000001f013119bd0: 2ca7 96fd 

  0x000001f013119bd4: ;   {other}
  0x000001f013119bd4: 0f1f 8400 | 442a 003d | ba45 ffff | ff48 8b6c | 2428 4c8b | 5424 384c | 8954 2428 | 448b 5c24 
  0x000001f013119bf4: 4044 895c | 2438 448b | 5424 4444 | 8954 243c | 894c 2448 

  0x000001f013119c08: ;   {runtime_call UncommonTrapBlob}
  0x000001f013119c08: c5f8 77e8 

  0x000001f013119c0c: ; ImmutableOopMap {rbp=Oop [40]=Oop [48]=Oop [80]=Oop }
                      ;*ifne {reexecute=1 rethrow=0 return_oop=0}
                      ; - (reexecute) java.lang.ClassLoader::compareCerts@7
                      ; - java.lang.ClassLoader::checkCerts@80
                      ; - java.lang.ClassLoader::preDefineClass@113
                      ; - java.lang.ClassLoader::defineClass@4
                      ; - java.security.SecureClassLoader::defineClass@12
  0x000001f013119c0c: f0a6 96fd 

  0x000001f013119c10: ;   {other}
  0x000001f013119c10: 0f1f 8400 | 802a 003e | ba45 ffff | ff44 8954 | 2420 4489 | 5424 244c | 8b54 2450 | 4c89 5424 
  0x000001f013119c30: 4848 895c | 2450 4489 | 7424 6089 | 4c24 7089 | 4c24 7490 

  0x000001f013119c44: ;   {runtime_call UncommonTrapBlob}
  0x000001f013119c44: c5f8 77e8 

  0x000001f013119c48: ; ImmutableOopMap {[40]=Oop [48]=Oop [56]=Oop [72]=Oop [80]=Oop [96]=NarrowOop }
                      ;*if_icmple {reexecute=1 rethrow=0 return_oop=0}
                      ; - (reexecute) jdk.internal.util.Preconditions::checkFromToIndex@11
                      ; - java.lang.String::checkBoundsBeginEnd@6
                      ; - java.lang.String::substring@8
                      ; - java.lang.ClassLoader::checkCerts@21
                      ; - java.lang.ClassLoader::preDefineClass@113
                      ; - java.lang.ClassLoader::defineClass@4
                      ; - java.security.SecureClassLoader::defineClass@12
  0x000001f013119c48: b4a6 96fd 

  0x000001f013119c4c: ;   {other}
  0x000001f013119c4c: 0f1f 8400 | bc2a 003f | 498b d7c5 | f877 49ba | 002a a2ce | ff7f 0000 

  0x000001f013119c64: ;   {other}
  0x000001f013119c64: 41ff d20f | 1f84 0000 | 0000 00e9 | 0fdf ffff | bade ffff | ff66 6690 

  0x000001f013119c7c: ;   {runtime_call UncommonTrapBlob}
  0x000001f013119c7c: c5f8 77e8 

  0x000001f013119c80: ; ImmutableOopMap {rbp=NarrowOop }
                      ;*checkcast {reexecute=0 rethrow=0 return_oop=0}
                      ; - java.lang.ClassLoader::getNamedPackage@8
                      ; - java.lang.ClassLoader::postDefineClass@9
                      ; - java.lang.ClassLoader::defineClass@37
                      ; - java.security.SecureClassLoader::defineClass@12
  0x000001f013119c80: 7ca6 96fd 

  0x000001f013119c84: ;   {other}
  0x000001f013119c84: 0f1f 8400 | f42a 0040 | 8b7c 245c | 448b 5f14 | 4585 db0f | 84a6 ecff | ff4d 8b57 | 2849 8bcb 
  0x000001f013119ca4: 4d85 d20f | 8467 0700 | 004d 8b5f | 384b 894c | 13f8 4983 | c2f8 4d89 | 5728 e980 | ecff ff4d 
  0x000001f013119cc4: 8b57 484d | 8b5f 58f0 | 8344 24c0 | 0080 3900 | 7432 4488 | 214d 85d2 | 740f 4b89 | 4c13 f849 
  0x000001f013119ce4: 83c2 f84d | 8957 48eb | 1b49 8bd7 | c5f8 7749 | bae0 29a2 | ceff 7f00 | 0041 ffd2 

  0x000001f013119d00: ;   {other}
  0x000001f013119d00: 0f1f 8400 | 0000 0000 | 448b 5f14 | 4585 db0f | 8493 0700 | 0049 8bdb | e961 ecff | ff4d 63d9 
  0x000001f013119d20: e981 e1ff | ff49 83c3 | fe49 8bcb | 488b fa48 | 33c0 4883 | f908 7f10 | 48ff c978 | 4f48 8904 
  0x000001f013119d40: cf48 ffc9 | 7df7 eb44 | c5fd efc0 | e90d 0000 | 00c5 fe7f | 07c5 fe7f | 4720 4883 | c740 4883 
  0x000001f013119d60: e908 7ded | 4883 c104 | 7c0c c5fe | 7f07 4883 | c720 4883 | e904 4883 | c104 7e10 | 48ff c9c5 
  0x000001f013119d80: f9d6 0748 | 83c7 0848 | ffc9 7df3 | e9dc e1ff | ffba ccff | ffff 488b | 6c24 204c | 8b54 2450 
  0x000001f013119da0: 4c89 5424 | 3048 8974 | 2450 895c | 2458 4489 | 4c24 6090 

  0x000001f013119db4: ;   {runtime_call UncommonTrapBlob}
  0x000001f013119db4: c5f8 77e8 

  0x000001f013119db8: ; ImmutableOopMap {rbp=Oop [40]=Oop [48]=Oop [80]=Oop [88]=NarrowOop }
                      ;*newarray {reexecute=1 rethrow=0 return_oop=0}
                      ; - (reexecute) java.util.Arrays::copyOfRangeByte@10
                      ; - java.util.Arrays::copyOfRange@13
                      ; - java.lang.StringLatin1::newString@16
                      ; - java.lang.String::substring@41
                      ; - java.lang.Class::getPackageName@62
                      ; - java.lang.ClassLoader::postDefineClass@2
                      ; - java.lang.ClassLoader::defineClass@37
                      ; - java.security.SecureClassLoader::defineClass@12
  0x000001f013119db8: 44a5 96fd 

  0x000001f013119dbc: ;   {other}
  0x000001f013119dbc: 0f1f 8400 | 2c2c 0041 | 4585 c944 | 8b5c 2458 | 410f 94c3 | ba45 ffff | ff48 8b6c | 2420 4c8b 
  0x000001f013119ddc: 4c24 504c | 894c 2430 | 4c89 4424 | 5044 8954 | 2458 4489 | 5c24 5c90 

  0x000001f013119df4: ;   {runtime_call UncommonTrapBlob}
  0x000001f013119df4: c5f8 77e8 

  0x000001f013119df8: ; ImmutableOopMap {rbp=Oop [40]=Oop [48]=Oop [80]=Oop }
                      ;*ifeq {reexecute=1 rethrow=0 return_oop=0}
                      ; - (reexecute) java.lang.String::lastIndexOf@4
                      ; - java.lang.String::lastIndexOf@8
                      ; - java.lang.Class::getPackageName@47
                      ; - java.lang.ClassLoader::postDefineClass@2
                      ; - java.lang.ClassLoader::defineClass@37
                      ; - java.security.SecureClassLoader::defineClass@12
  0x000001f013119df8: 04a5 96fd 

  0x000001f013119dfc: ;   {other}
  0x000001f013119dfc: 0f1f 8400 | 6c2c 0042 | 498b d7c5 | f877 49ba | 002a a2ce | ff7f 0000 

  0x000001f013119e14: ;   {other}
  0x000001f013119e14: 41ff d20f | 1f84 0000 | 0000 00e9 | b0e1 ffff | ba45 ffff | ff48 8b6c | 2420 4c8b | 5424 504c 
  0x000001f013119e34: 8954 2430 | 4c89 4424 | 4844 894c | 2458 4489 | 5c24 5c44 | 894c 2460 

  0x000001f013119e4c: ;   {runtime_call UncommonTrapBlob}
  0x000001f013119e4c: c5f8 77e8 

  0x000001f013119e50: ; ImmutableOopMap {rbp=Oop [40]=Oop [48]=Oop [72]=Oop }
                      ;*if_icmpgt {reexecute=1 rethrow=0 return_oop=0}
                      ; - (reexecute) jdk.internal.util.Preconditions::checkFromToIndex@6
                      ; - java.lang.String::checkBoundsBeginEnd@6
                      ; - java.lang.String::substring@8
                      ; - java.lang.Class::getPackageName@62
                      ; - java.lang.ClassLoader::postDefineClass@2
                      ; - java.lang.ClassLoader::defineClass@37
                      ; - java.security.SecureClassLoader::defineClass@12
  0x000001f013119e50: aca4 96fd 

  0x000001f013119e54: ;   {other}
  0x000001f013119e54: 0f1f 8400 | c42c 0043 | 498b d7c5 | f877 49ba | 002a a2ce | ff7f 0000 

  0x000001f013119e6c: ;   {other}
  0x000001f013119e6c: 41ff d20f | 1f84 0000 | 0000 00e9 | 6be5 ffff | 498b d7c5 | f877 49ba | 002a a2ce | ff7f 0000 
  0x000001f013119e8c: ;   {other}
  0x000001f013119e8c: 41ff d20f | 1f84 0000 | 0000 00e9 | 8ee5 ffff | ba45 ffff | ff48 8b6c | 2420 4c8b | 5424 504c 
  0x000001f013119eac: 8954 2430 | 4c89 4424 | 4844 894c | 2458 4489 | 5c24 5c44 | 894c 2460 | 4489 5c24 | 6466 6690 
  0x000001f013119ecc: ;   {runtime_call UncommonTrapBlob}
  0x000001f013119ecc: c5f8 77e8 

  0x000001f013119ed0: ; ImmutableOopMap {rbp=Oop [40]=Oop [48]=Oop [72]=Oop }
                      ;*if_icmple {reexecute=1 rethrow=0 return_oop=0}
                      ; - (reexecute) jdk.internal.util.Preconditions::checkFromToIndex@11
                      ; - java.lang.String::checkBoundsBeginEnd@6
                      ; - java.lang.String::substring@8
                      ; - java.lang.Class::getPackageName@62
                      ; - java.lang.ClassLoader::postDefineClass@2
                      ; - java.lang.ClassLoader::defineClass@37
                      ; - java.security.SecureClassLoader::defineClass@12
  0x000001f013119ed0: 2ca4 96fd 

  0x000001f013119ed4: ;   {other}
  0x000001f013119ed4: 0f1f 8400 | 442d 0044 | 498b d7c5 | f877 49ba | 002a a2ce | ff7f 0000 

  0x000001f013119eec: ;   {other}
  0x000001f013119eec: 41ff d20f | 1f84 0000 | 0000 00e9 | 7ce0 ffff | ba45 ffff | ff48 8b4c | 2450 4889 | 4c24 384c 
  0x000001f013119f0c: 896c 2440 | 4489 4424 | 504c 8974 | 2458 4489 | 4c24 5444 | 895c 2460 | 4489 5424 | 6466 6690 
  0x000001f013119f2c: ;   {runtime_call UncommonTrapBlob}
  0x000001f013119f2c: c5f8 77e8 

  0x000001f013119f30: ; ImmutableOopMap {[32]=Oop [56]=Oop [64]=Oop [80]=NarrowOop [84]=NarrowOop [88]=Oop }
                      ;*if_icmpne {reexecute=1 rethrow=0 return_oop=0}
                      ; - (reexecute) java.lang.String::equals@33
                      ; - java.util.concurrent.ConcurrentHashMap::get@73
                      ; - java.lang.ClassLoader::getNamedPackage@5
                      ; - java.lang.ClassLoader::postDefineClass@9
                      ; - java.lang.ClassLoader::defineClass@37
                      ; - java.security.SecureClassLoader::defineClass@12
  0x000001f013119f30: cca3 96fd 

  0x000001f013119f34: ;   {other}
  0x000001f013119f34: 0f1f 8400 | a42d 0045 | 8bdd 448b | 5514 4585 | d20f 844a | f1ff ff4d | 8b5f 2849 | 8bca 4d85 
  0x000001f013119f54: db0f 842d | 0500 004d | 8b57 384b | 894c 1af8 | 4983 c3f8 | 4d89 5f28 | e924 f1ff | ff4d 8b57 
  0x000001f013119f74: 484d 8b5f | 58f0 8344 | 24c0 0041 | 8038 0074 | 3545 8820 | 4d85 d274 | 0f4f 8944 | 13f8 4983 
  0x000001f013119f94: c2f8 4d89 | 5748 eb1e | 498b c849 | 8bd7 c5f8 | 7749 bae0 | 29a2 ceff | 7f00 0041 

  0x000001f013119fb0: ;   {other}
  0x000001f013119fb0: ffd2 0f1f | 8400 0000 | 0000 448b | 5b14 4585 | db0f 84f9 | 0400 004d | 8bd3 4c89 | 5424 38e9 
  0x000001f013119fd0: fcf0 ffff | 4c89 4424 | 7045 8bc2 | 4489 5c24 | 5c48 897c | 2468 4889 | 5c24 604c | 8b54 2450 
  0x000001f013119ff0: 4c89 5424 | 484c 8b54 | 2428 4c89 | 5424 2048 | 33d2 488d | 14ca 6690 

  0x000001f01311a008: ;   {runtime_call _new_array_Java}
  0x000001f01311a008: c5f8 77e8 

  0x000001f01311a00c: ; ImmutableOopMap {rbp=Oop [32]=Oop [48]=Oop [56]=Oop [72]=Oop [92]=NarrowOop [96]=Oop [104]=Oop }
                      ;*invokevirtual clone {reexecute=1 rethrow=0 return_oop=1}
                      ; - (reexecute) java.security.CodeSource::getCertificates@11
                      ; - java.lang.ClassLoader::checkCerts@34
                      ; - java.lang.ClassLoader::preDefineClass@113
                      ; - java.lang.ClassLoader::defineClass@4
                      ; - java.security.SecureClassLoader::defineClass@12
  0x000001f01311a00c: 7092 a2fd 

  0x000001f01311a010: ;   {other}
  0x000001f01311a010: 0f1f 8400 | 802e 0046 | 4c8b 5c24 | 204c 895c | 2428 4c8b | 5c24 484c | 895c 2450 | 488b 5c24 
  0x000001f01311a030: 6048 8b7c | 2468 448b | 5c24 5c4c | 8b44 2470 | 488b f0e9 | 2ee6 ffff | ba45 ffff | ff4c 8b54 
  0x000001f01311a050: 2450 4c89 | 5424 384c | 896c 2440 | 4489 4424 | 504c 8974 | 2458 4889 | 5c24 6044 | 895c 2454 
  0x000001f01311a070: ;   {runtime_call UncommonTrapBlob}
  0x000001f01311a070: c5f8 77e8 

  0x000001f01311a074: ; ImmutableOopMap {rbp=NarrowOop [32]=Oop [56]=Oop [64]=Oop [80]=NarrowOop [88]=Oop [96]=Oop }
                      ;*ifnull {reexecute=1 rethrow=0 return_oop=0}
                      ; - (reexecute) java.util.concurrent.ConcurrentHashMap::get@143
                      ; - java.lang.ClassLoader::getNamedPackage@5
                      ; - java.lang.ClassLoader::postDefineClass@9
                      ; - java.lang.ClassLoader::defineClass@37
                      ; - java.security.SecureClassLoader::defineClass@12
  0x000001f01311a074: 88a2 96fd 

  0x000001f01311a078: ;   {other}
  0x000001f01311a078: 0f1f 8400 | e82e 0047 | 4c89 4424 | 3889 4c24 | 304c 8b54 | 2420 4c89 | 5424 284c | 896c 2420 
  0x000001f01311a098: 4833 d24a | 8d14 da44 | 8bc7 6690 

  0x000001f01311a0a4: ;   {runtime_call _new_array_Java}
  0x000001f01311a0a4: c5f8 77e8 

  0x000001f01311a0a8: ; ImmutableOopMap {rbp=Oop [32]=Oop [40]=Oop [48]=NarrowOop }
                      ;*invokevirtual clone {reexecute=1 rethrow=0 return_oop=1}
                      ; - (reexecute) java.security.CodeSource::getCertificates@11
                      ; - java.lang.ClassLoader::postDefineClass@24
                      ; - java.lang.ClassLoader::defineClass@37
                      ; - java.security.SecureClassLoader::defineClass@12
  0x000001f01311a0a8: d491 a2fd 

  0x000001f01311a0ac: ;   {other}
  0x000001f01311a0ac: 0f1f 8400 | 1c2f 0048 | 4c8b 5424 | 284c 8954 | 2420 8b4c | 2430 4c8b | 4424 38e9 | 0bee ffff 
  0x000001f01311a0cc: 4889 4c24 | 7844 8944 | 2470 4889 | 7c24 6844 | 8974 245c | 4889 5c24 | 604c 8b54 | 2450 4c89 
  0x000001f01311a0ec: 5424 484c | 8b54 2430 | 4c89 5424 | 2048 8b6c 

  0x000001f01311a0fc: ;   {metadata('java/util/ArrayList')}
  0x000001f01311a0fc: 2428 48ba | 107e 0500 | 0100 0000 

  0x000001f01311a108: ;   {runtime_call _new_instance_Java}
  0x000001f01311a108: c5f8 77e8 

  0x000001f01311a10c: ; ImmutableOopMap {rbp=Oop [32]=Oop [56]=Oop [72]=Oop [92]=NarrowOop [96]=Oop [104]=Oop [112]=NarrowOop [120]=Oop }
                      ;*new {reexecute=0 rethrow=0 return_oop=1}
                      ; - java.security.CodeSource::getCertificates@25
                      ; - java.lang.ClassLoader::checkCerts@34
                      ; - java.lang.ClassLoader::preDefineClass@113
                      ; - java.lang.ClassLoader::defineClass@4
                      ; - java.security.SecureClassLoader::defineClass@12
  0x000001f01311a10c: 708e a2fd 

  0x000001f01311a110: ;   {other}
  0x000001f01311a110: 0f1f 8400 | 802f 0049 | 4889 6c24 | 284c 8b54 | 2420 4c89 | 5424 304c | 8b54 2448 | 4c89 5424 
  0x000001f01311a130: 5048 8b5c | 2460 448b | 7424 5c48 | 8b7c 2468 | 448b 4424 | 7048 8b4c | 2478 e9ae | e5ff ff4c 
  0x000001f01311a150: 898c 2488 | 0000 0048 | 898c 2480 | 0000 0048 | 897c 2478 | 4c89 5c24 | 704c 8954 | 2468 4489 
  0x000001f01311a170: 7424 5c48 | 895c 2460 | 4c8b 5424 | 504c 8954 | 2448 4c8b | 5424 304c | 8954 2420 | 488b 6c24 
  0x000001f01311a190: ;   {metadata('java/security/cert/Certificate'[])}
  0x000001f01311a190: 2848 ba18 | 2e03 0001 | 0000 0044 | 8b44 2458 

  0x000001f01311a1a0: ;   {runtime_call _new_array_Java}
  0x000001f01311a1a0: c5f8 77e8 

  0x000001f01311a1a4: ; ImmutableOopMap {rbp=Oop [32]=Oop [56]=Oop [72]=Oop [92]=NarrowOop [96]=Oop [104]=Oop [120]=Oop [128]=Oop [136]=Oop }
                      ;*anewarray {reexecute=0 rethrow=0 return_oop=1}
                      ; - java.security.CodeSource::getCertificates@70
                      ; - java.lang.ClassLoader::checkCerts@34
                      ; - java.lang.ClassLoader::preDefineClass@113
                      ; - java.lang.ClassLoader::defineClass@4
                      ; - java.security.SecureClassLoader::defineClass@12
  0x000001f01311a1a4: d890 a2fd 

  0x000001f01311a1a8: ;   {other}
  0x000001f01311a1a8: 0f1f 8400 | 1830 004a | e94d e7ff | ff4c 8954 | 2430 4889 | 5c24 2848 | 33d2 4a8d | 14da 6690 
  0x000001f01311a1c8: ;   {runtime_call _new_array_Java}
  0x000001f01311a1c8: c5f8 77e8 

  0x000001f01311a1cc: ; ImmutableOopMap {rbp=Oop [32]=Oop [40]=Oop [56]=Oop [72]=Oop [96]=Oop [104]=Oop [120]=Oop }
                      ;*invokevirtual clone {reexecute=1 rethrow=0 return_oop=1}
                      ; - (reexecute) java.security.CodeSource::getCertificates@86
                      ; - java.lang.ClassLoader::checkCerts@34
                      ; - java.lang.ClassLoader::preDefineClass@113
                      ; - java.lang.ClassLoader::defineClass@4
                      ; - java.security.SecureClassLoader::defineClass@12
  0x000001f01311a1cc: b090 a2fd 

  0x000001f01311a1d0: ;   {other}
  0x000001f01311a1d0: 0f1f 8400 | 4030 004b | 488b 5c24 | 284c 8b54 | 2430 488b | f0e9 04e8 | ffff 4889 | 4c24 3044 
  0x000001f01311a1f0: 8954 242c | 4489 5c24 | 2849 8bed 

  0x000001f01311a1fc: ;   {metadata('java/util/ArrayList')}
  0x000001f01311a1fc: 48ba 107e | 0500 0100 | 0000 6690 

  0x000001f01311a208: ;   {runtime_call _new_instance_Java}
  0x000001f01311a208: c5f8 77e8 

  0x000001f01311a20c: ; ImmutableOopMap {rbp=Oop [32]=Oop [40]=NarrowOop [44]=NarrowOop [48]=Oop }
                      ;*new {reexecute=0 rethrow=0 return_oop=1}
                      ; - java.security.CodeSource::getCertificates@25
                      ; - java.lang.ClassLoader::postDefineClass@24
                      ; - java.lang.ClassLoader::defineClass@37
                      ; - java.security.SecureClassLoader::defineClass@12
  0x000001f01311a20c: 708d a2fd 

  0x000001f01311a210: ;   {other}
  0x000001f01311a210: 0f1f 8400 | 8030 004c | 4c8b ed44 | 8b5c 2428 | 448b 5424 | 2c48 8b4c | 2430 e91e | edff ff4c 
  0x000001f01311a230: 894c 2438 | 4889 4c24 | 3041 8beb | 4c89 6c24 

  0x000001f01311a240: ;   {metadata('java/security/cert/Certificate'[])}
  0x000001f01311a240: 2848 ba18 | 2e03 0001 | 0000 0044 | 8b44 2458 

  0x000001f01311a250: ;   {runtime_call _new_array_Java}
  0x000001f01311a250: c5f8 77e8 

  0x000001f01311a254: ; ImmutableOopMap {rbp=NarrowOop [32]=Oop [40]=Oop [48]=Oop [56]=Oop }
                      ;*anewarray {reexecute=0 rethrow=0 return_oop=1}
                      ; - java.security.CodeSource::getCertificates@70
                      ; - java.lang.ClassLoader::postDefineClass@24
                      ; - java.lang.ClassLoader::defineClass@37
                      ; - java.security.SecureClassLoader::defineClass@12
  0x000001f01311a254: 2890 a2fd 

  0x000001f01311a258: ;   {other}
  0x000001f01311a258: 0f1f 8400 | c830 004d | e9f5 edff | ff48 33d2 | 4a8d 14d2 

  0x000001f01311a26c: ;   {runtime_call _new_array_Java}
  0x000001f01311a26c: c5f8 77e8 

  0x000001f01311a270: ; ImmutableOopMap {[32]=Oop [40]=Oop [56]=Oop }
                      ;*invokevirtual clone {reexecute=1 rethrow=0 return_oop=1}
                      ; - (reexecute) java.security.CodeSource::getCertificates@86
                      ; - java.lang.ClassLoader::postDefineClass@24
                      ; - java.lang.ClassLoader::defineClass@37
                      ; - java.security.SecureClassLoader::defineClass@12
  0x000001f01311a270: 0c90 a2fd 

  0x000001f01311a274: ;   {other}
  0x000001f01311a274: 0f1f 8400 | e430 004e | e9c8 eeff | ffba e4ff | ffff 488b | 6c24 284c | 8b54 2438 | 4c89 5424 
  0x000001f01311a294: 2844 8b54 | 2440 4489 | 5424 388b | 4c24 4489 | 4c24 3c4c | 8b54 2450 | 4c89 5424 | 4048 895c 
  0x000001f01311a2b4: 2448 4889 | 7c24 5044 | 8974 2458 | 4c89 4c24 | 6844 8944 | 2470 4489 | 5c24 7490 

  0x000001f01311a2d0: ;   {runtime_call UncommonTrapBlob}
  0x000001f01311a2d0: c5f8 77e8 

  0x000001f01311a2d4: ; ImmutableOopMap {rbp=Oop [40]=Oop [48]=Oop [64]=Oop [72]=Oop [80]=Oop [88]=NarrowOop [104]=Oop [112]=NarrowOop }
                      ;*aaload {reexecute=0 rethrow=0 return_oop=0}
                      ; - java.security.CodeSource::getCertificates@50
                      ; - java.lang.ClassLoader::checkCerts@34
                      ; - java.lang.ClassLoader::preDefineClass@113
                      ; - java.lang.ClassLoader::defineClass@4
                      ; - java.security.SecureClassLoader::defineClass@12
  0x000001f01311a2d4: 28a0 96fd 

  0x000001f01311a2d8: ;   {other}
  0x000001f01311a2d8: 0f1f 8400 | 4831 004f | ba76 ffff | ff48 8b6c | 2428 4c8b | 5c24 384c | 895c 2428 | 448b 4424 
  0x000001f01311a2f8: 4044 8944 | 2438 448b | 5c24 4444 | 895c 243c | 4c8b 5c24 | 504c 895c | 2440 4889 | 7c24 5844 
  0x000001f01311a318: 8954 2460 | 4489 4c24 | 6489 4424 | 6848 895c | 2470 894c | 2478 6690 

  0x000001f01311a330: ;   {runtime_call UncommonTrapBlob}
  0x000001f01311a330: c5f8 77e8 

  0x000001f01311a334: ; ImmutableOopMap {rbp=Oop [40]=Oop [48]=Oop [64]=Oop [88]=Oop [104]=NarrowOop [112]=Oop }
                      ;*if_icmpge {reexecute=1 rethrow=0 return_oop=0}
                      ; - (reexecute) java.lang.ClassLoader::compareCerts@67
                      ; - java.lang.ClassLoader::checkCerts@80
                      ; - java.lang.ClassLoader::preDefineClass@113
                      ; - java.lang.ClassLoader::defineClass@4
                      ; - java.security.SecureClassLoader::defineClass@12
  0x000001f01311a334: c89f 96fd 

  0x000001f01311a338: ;   {other}
  0x000001f01311a338: 0f1f 8400 | a831 0050 | ba76 ffff | ff48 8b6c | 2428 4c8b | 4c24 384c | 894c 2428 | 8b4c 2440 
  0x000001f01311a358: 894c 2438 | 448b 4c24 | 4444 894c | 243c 4c8b | 4c24 504c | 894c 2440 | 4c8b 4c24 | 704c 8954 
  0x000001f01311a378: 2450 4489 | 4424 5c44 | 895c 2460 | 4c89 4c24 | 6844 8b9c | 2494 0000 | 0045 8bd3 | 4489 5424 
  0x000001f01311a398: 7066 6690 

  0x000001f01311a39c: ;   {runtime_call UncommonTrapBlob}
  0x000001f01311a39c: c5f8 77e8 

  0x000001f01311a3a0: ; ImmutableOopMap {rbp=Oop [40]=Oop [48]=Oop [64]=Oop [80]=Oop [96]=NarrowOop [104]=Oop }
                      ;*if_icmpge {reexecute=1 rethrow=0 return_oop=0}
                      ; - (reexecute) java.lang.ClassLoader::compareCerts@152
                      ; - java.lang.ClassLoader::checkCerts@80
                      ; - java.lang.ClassLoader::preDefineClass@113
                      ; - java.lang.ClassLoader::defineClass@4
                      ; - java.security.SecureClassLoader::defineClass@12
  0x000001f01311a3a0: 5c9f 96fd 

  0x000001f01311a3a4: ;   {other}
  0x000001f01311a3a4: 0f1f 8400 | 1432 0051 | bae4 ffff | ff4c 896c | 2428 4489 | 5c24 304c | 894c 2440 | 4489 5424 
  0x000001f01311a3c4: 4844 8944 | 244c 6690 

  0x000001f01311a3cc: ;   {runtime_call UncommonTrapBlob}
  0x000001f01311a3cc: c5f8 77e8 

  0x000001f01311a3d0: ; ImmutableOopMap {[32]=Oop [40]=Oop [48]=NarrowOop [64]=Oop [72]=NarrowOop }
                      ;*aaload {reexecute=0 rethrow=0 return_oop=0}
                      ; - java.security.CodeSource::getCertificates@50
                      ; - java.lang.ClassLoader::postDefineClass@24
                      ; - java.lang.ClassLoader::defineClass@37
                      ; - java.security.SecureClassLoader::defineClass@12
  0x000001f01311a3d0: 2c9f 96fd 

  0x000001f01311a3d4: ;   {other}
  0x000001f01311a3d4: 0f1f 8400 | 4432 0052 | baf6 ffff | ff66 6690 

  0x000001f01311a3e4: ;   {runtime_call UncommonTrapBlob}
  0x000001f01311a3e4: c5f8 77e8 

  0x000001f01311a3e8: ; ImmutableOopMap {}
                      ;*invokevirtual isNamed {reexecute=0 rethrow=0 return_oop=0}
                      ; - java.lang.NamedPackage::<init>@12
                      ; - java.lang.ClassLoader::getNamedPackage@22
                      ; - java.lang.ClassLoader::postDefineClass@9
                      ; - java.lang.ClassLoader::defineClass@37
                      ; - java.security.SecureClassLoader::defineClass@12
  0x000001f01311a3e8: 149f 96fd 

  0x000001f01311a3ec: ;   {other}
  0x000001f01311a3ec: 0f1f 8400 | 5c32 0053 | ba12 0000 | 004c 8b54 | 2450 4c89 | 5424 4890 

  0x000001f01311a404: ;   {runtime_call UncommonTrapBlob}
  0x000001f01311a404: c5f8 77e8 

  0x000001f01311a408: ; ImmutableOopMap {rbp=NarrowOop [32]=Oop [40]=Oop [48]=Oop [56]=Oop [72]=Oop }
                      ;*new {reexecute=0 rethrow=0 return_oop=0}
                      ; - java.lang.NamedPackage::<init>@18
                      ; - java.lang.ClassLoader::getNamedPackage@22
                      ; - java.lang.ClassLoader::postDefineClass@9
                      ; - java.lang.ClassLoader::defineClass@37
                      ; - java.security.SecureClassLoader::defineClass@12
  0x000001f01311a408: f49e 96fd 

  0x000001f01311a40c: ;   {other}
  0x000001f01311a40c: 0f1f 8400 | 7c32 0054 | 498b d7c5 | f877 49ba | 002a a2ce | ff7f 0000 

  0x000001f01311a424: ;   {other}
  0x000001f01311a424: 41ff d20f | 1f84 0000 | 0000 00e9 | 0fe5 ffff | ba76 ffff | ff48 8b6c | 2428 4c8b | 5c24 384c 
  0x000001f01311a444: 895c 2428 | 448b 4424 | 4044 8944 | 2438 448b | 4424 4444 | 8944 243c | 4c8b 5c24 | 504c 895c 
  0x000001f01311a464: 2440 4889 | 5c24 4848 | 897c 2458 | 4489 5424 | 6466 6690 

  0x000001f01311a478: ;   {runtime_call UncommonTrapBlob}
  0x000001f01311a478: c5f8 77e8 

  0x000001f01311a47c: ; ImmutableOopMap {rbp=Oop [40]=Oop [48]=Oop [64]=Oop [72]=Oop [88]=Oop [104]=Oop }
                      ;*if_icmpge {reexecute=1 rethrow=0 return_oop=0}
                      ; - (reexecute) java.lang.ClassLoader::compareCerts@40
                      ; - java.lang.ClassLoader::checkCerts@80
                      ; - java.lang.ClassLoader::preDefineClass@113
                      ; - java.lang.ClassLoader::defineClass@4
                      ; - java.security.SecureClassLoader::defineClass@12
  0x000001f01311a47c: 809e 96fd 

  0x000001f01311a480: ;   {other}
  0x000001f01311a480: 0f1f 8400 | f032 0055 | 498b d7c5 | f877 49ba | 002a a2ce | ff7f 0000 

  0x000001f01311a498: ;   {other}
  0x000001f01311a498: 41ff d20f | 1f84 0000 | 0000 00e9 | edeb ffff | baf6 ffff | ff66 6690 

  0x000001f01311a4b0: ;   {runtime_call UncommonTrapBlob}
  0x000001f01311a4b0: c5f8 77e8 

  0x000001f01311a4b4: ; ImmutableOopMap {}
                      ;*invokevirtual clone {reexecute=1 rethrow=0 return_oop=0}
                      ; - (reexecute) java.security.CodeSource::getCertificates@86
                      ; - java.lang.ClassLoader::checkCerts@34
                      ; - java.lang.ClassLoader::preDefineClass@113
                      ; - java.lang.ClassLoader::defineClass@4
                      ; - java.security.SecureClassLoader::defineClass@12
  0x000001f01311a4b4: 489e 96fd 

  0x000001f01311a4b8: ;   {other}
  0x000001f01311a4b8: 0f1f 8400 | 2833 0056 | baf6 ffff | ff66 6690 

  0x000001f01311a4c8: ;   {runtime_call UncommonTrapBlob}
  0x000001f01311a4c8: c5f8 77e8 

  0x000001f01311a4cc: ; ImmutableOopMap {}
                      ;*invokevirtual clone {reexecute=1 rethrow=0 return_oop=0}
                      ; - (reexecute) java.security.CodeSource::getCertificates@86
                      ; - java.lang.ClassLoader::postDefineClass@24
                      ; - java.lang.ClassLoader::defineClass@37
                      ; - java.security.SecureClassLoader::defineClass@12
  0x000001f01311a4cc: 309e 96fd 

  0x000001f01311a4d0: ;   {other}
  0x000001f01311a4d0: 0f1f 8400 | 4033 0057 | bade ffff | ff48 8b6c | 2428 4c8b | 5424 304c | 8954 2420 | 4c8b 5424 
  0x000001f01311a4f0: 384c 8954 | 2428 4889 | 4424 3890 

  0x000001f01311a4fc: ;   {runtime_call UncommonTrapBlob}
  0x000001f01311a4fc: c5f8 77e8 

  0x000001f01311a500: ; ImmutableOopMap {rbp=Oop [32]=Oop [40]=Oop [56]=Oop }
                      ;*checkcast {reexecute=0 rethrow=0 return_oop=0}
                      ; - java.security.SecureClassLoader::getProtectionDomain@33
                      ; - java.security.SecureClassLoader::defineClass@9
  0x000001f01311a500: fc9d 96fd 

  0x000001f01311a504: ;   {other}
  0x000001f01311a504: 0f1f 8400 | 7433 0058 | bade ffff | ff48 8b6c | 2428 4c8b | 5424 504c | 8954 2448 | 4889 4424 
  0x000001f01311a524: 5866 6690 

  0x000001f01311a528: ;   {runtime_call UncommonTrapBlob}
  0x000001f01311a528: c5f8 77e8 

  0x000001f01311a52c: ; ImmutableOopMap {rbp=Oop [32]=Oop [48]=Oop [56]=Oop [72]=Oop [88]=Oop [104]=Oop }
                      ;*checkcast {reexecute=0 rethrow=0 return_oop=0}
                      ; - java.lang.ClassLoader::checkCerts@65
                      ; - java.lang.ClassLoader::preDefineClass@113
                      ; - java.lang.ClassLoader::defineClass@4
                      ; - java.security.SecureClassLoader::defineClass@12
  0x000001f01311a52c: d09d 96fd 

  0x000001f01311a530: ;   {other}
  0x000001f01311a530: 0f1f 8400 | a033 0059 | bade ffff | ff4c 8b54 | 2438 4c89 | 5424 2844 | 8b54 2440 | 4489 5424 
  0x000001f01311a550: 3044 8b5c | 2444 4489 | 5c24 344c | 8b54 2448 | 4c89 5424 | 384c 8b54 | 2460 4c89 | 5424 4048 
  0x000001f01311a570: 8944 2460 

  0x000001f01311a574: ;   {runtime_call UncommonTrapBlob}
  0x000001f01311a574: c5f8 77e8 

  0x000001f01311a578: ; ImmutableOopMap {rbp=Oop [32]=Oop [40]=Oop [56]=Oop [64]=Oop [92]=NarrowOop [96]=Oop [120]=Oop }
                      ;*checkcast {reexecute=0 rethrow=0 return_oop=0}
                      ; - java.security.CodeSource::getCertificates@76
                      ; - java.lang.ClassLoader::checkCerts@34
                      ; - java.lang.ClassLoader::preDefineClass@113
                      ; - java.lang.ClassLoader::defineClass@4
                      ; - java.security.SecureClassLoader::defineClass@12
  0x000001f01311a578: 849d 96fd 

  0x000001f01311a57c: ;   {other}
  0x000001f01311a57c: 0f1f 8400 | ec33 005a | bade ffff | ff48 8944 | 2440 6690 

  0x000001f01311a590: ;   {runtime_call UncommonTrapBlob}
  0x000001f01311a590: c5f8 77e8 

  0x000001f01311a594: ; ImmutableOopMap {rbp=NarrowOop [32]=Oop [40]=Oop [64]=Oop }
                      ;*checkcast {reexecute=0 rethrow=0 return_oop=0}
                      ; - java.security.CodeSource::getCertificates@76
                      ; - java.lang.ClassLoader::postDefineClass@24
                      ; - java.lang.ClassLoader::defineClass@37
                      ; - java.security.SecureClassLoader::defineClass@12
  0x000001f01311a594: 689d 96fd 

  0x000001f01311a598: ;   {other}
  0x000001f01311a598: 0f1f 8400 | 0834 005b | baf6 ffff | ff49 8be8 | 4c89 4c24 | 2066 6690 

  0x000001f01311a5b0: ;   {runtime_call UncommonTrapBlob}
  0x000001f01311a5b0: c5f8 77e8 

  0x000001f01311a5b4: ; ImmutableOopMap {rbp=Oop [32]=Oop }
                      ;*invokeinterface computeIfAbsent {reexecute=0 rethrow=0 return_oop=0}
                      ; - java.security.SecureClassLoader::getProtectionDomain@28
                      ; - java.security.SecureClassLoader::defineClass@9
  0x000001f01311a5b4: 489d 96fd 

  0x000001f01311a5b8: ;   {other}
  0x000001f01311a5b8: 0f1f 8400 | 2834 005c | baf4 ffff | ff48 8b6c | 2428 4c8b | 5424 304c | 8954 2420 

  0x000001f01311a5d4: ;   {runtime_call UncommonTrapBlob}
  0x000001f01311a5d4: c5f8 77e8 

  0x000001f01311a5d8: ; ImmutableOopMap {rbp=Oop [32]=Oop [56]=Oop }
                      ;*checkcast {reexecute=0 rethrow=0 return_oop=0}
                      ; - java.security.SecureClassLoader::getProtectionDomain@33
                      ; - java.security.SecureClassLoader::defineClass@9
  0x000001f01311a5d8: 249d 96fd 

  0x000001f01311a5dc: ;   {other}
  0x000001f01311a5dc: 0f1f 8400 | 4c34 005d | baf6 ffff | ff66 6690 

  0x000001f01311a5ec: ;   {runtime_call UncommonTrapBlob}
  0x000001f01311a5ec: c5f8 77e8 

  0x000001f01311a5f0: ; ImmutableOopMap {}
                      ;*arraylength {reexecute=0 rethrow=0 return_oop=0}
                      ; - java.lang.String::isEmpty@4
                      ; - java.lang.ClassLoader::checkName@5
                      ; - java.lang.ClassLoader::preDefineClass@1
                      ; - java.lang.ClassLoader::defineClass@4
                      ; - java.security.SecureClassLoader::defineClass@12
  0x000001f01311a5f0: 0c9d 96fd 

  0x000001f01311a5f4: ;   {other}
  0x000001f01311a5f4: 0f1f 8400 | 6434 005e | baf6 ffff | ff66 6690 

  0x000001f01311a604: ;   {runtime_call UncommonTrapBlob}
  0x000001f01311a604: c5f8 77e8 

  0x000001f01311a608: ; ImmutableOopMap {}
                      ;*arraylength {reexecute=0 rethrow=0 return_oop=0}
                      ; - java.lang.String::length@4
                      ; - java.lang.String::startsWith@6
                      ; - java.lang.String::startsWith@3
                      ; - java.lang.ClassLoader::preDefineClass@43
                      ; - java.lang.ClassLoader::defineClass@4
                      ; - java.security.SecureClassLoader::defineClass@12
  0x000001f01311a608: f49c 96fd 

  0x000001f01311a60c: ;   {other}
  0x000001f01311a60c: 0f1f 8400 | 7c34 005f | baf6 ffff | ff66 6690 

  0x000001f01311a61c: ;   {runtime_call UncommonTrapBlob}
  0x000001f01311a61c: c5f8 77e8 

  0x000001f01311a620: ; ImmutableOopMap {}
                      ;*invokevirtual getPackageName {reexecute=0 rethrow=0 return_oop=0}
                      ; - java.lang.ClassLoader::postDefineClass@2
                      ; - java.lang.ClassLoader::defineClass@37
                      ; - java.security.SecureClassLoader::defineClass@12
  0x000001f01311a620: dc9c 96fd 

  0x000001f01311a624: ;   {other}
  0x000001f01311a624: 0f1f 8400 | 9434 0060 | baf6 ffff | ff66 6690 

  0x000001f01311a634: ;   {runtime_call UncommonTrapBlob}
  0x000001f01311a634: c5f8 77e8 

  0x000001f01311a638: ; ImmutableOopMap {}
                      ;*invokevirtual hashCode {reexecute=0 rethrow=0 return_oop=0}
                      ; - java.util.concurrent.ConcurrentHashMap::get@1
                      ; - java.lang.ClassLoader::getNamedPackage@5
                      ; - java.lang.ClassLoader::postDefineClass@9
                      ; - java.lang.ClassLoader::defineClass@37
                      ; - java.security.SecureClassLoader::defineClass@12
  0x000001f01311a638: c49c 96fd 

  0x000001f01311a63c: ;   {other}
  0x000001f01311a63c: 0f1f 8400 | ac34 0061 | baf6 ffff | ff66 6690 

  0x000001f01311a64c: ;   {runtime_call UncommonTrapBlob}
  0x000001f01311a64c: c5f8 77e8 

  0x000001f01311a650: ; ImmutableOopMap {}
                      ;*arraylength {reexecute=0 rethrow=0 return_oop=0}
                      ; - java.lang.StringLatin1::charAt@2
                      ; - java.lang.String::charAt@12
                      ; - java.lang.ClassLoader::checkName@25
                      ; - java.lang.ClassLoader::preDefineClass@1
                      ; - java.lang.ClassLoader::defineClass@4
                      ; - java.security.SecureClassLoader::defineClass@12
  0x000001f01311a650: ac9c 96fd 

  0x000001f01311a654: ;   {other}
  0x000001f01311a654: 0f1f 8400 | c434 0062 | 4d85 d244 | 8b54 2458 | 410f 94c2 | ba45 ffff | ff48 8944 | 2440 4489 
  0x000001f01311a674: 5424 4890 

  0x000001f01311a678: ;   {runtime_call UncommonTrapBlob}
  0x000001f01311a678: c5f8 77e8 

  0x000001f01311a67c: ; ImmutableOopMap {[32]=Oop [40]=Oop [64]=Oop [80]=Oop }
                      ;*ifeq {reexecute=1 rethrow=0 return_oop=0}
                      ; - (reexecute) java.lang.Class::getPackageName@29
                      ; - java.lang.ClassLoader::postDefineClass@2
                      ; - java.lang.ClassLoader::defineClass@37
                      ; - java.security.SecureClassLoader::defineClass@12
  0x000001f01311a67c: 809c 96fd 

  0x000001f01311a680: ;   {other}
  0x000001f01311a680: 0f1f 8400 | f034 0063 | baf6 ffff | ff66 6690 

  0x000001f01311a690: ;   {runtime_call UncommonTrapBlob}
  0x000001f01311a690: c5f8 77e8 

  0x000001f01311a694: ; ImmutableOopMap {}
                      ;*arraylength {reexecute=0 rethrow=0 return_oop=0}
                      ; - java.lang.String::length@4
                      ; - java.lang.String::lastIndexOf@3
                      ; - java.lang.Class::getPackageName@47
                      ; - java.lang.ClassLoader::postDefineClass@2
                      ; - java.lang.ClassLoader::defineClass@37
                      ; - java.security.SecureClassLoader::defineClass@12
  0x000001f01311a694: 689c 96fd 

  0x000001f01311a698: ;   {other}
  0x000001f01311a698: 0f1f 8400 | 0835 0064 | baf6 ffff | ff66 6690 

  0x000001f01311a6a8: ;   {runtime_call UncommonTrapBlob}
  0x000001f01311a6a8: c5f8 77e8 

  0x000001f01311a6ac: ; ImmutableOopMap {}
                      ;*arraylength {reexecute=0 rethrow=0 return_oop=0}
                      ; - java.lang.String::isEmpty@4
                      ; - java.lang.NamedPackage::<init>@5
                      ; - java.lang.ClassLoader::getNamedPackage@22
                      ; - java.lang.ClassLoader::postDefineClass@9
                      ; - java.lang.ClassLoader::defineClass@37
                      ; - java.security.SecureClassLoader::defineClass@12
  0x000001f01311a6ac: 509c 96fd 

  0x000001f01311a6b0: ;   {other}
  0x000001f01311a6b0: 0f1f 8400 | 2035 0065 | ba45 ffff | ff48 8b6c | 2428 4c89 | 5424 2048 | 8944 2448 

  0x000001f01311a6cc: ;   {runtime_call UncommonTrapBlob}
  0x000001f01311a6cc: c5f8 77e8 

  0x000001f01311a6d0: ; ImmutableOopMap {rbp=Oop [32]=Oop [56]=Oop [72]=Oop }
                      ;*ifnull {reexecute=1 rethrow=0 return_oop=0}
                      ; - (reexecute) java.lang.ClassLoader::checkName@1
                      ; - java.lang.ClassLoader::preDefineClass@1
                      ; - java.lang.ClassLoader::defineClass@4
                      ; - java.security.SecureClassLoader::defineClass@12
  0x000001f01311a6d0: 2c9c 96fd 

  0x000001f01311a6d4: ;   {other}
  0x000001f01311a6d4: 0f1f 8400 | 4435 0066 | ba45 ffff | ff48 8b6c | 2428 4c8b | 5424 384c | 8954 2428 | 448b 5424 
  0x000001f01311a6f4: 4044 8954 | 2438 448b | 5c24 4444 | 895c 243c | 4c8b 5424 | 504c 8954 | 2440 4889 | 5c24 4848 
  0x000001f01311a714: 897c 2458 | 4489 7424 | 5466 6690 

  0x000001f01311a720: ;   {runtime_call UncommonTrapBlob}
  0x000001f01311a720: c5f8 77e8 

  0x000001f01311a724: ; ImmutableOopMap {rbp=Oop [40]=Oop [48]=Oop [64]=Oop [72]=Oop [84]=NarrowOop [88]=Oop }
                      ;*ifnull {reexecute=1 rethrow=0 return_oop=0}
                      ; - (reexecute) java.lang.ClassLoader::checkCerts@30
                      ; - java.lang.ClassLoader::preDefineClass@113
                      ; - java.lang.ClassLoader::defineClass@4
                      ; - java.security.SecureClassLoader::defineClass@12
  0x000001f01311a724: d89b 96fd 

  0x000001f01311a728: ;   {other}
  0x000001f01311a728: 0f1f 8400 | 9835 0067 | ba45 ffff | ff48 8b6c | 2428 4c8b | 5c24 304c | 895c 2420 | 4c8b 5c24 
  0x000001f01311a748: 384c 895c | 2428 448b | 5c24 4044 | 895c 2430 | 448b 4424 | 4444 8944 | 2434 4489 | 5424 4490 
  0x000001f01311a768: ;   {runtime_call UncommonTrapBlob}
  0x000001f01311a768: c5f8 77e8 

  0x000001f01311a76c: ; ImmutableOopMap {rbp=Oop [32]=Oop [40]=Oop [68]=NarrowOop [80]=Oop }
                      ;*ifnull {reexecute=1 rethrow=0 return_oop=0}
                      ; - (reexecute) java.lang.ClassLoader::defineClassSourceLocation@8
                      ; - java.lang.ClassLoader::defineClass@12
                      ; - java.security.SecureClassLoader::defineClass@12
  0x000001f01311a76c: 909b 96fd 

  0x000001f01311a770: ;   {other}
  0x000001f01311a770: 0f1f 8400 | e035 0068 | ba45 ffff | ff4c 8b54 | 2428 4c89 | 5424 204c | 8b54 2430 | 4c89 5424 
  0x000001f01311a790: 284c 8b54 | 2438 4c89 | 5424 3044 | 8b54 2440 | 4489 5424 | 3844 8b5c | 2444 4489 | 5c24 3c90 
  0x000001f01311a7b0: ;   {runtime_call UncommonTrapBlob}
  0x000001f01311a7b0: c5f8 77e8 

  0x000001f01311a7b4: ; ImmutableOopMap {rbp=NarrowOop [32]=Oop [40]=Oop [48]=Oop [80]=Oop }
                      ;*ifnull {reexecute=1 rethrow=0 return_oop=0}
                      ; - (reexecute) java.lang.ClassLoader::defineClassSourceLocation@15
                      ; - java.lang.ClassLoader::defineClass@12
                      ; - java.security.SecureClassLoader::defineClass@12
  0x000001f01311a7b4: 489b 96fd 

  0x000001f01311a7b8: ;   {other}
  0x000001f01311a7b8: 0f1f 8400 | 2836 0069 | ba45 ffff | ff48 8b6c | 2420 4489 | 5c24 2090 

  0x000001f01311a7d0: ;   {runtime_call UncommonTrapBlob}
  0x000001f01311a7d0: c5f8 77e8 

  0x000001f01311a7d4: ; ImmutableOopMap {rbp=Oop [32]=NarrowOop }
                      ;*ifnull {reexecute=1 rethrow=0 return_oop=0}
                      ; - (reexecute) java.lang.ClassLoader::postDefineClass@17
                      ; - java.lang.ClassLoader::defineClass@37
                      ; - java.security.SecureClassLoader::defineClass@12
  0x000001f01311a7d4: 289b 96fd 

  0x000001f01311a7d8: ;   {other}
  0x000001f01311a7d8: 0f1f 8400 | 4836 006a | ba45 ffff | ff4c 8b54 | 2450 4c89 | 5424 384c | 896c 2440 | 4489 4424 
  0x000001f01311a7f8: 504c 8974 | 2458 4489 | 4c24 5444 | 895c 2460 

  0x000001f01311a808: ;   {runtime_call UncommonTrapBlob}
  0x000001f01311a808: c5f8 77e8 

  0x000001f01311a80c: ; ImmutableOopMap {rbp=NarrowOop [32]=Oop [56]=Oop [64]=Oop [80]=NarrowOop [84]=NarrowOop [88]=Oop }
                      ;*ifnull {reexecute=1 rethrow=0 return_oop=0}
                      ; - (reexecute) java.util.concurrent.ConcurrentHashMap::get@67
                      ; - java.lang.ClassLoader::getNamedPackage@5
                      ; - java.lang.ClassLoader::postDefineClass@9
                      ; - java.lang.ClassLoader::defineClass@37
                      ; - java.security.SecureClassLoader::defineClass@12
  0x000001f01311a80c: f09a 96fd 

  0x000001f01311a810: ;   {other}
  0x000001f01311a810: 0f1f 8400 | 8036 006b | baf6 ffff | ff41 8beb 

  0x000001f01311a820: ;   {runtime_call UncommonTrapBlob}
  0x000001f01311a820: c5f8 77e8 

  0x000001f01311a824: ; ImmutableOopMap {}
                      ;*aaload {reexecute=0 rethrow=0 return_oop=0}
                      ; - java.security.CodeSource::getCertificates@50
                      ; - java.lang.ClassLoader::checkCerts@34
                      ; - java.lang.ClassLoader::preDefineClass@113
                      ; - java.lang.ClassLoader::defineClass@4
                      ; - java.security.SecureClassLoader::defineClass@12
  0x000001f01311a824: d89a 96fd 

  0x000001f01311a828: ;   {other}
  0x000001f01311a828: 0f1f 8400 | 9836 006c | baf6 ffff | ff66 6690 

  0x000001f01311a838: ;   {runtime_call UncommonTrapBlob}
  0x000001f01311a838: c5f8 77e8 

  0x000001f01311a83c: ; ImmutableOopMap {}
                      ;*invokevirtual getSignerCertPath {reexecute=0 rethrow=0 return_oop=0}
                      ; - java.security.CodeSource::getCertificates@51
                      ; - java.lang.ClassLoader::checkCerts@34
                      ; - java.lang.ClassLoader::preDefineClass@113
                      ; - java.lang.ClassLoader::defineClass@4
                      ; - java.security.SecureClassLoader::defineClass@12
  0x000001f01311a83c: c09a 96fd 

  0x000001f01311a840: ;   {other}
  0x000001f01311a840: 0f1f 8400 | b036 006d | baf6 ffff | ff66 6690 

  0x000001f01311a850: ;   {runtime_call UncommonTrapBlob}
  0x000001f01311a850: c5f8 77e8 

  0x000001f01311a854: ; ImmutableOopMap {}
                      ;*invokevirtual getCertificates {reexecute=0 rethrow=0 return_oop=0}
                      ; - java.security.CodeSource::getCertificates@54
                      ; - java.lang.ClassLoader::checkCerts@34
                      ; - java.lang.ClassLoader::preDefineClass@113
                      ; - java.lang.ClassLoader::defineClass@4
                      ; - java.security.SecureClassLoader::defineClass@12
  0x000001f01311a854: a89a 96fd 

  0x000001f01311a858: ;   {other}
  0x000001f01311a858: 0f1f 8400 | c836 006e | baf6 ffff | ff66 6690 

  0x000001f01311a868: ;   {runtime_call UncommonTrapBlob}
  0x000001f01311a868: c5f8 77e8 

  0x000001f01311a86c: ; ImmutableOopMap {}
                      ;*arraylength {reexecute=0 rethrow=0 return_oop=0}
                      ; - java.security.CodeSource::getCertificates@40
                      ; - java.lang.ClassLoader::checkCerts@34
                      ; - java.lang.ClassLoader::preDefineClass@113
                      ; - java.lang.ClassLoader::defineClass@4
                      ; - java.security.SecureClassLoader::defineClass@12
  0x000001f01311a86c: 909a 96fd 

  0x000001f01311a870: ;   {other}
  0x000001f01311a870: 0f1f 8400 | e036 006f | baf6 ffff | ff41 8be8 

  0x000001f01311a880: ;   {runtime_call UncommonTrapBlob}
  0x000001f01311a880: c5f8 77e8 

  0x000001f01311a884: ; ImmutableOopMap {}
                      ;*aaload {reexecute=0 rethrow=0 return_oop=0}
                      ; - java.security.CodeSource::getCertificates@50
                      ; - java.lang.ClassLoader::postDefineClass@24
                      ; - java.lang.ClassLoader::defineClass@37
                      ; - java.security.SecureClassLoader::defineClass@12
  0x000001f01311a884: 789a 96fd 

  0x000001f01311a888: ;   {other}
  0x000001f01311a888: 0f1f 8400 | f836 0070 | baf6 ffff | ff66 6690 

  0x000001f01311a898: ;   {runtime_call UncommonTrapBlob}
  0x000001f01311a898: c5f8 77e8 

  0x000001f01311a89c: ; ImmutableOopMap {}
                      ;*invokevirtual getSignerCertPath {reexecute=0 rethrow=0 return_oop=0}
                      ; - java.security.CodeSource::getCertificates@51
                      ; - java.lang.ClassLoader::postDefineClass@24
                      ; - java.lang.ClassLoader::defineClass@37
                      ; - java.security.SecureClassLoader::defineClass@12
  0x000001f01311a89c: 609a 96fd 

  0x000001f01311a8a0: ;   {other}
  0x000001f01311a8a0: 0f1f 8400 | 1037 0071 | baf6 ffff | ff66 6690 

  0x000001f01311a8b0: ;   {runtime_call UncommonTrapBlob}
  0x000001f01311a8b0: c5f8 77e8 

  0x000001f01311a8b4: ; ImmutableOopMap {}
                      ;*invokevirtual getCertificates {reexecute=0 rethrow=0 return_oop=0}
                      ; - java.security.CodeSource::getCertificates@54
                      ; - java.lang.ClassLoader::postDefineClass@24
                      ; - java.lang.ClassLoader::defineClass@37
                      ; - java.security.SecureClassLoader::defineClass@12
  0x000001f01311a8b4: 489a 96fd 

  0x000001f01311a8b8: ;   {other}
  0x000001f01311a8b8: 0f1f 8400 | 2837 0072 | baf6 ffff | ff66 6690 

  0x000001f01311a8c8: ;   {runtime_call UncommonTrapBlob}
  0x000001f01311a8c8: c5f8 77e8 

  0x000001f01311a8cc: ; ImmutableOopMap {}
                      ;*arraylength {reexecute=0 rethrow=0 return_oop=0}
                      ; - java.security.CodeSource::getCertificates@40
                      ; - java.lang.ClassLoader::postDefineClass@24
                      ; - java.lang.ClassLoader::defineClass@37
                      ; - java.security.SecureClassLoader::defineClass@12
  0x000001f01311a8cc: 309a 96fd 

  0x000001f01311a8d0: ;   {other}
  0x000001f01311a8d0: 0f1f 8400 | 4037 0073 | ba97 ffff | ff4c 8b54 | 2438 4c89 | 5424 2844 | 8b5c 2440 | 4489 5c24 
  0x000001f01311a8f0: 3044 8b54 | 2444 4489 | 5424 344c | 8b54 2448 | 4c89 5424 | 384c 8b94 | 2480 0000 | 004c 8954 
  0x000001f01311a910: 2468 6690 

  0x000001f01311a914: ;   {runtime_call UncommonTrapBlob}
  0x000001f01311a914: c5f8 77e8 

  0x000001f01311a918: ; ImmutableOopMap {rbp=Oop [32]=Oop [40]=Oop [56]=Oop [92]=NarrowOop [104]=Oop [112]=Oop [120]=NarrowOop [128]=Oop }
                      ;*invokevirtual clone {reexecute=1 rethrow=0 return_oop=0}
                      ; - (reexecute) java.util.Arrays::copyOfRange@18
                      ; - java.lang.StringLatin1::newString@16
                      ; - java.lang.String::substring@41
                      ; - java.lang.ClassLoader::checkCerts@21
                      ; - java.lang.ClassLoader::preDefineClass@113
                      ; - java.lang.ClassLoader::defineClass@4
                      ; - java.security.SecureClassLoader::defineClass@12
  0x000001f01311a918: e499 96fd 

  0x000001f01311a91c: ;   {other}
  0x000001f01311a91c: 0f1f 8400 | 8c37 0074 | baf4 ffff | ff4c 8b54 | 2438 4c89 | 5424 2844 | 8b54 2440 | 4489 5424 
  0x000001f01311a93c: 3044 8b5c | 2444 4489 | 5c24 344c | 8b54 2448 | 4c89 5424 | 3866 6690 

  0x000001f01311a954: ;   {runtime_call UncommonTrapBlob}
  0x000001f01311a954: c5f8 77e8 

  0x000001f01311a958: ; ImmutableOopMap {rbp=Oop [32]=Oop [40]=Oop [56]=Oop [92]=NarrowOop [96]=Oop [120]=Oop }
                      ;*checkcast {reexecute=0 rethrow=0 return_oop=0}
                      ; - java.security.CodeSource::getCertificates@76
                      ; - java.lang.ClassLoader::checkCerts@34
                      ; - java.lang.ClassLoader::preDefineClass@113
                      ; - java.lang.ClassLoader::defineClass@4
                      ; - java.security.SecureClassLoader::defineClass@12
  0x000001f01311a958: a499 96fd 

  0x000001f01311a95c: ;   {other}
  0x000001f01311a95c: 0f1f 8400 | cc37 0075 | ba97 ffff | ff66 6690 

  0x000001f01311a96c: ;   {runtime_call UncommonTrapBlob}
  0x000001f01311a96c: c5f8 77e8 

  0x000001f01311a970: ; ImmutableOopMap {rbp=Oop [32]=Oop [40]=Oop [48]=NarrowOop [56]=Oop }
                      ;*invokevirtual clone {reexecute=1 rethrow=0 return_oop=0}
                      ; - (reexecute) java.util.Arrays::copyOfRange@18
                      ; - java.lang.StringLatin1::newString@16
                      ; - java.lang.String::substring@41
                      ; - java.lang.Class::getPackageName@62
                      ; - java.lang.ClassLoader::postDefineClass@2
                      ; - java.lang.ClassLoader::defineClass@37
                      ; - java.security.SecureClassLoader::defineClass@12
  0x000001f01311a970: 8c99 96fd 

  0x000001f01311a974: ;   {other}
  0x000001f01311a974: 0f1f 8400 | e437 0076 | baf4 ffff | ff66 6690 

  0x000001f01311a984: ;   {runtime_call UncommonTrapBlob}
  0x000001f01311a984: c5f8 77e8 

  0x000001f01311a988: ; ImmutableOopMap {rbp=NarrowOop [32]=Oop [40]=Oop }
                      ;*checkcast {reexecute=0 rethrow=0 return_oop=0}
                      ; - java.security.CodeSource::getCertificates@76
                      ; - java.lang.ClassLoader::postDefineClass@24
                      ; - java.lang.ClassLoader::defineClass@37
                      ; - java.security.SecureClassLoader::defineClass@12
  0x000001f01311a988: 7499 96fd 

  0x000001f01311a98c: ;   {other}
  0x000001f01311a98c: 0f1f 8400 | fc37 0077 | ba97 ffff | ff48 8b6c | 2420 4c8b | 5424 384c | 8954 2428 | 448b 5c24 
  0x000001f01311a9ac: 4044 895c | 2438 448b | 5424 4444 | 8954 243c | 4c8b 5424 | 484c 8954 | 2440 6690 

  0x000001f01311a9c8: ;   {runtime_call UncommonTrapBlob}
  0x000001f01311a9c8: c5f8 77e8 

  0x000001f01311a9cc: ; ImmutableOopMap {rbp=Oop [40]=Oop [48]=Oop [64]=Oop [92]=NarrowOop [96]=Oop [104]=Oop }
                      ;*invokevirtual clone {reexecute=1 rethrow=0 return_oop=0}
                      ; - (reexecute) java.security.CodeSource::getCertificates@11
                      ; - java.lang.ClassLoader::checkCerts@34
                      ; - java.lang.ClassLoader::preDefineClass@113
                      ; - java.lang.ClassLoader::defineClass@4
                      ; - java.security.SecureClassLoader::defineClass@12
  0x000001f01311a9cc: 3099 96fd 

  0x000001f01311a9d0: ;   {other}
  0x000001f01311a9d0: 0f1f 8400 | 4038 0078 | ba97 ffff | ff48 8b6c | 2428 6690 

  0x000001f01311a9e4: ;   {runtime_call UncommonTrapBlob}
  0x000001f01311a9e4: c5f8 77e8 

  0x000001f01311a9e8: ; ImmutableOopMap {rbp=Oop [32]=Oop [48]=NarrowOop }
                      ;*invokevirtual clone {reexecute=1 rethrow=0 return_oop=0}
                      ; - (reexecute) java.security.CodeSource::getCertificates@11
                      ; - java.lang.ClassLoader::postDefineClass@24
                      ; - java.lang.ClassLoader::defineClass@37
                      ; - java.security.SecureClassLoader::defineClass@12
  0x000001f01311a9e8: 1499 96fd 

  0x000001f01311a9ec: ;   {other}
  0x000001f01311a9ec: 0f1f 8400 | 5c38 0079 | ba97 ffff | ff4c 8b54 | 2438 4c89 | 5424 3044 | 8b5c 2440 | 4489 5c24 
  0x000001f01311aa0c: 3844 8b54 | 2444 4489 | 5424 3c4c | 8b54 2448 | 4c89 5424 | 4066 6690 

  0x000001f01311aa24: ;   {runtime_call UncommonTrapBlob}
  0x000001f01311aa24: c5f8 77e8 

  0x000001f01311aa28: ; ImmutableOopMap {rbp=Oop [32]=Oop [40]=Oop [48]=Oop [64]=Oop [96]=Oop [120]=Oop }
                      ;*invokevirtual clone {reexecute=1 rethrow=0 return_oop=0}
                      ; - (reexecute) java.security.CodeSource::getCertificates@86
                      ; - java.lang.ClassLoader::checkCerts@34
                      ; - java.lang.ClassLoader::preDefineClass@113
                      ; - java.lang.ClassLoader::defineClass@4
                      ; - java.security.SecureClassLoader::defineClass@12
  0x000001f01311aa28: d498 96fd 

  0x000001f01311aa2c: ;   {other}
  0x000001f01311aa2c: 0f1f 8400 | 9c38 007a | ba97 ffff | ff66 6690 

  0x000001f01311aa3c: ;   {runtime_call UncommonTrapBlob}
  0x000001f01311aa3c: c5f8 77e8 

  0x000001f01311aa40: ; ImmutableOopMap {[32]=Oop [40]=Oop [56]=Oop }
                      ;*invokevirtual clone {reexecute=1 rethrow=0 return_oop=0}
                      ; - (reexecute) java.security.CodeSource::getCertificates@86
                      ; - java.lang.ClassLoader::postDefineClass@24
                      ; - java.lang.ClassLoader::defineClass@37
                      ; - java.security.SecureClassLoader::defineClass@12
  0x000001f01311aa40: bc98 96fd 

  0x000001f01311aa44: ;   {other}
  0x000001f01311aa44: 0f1f 8400 | b438 007b | eb41 eb3f | eb3d eb3b | eb39 eb37 | eb35 eb33 | eb31 eb2a | eb28 eb2b 
  0x000001f01311aa64: eb29 eb27 | eb25 eb23 | eb21 eb1f | eb1d eb1b | eb19 eb17 | eb15 eb13 | eb11 eb0f | eb0d eb0b 
  0x000001f01311aa84: eb09 eb07 | eb05 488b | d0eb 0348 | 8bd0 c5f8 | 7748 81c4 | c000 0000 

  0x000001f01311aa9c: ;   {runtime_call _rethrow_Java}
  0x000001f01311aa9c: 5de9 5ed4 

  0x000001f01311aaa0: ;   {internal_word}
  0x000001f01311aaa0: a2fd 49ba | 3f83 1113 | f001 0000 | 4d89 9768 

  0x000001f01311aab0: ;   {runtime_call SafepointBlob}
  0x000001f01311aab0: 0400 00e9 | 48a9 96fd 

  0x000001f01311aab8: ;   {runtime_call StubRoutines (final stubs)}
  0x000001f01311aab8: e843 0c95 | fde9 fccb | ffff f4f4 | f4f4 f4f4 
[Stub Code]
  0x000001f01311aac8: ;   {no_reloc}
  0x000001f01311aac8: 48bb 0000 | 0000 0000 

  0x000001f01311aad0: ;   {runtime_call nmethod}
  0x000001f01311aad0: 0000 e9fb 

  0x000001f01311aad4: ;   {static_stub}
  0x000001f01311aad4: ffff ff48 | bb00 0000 | 0000 0000 

  0x000001f01311aae0: ;   {runtime_call nmethod}
  0x000001f01311aae0: 00e9 fbff 

  0x000001f01311aae4: ;   {static_stub}
  0x000001f01311aae4: ffff 48bb | 0000 0000 | 0000 0000 

  0x000001f01311aaf0: ;   {runtime_call nmethod}
  0x000001f01311aaf0: e9fb ffff 

  0x000001f01311aaf4: ;   {static_stub}
  0x000001f01311aaf4: ff48 bb00 | 0000 0000 

  0x000001f01311aafc: ;   {runtime_call nmethod}
  0x000001f01311aafc: 0000 00e9 | fbff ffff 

  0x000001f01311ab04: ;   {static_stub}
  0x000001f01311ab04: 48bb 0000 | 0000 0000 

  0x000001f01311ab0c: ;   {runtime_call nmethod}
  0x000001f01311ab0c: 0000 e9fb 

  0x000001f01311ab10: ;   {static_stub}
  0x000001f01311ab10: ffff ff48 | bb00 0000 | 0000 0000 

  0x000001f01311ab1c: ;   {runtime_call nmethod}
  0x000001f01311ab1c: 00e9 fbff 

  0x000001f01311ab20: ;   {static_stub}
  0x000001f01311ab20: ffff 48bb | 0000 0000 | 0000 0000 

  0x000001f01311ab2c: ;   {runtime_call nmethod}
  0x000001f01311ab2c: e9fb ffff 

  0x000001f01311ab30: ;   {static_stub}
  0x000001f01311ab30: ff48 bb00 | 0000 0000 

  0x000001f01311ab38: ;   {runtime_call nmethod}
  0x000001f01311ab38: 0000 00e9 | fbff ffff 

  0x000001f01311ab40: ;   {static_stub}
  0x000001f01311ab40: 48bb 0000 | 0000 0000 

  0x000001f01311ab48: ;   {runtime_call nmethod}
  0x000001f01311ab48: 0000 e9fb 

  0x000001f01311ab4c: ;   {static_stub}
  0x000001f01311ab4c: ffff ff48 | bb00 0000 | 0000 0000 

  0x000001f01311ab58: ;   {runtime_call nmethod}
  0x000001f01311ab58: 00e9 fbff 

  0x000001f01311ab5c: ;   {static_stub}
  0x000001f01311ab5c: ffff 48bb | 0000 0000 | 0000 0000 

  0x000001f01311ab68: ;   {runtime_call nmethod}
  0x000001f01311ab68: e9fb ffff 

  0x000001f01311ab6c: ;   {static_stub}
  0x000001f01311ab6c: ff48 bb00 | 0000 0000 

  0x000001f01311ab74: ;   {runtime_call nmethod}
  0x000001f01311ab74: 0000 00e9 | fbff ffff 

  0x000001f01311ab7c: ;   {static_stub}
  0x000001f01311ab7c: 48bb 0000 | 0000 0000 

  0x000001f01311ab84: ;   {runtime_call nmethod}
  0x000001f01311ab84: 0000 e9fb 

  0x000001f01311ab88: ;   {static_stub}
  0x000001f01311ab88: ffff ff48 | bb00 0000 | 0000 0000 

  0x000001f01311ab94: ;   {runtime_call nmethod}
  0x000001f01311ab94: 00e9 fbff 

  0x000001f01311ab98: ;   {static_stub}
  0x000001f01311ab98: ffff 48bb | 0000 0000 | 0000 0000 

  0x000001f01311aba4: ;   {runtime_call nmethod}
  0x000001f01311aba4: e9fb ffff 

  0x000001f01311aba8: ;   {static_stub}
  0x000001f01311aba8: ff48 bb00 | 0000 0000 

  0x000001f01311abb0: ;   {runtime_call nmethod}
  0x000001f01311abb0: 0000 00e9 | fbff ffff 

  0x000001f01311abb8: ;   {static_stub}
  0x000001f01311abb8: 48bb 0000 | 0000 0000 

  0x000001f01311abc0: ;   {runtime_call nmethod}
  0x000001f01311abc0: 0000 e9fb 

  0x000001f01311abc4: ;   {static_stub}
  0x000001f01311abc4: ffff ff48 | bb00 0000 | 0000 0000 

  0x000001f01311abd0: ;   {runtime_call nmethod}
  0x000001f01311abd0: 00e9 fbff 

  0x000001f01311abd4: ;   {static_stub}
  0x000001f01311abd4: ffff 48bb | 0000 0000 | 0000 0000 

  0x000001f01311abe0: ;   {runtime_call nmethod}
  0x000001f01311abe0: e9fb ffff 

  0x000001f01311abe4: ;   {static_stub}
  0x000001f01311abe4: ff48 bb00 | 0000 0000 

  0x000001f01311abec: ;   {runtime_call nmethod}
  0x000001f01311abec: 0000 00e9 | fbff ffff 

  0x000001f01311abf4: ;   {static_stub}
  0x000001f01311abf4: 48bb 0000 | 0000 0000 

  0x000001f01311abfc: ;   {runtime_call nmethod}
  0x000001f01311abfc: 0000 e9fb 

  0x000001f01311ac00: ;   {runtime_call ExceptionBlob}
  0x000001f01311ac00: ffff ffe9 | 783b a2fd 
[Deopt Handler Code]
  0x000001f01311ac08: e800 0000 | 0048 832c 

  0x000001f01311ac10: ;   {runtime_call DeoptimizationBlob}
  0x000001f01311ac10: 2405 e989 | 9a96 fdf4 
[/MachCode]


Compiled method (c2) 46029 11598   !   4       java.net.URLClassLoader$1::run (81 bytes)
 total in heap  [0x000001f01275da90,0x000001f0127698a8] = 48664
 relocation     [0x000001f01275dbf0,0x000001f01275e280] = 1680
 main code      [0x000001f01275e280,0x000001f012765448] = 29128
 stub code      [0x000001f012765448,0x000001f012765640] = 504
 oops           [0x000001f012765640,0x000001f012765688] = 72
 metadata       [0x000001f012765688,0x000001f012765b98] = 1296
 scopes data    [0x000001f012765b98,0x000001f012768240] = 9896
 scopes pcs     [0x000001f012768240,0x000001f012768eb0] = 3184
 dependencies   [0x000001f012768eb0,0x000001f012769018] = 360
 handler table  [0x000001f012769018,0x000001f0127697c8] = 1968
 nul chk table  [0x000001f0127697c8,0x000001f0127698a8] = 224

[Constant Pool (empty)]

[MachCode]
[Entry Point]
  # {method} {0x000001f01f6e63b0} 'run' '()Ljava/lang/Class;' in 'java/net/URLClassLoader$1'
  #           [sp+0x100]  (sp of caller)
  0x000001f01275e280: 448b 5208 | 49c1 e203 

  0x000001f01275e288: ;   {runtime_call ic_miss_stub}
  0x000001f01275e288: 493b c20f | 85ef 0432 | fe66 6690 | 0f1f 8400 | 0000 0000 | 6666 6690 
[Verified Entry Point]
  0x000001f01275e2a0: 8984 2400 | 80ff ff55 | 4881 ecf0 | 0000 0090 | 4181 7f20 | 2f00 0000 | 0f85 8071 | 0000 4c8b 
  0x000001f01275e2c0: f28b 5a0c 

  0x000001f01275e2c4: ; implicit exception: dispatches to 0x000001f0127647b8
  0x000001f01275e2c4: 440f be5b | 1045 85db | 0f85 8d44 | 0000 8b4b | 1444 8b49 | 0c4c 8beb | 4585 c90f | 86df 0300 
  0x000001f01275e2e4: 0041 8d79 | ff41 3bf9 | 0f83 9e41 | 0000 418d | 51fd 488b | f180 7910 | 2e0f 844e | 2400 0083 
  0x000001f01275e304: fa01 0f8e | 9503 0000 | bd01 0000 | 0045 8bd1 | 442b d541 | 83c2 fd45 | 33c0 3bd5 | 450f 4cd0 
  0x000001f01275e324: 4181 faa0 | 0f00 0041 | bba0 0f00 | 0045 0f47 | d344 03d5 | eb09 660f | 1f44 0000 | 418b e84c 
  0x000001f01275e344: 63c5 460f | be5c 0110 | 4183 fb2e | 7462 460f | be5c 0111 | 4183 fb2e | 744f 460f | be5c 0112 
  0x000001f01275e364: 4183 fb2e | 7447 460f | be5c 0113 | 4183 fb2e | 7434 448d | 4504 453b | c27c c14d | 8b97 5804 
  0x000001f01275e384: 0000 83c5 

  0x000001f01275e388: ; ImmutableOopMap {rcx=NarrowOop rbx=NarrowOop rsi=Oop r13=Oop r14=Oop }
                      ;*if_icmpne {reexecute=1 rethrow=0 return_oop=0}
                      ; - (reexecute) java.lang.StringLatin1::replace@28
                      ; - java.lang.String::replace@18
                      ; - java.net.URLClassLoader$1::run@8
                      ;   {poll}
  0x000001f01275e388: 0341 8502 | 443b c20f | 8d12 0300 | 0041 8be8 | e974 ffff | ff44 8bcf | c4c1 f97e | c3e9 bd00 
  0x000001f01275e3a8: 0000 83c5 | 02ff c5eb | 0383 c502 | 413b e90f | 8d07 0300 | 0041 81f9 | 0000 1000 | 0f87 822f 
  0x000001f01275e3c8: 0000 4d8b | 9fb8 0100 | 004d 63d1 | 4983 c217 | 4983 e2f8 | 4d8b c34d | 03c2 4d3b | 87c8 0100 
  0x000001f01275e3e8: 000f 835d | 2f00 004d | 8987 b801 | 0000 410f | 0d88 c000 | 0000 49c7 | 0301 0000 | 0041 0f0d 
  0x000001f01275e408: 8800 0100 

  0x000001f01275e40c: ;   {metadata({type array byte})}
  0x000001f01275e40c: 0041 c743 | 0859 8100 | 2045 894b | 0c41 0f0d | 8840 0100 | 0041 0f0d | 8880 0100 | 0085 ed0f 
  0x000001f01275e42c: 8ed7 0000 | 0044 8d45 | ff45 3bc1 | 0f83 4a43 | 0000 4585 | c90f 8641 | 4300 0044 | 0fbe 5110 
  0x000001f01275e44c: 4588 5310 | 4183 f801 | 0f8e 5a43 | 0000 b801 | 0000 00c5 | f96e cfc5 | f96e da44 | 8bd5 442b 
  0x000001f01275e46c: d041 ffca | 33d2 443b | c044 0f4c | d241 81fa | d007 0000 | bad0 0700 | 0044 0f47 | d244 03d0 
  0x000001f01275e48c: 418b f9c4 | c1f9 6ec3 | 0f1f 8400 | 0000 0000 | 6666 6690 | 4863 d044 | 0fbe 4c11 | 10c4 c1f9 
  0x000001f01275e4ac: 7ec3 4588 | 4c13 1044 | 0fbe 5c11 | 11c4 c1f9 | 7ec1 4588 | 5c11 1183 | c002 413b | c27c d54d 
  0x000001f01275e4cc: 8b97 5804 

  0x000001f01275e4d0: ; ImmutableOopMap {r9=Oop rcx=NarrowOop rbx=NarrowOop rsi=Oop r13=Oop r14=Oop xmm0=Oop }
                      ;*goto {reexecute=1 rethrow=0 return_oop=0}
                      ; - (reexecute) java.lang.StringLatin1::replace@76
                      ; - java.lang.String::replace@18
                      ; - java.net.URLClassLoader$1::run@8
                      ;   {poll}
  0x000001f01275e4d0: 0000 4185 | 0241 3bc0 | 0f8c bffe | ffff 448b | cfc4 c1f9 | 7ec3 c5f9 | 7ecf c5f9 | 7eda 3bc5 
  0x000001f01275e4f0: 7d16 6690 | 4c63 c046 | 0fbe 5401 | 1047 8854 | 0310 ffc0 | 3bc5 7cec | 413b e90f | 8d46 0100 
  0x000001f01275e510: 0041 3be9 | 0f83 fa3f | 0000 413b | f90f 83f1 | 3f00 008d | 5d01 4c63 | c546 0fbe | 5401 1041 
  0x000001f01275e530: 83fa 2e0f | 8407 1900 | 0047 8854 | 0310 448d | 5501 443b | d37d 0541 | 8bea ebda | 443b d20f 
  0x000001f01275e550: 8dd8 0000 | 00ff c5e9 | 7d00 0000 | 41ba 2f00 | 0000 4588 | 541b 1383 | c504 413b | e87d 5c48 
  0x000001f01275e570: 63dd 440f | be54 1910 | 4183 fa2e | 743d 4588 | 541b 1044 | 0fbe 5419 | 1141 83fa | 2e74 2445 
  0x000001f01275e590: 8854 1b11 | 440f be54 | 1912 4183 | fa2e 7423 | 4588 541b | 1244 0fbe | 5419 1341 | 83fa 2e75 
  0x000001f01275e5b0: b1eb a941 | ba2f 0000 | 00eb d441 | ba2f 0000 | 00eb bb41 | ba2f 0000 | 00eb d54d | 8b97 5804 
  0x000001f01275e5d0: ; ImmutableOopMap {r11=Oop rcx=NarrowOop rsi=Oop r13=Oop r14=Oop }
                      ;*goto {reexecute=1 rethrow=0 return_oop=0}
                      ; - (reexecute) java.lang.StringLatin1::replace@113
                      ; - java.lang.String::replace@18
                      ; - java.net.URLClassLoader$1::run@8
                      ;   {no_reloc}
  0x000001f01275e5d0: 0000 4185 | 023b ea7d | 5745 8bc1 | 442b c541 | 83c0 fd33 | c03b d544 | 0f4c c041 | 81f8 a00f 
  0x000001f01275e5f0: 0000 41ba | a00f 0000 | 450f 47c2 | 4403 c5e9 | 6bff ffff | 42c6 4403 | 102e 42c6 | 4403 1163 
  0x000001f01275e610: 42c6 4403 | 126c 42c6 | 4403 1361 | 42c6 4403 | 1473 42c6 | 4403 1573 | e99a 0100 | 0041 8bea 
  0x000001f01275e630: 413b e97d | 2266 6690 | 4c63 d546 | 0fbe 4411 | 1041 83f8 | 2e0f 847c | 1800 0047 | 8844 1310 
  0x000001f01275e650: ffc5 413b | e97c e14d | 8b87 b801 | 0000 4d8b | d049 83c2 | 184d 3b97 | c801 0000 | 0f83 4a2d 
  0x000001f01275e670: 0000 4d89 | 97b8 0100 | 0041 0f0d | 8ac0 0000 | 0049 c700 | 0100 0000 

  0x000001f01275e688: ;   {metadata('java/lang/String')}
  0x000001f01275e688: 41c7 4008 | 1284 0020 | 4589 600c | 4d89 6010 | 4d8b d345 | 8950 14eb | 2941 b801 | 0000 0045 
  0x000001f01275e6a8: 3bc1 7d18 | 460f be54 | 0110 4183 | fa2e 0f84 | 203c 0000 | 41ff c045 | 3bc1 7ce8 | 4c8b d94d 
  0x000001f01275e6c8: 8bc5 458b | 530c 4585 | d20f 8602 | 1700 0041 | 0fbe 7810 | c442 42f7 | ca49 63c1 | 83ff 010f 
  0x000001f01275e6e8: 8437 4300 | 0045 85c9 | 0f8c ea42 | 0000 488d | 7006 8bee | 85ed 0f8c | 0043 0000 | 488b ce48 
  0x000001f01275e708: c1f9 208b | c9c4 e271 | f7cd 85c9 | 0f8c 3243 | 0000 81f9 | 0000 1000 | 0f87 923d | 0000 4863 
  0x000001f01275e728: d181 f900 | 0010 000f | 87ef 2900 | 0049 8b9f | b801 0000 | 4883 c217 | 4883 e2f8 | 488b eb48 
  0x000001f01275e748: 03ea 493b | afc8 0100 | 000f 83cd | 2900 0049 | 89af b801 | 0000 0f0d | 8dc0 0000 | 0048 c703 
  0x000001f01275e768: 0100 0000 | 0f0d 8d00 

  0x000001f01275e770: ;   {metadata({type array byte})}
  0x000001f01275e770: 0100 00c7 | 4308 5981 | 0020 894b | 0c0f 0d8d | 4001 0000 | 0f0d 8d80 | 0100 0041 | 8d71 063b 
  0x000001f01275e790: ce0f 8229 | 3d00 004d | 63c1 4585 | c90f 8e61 | feff ff42 | c644 0315 | 7342 c644 | 0314 7342 
  0x000001f01275e7b0: c644 0313 | 6142 c644 | 0312 6c42 | c644 0311 | 6342 c644 | 0310 2e48 | 8bd3 4883 | c210 4d8b 
  0x000001f01275e7d0: cb49 83c1 | 1085 ff0f | 85a7 2a00 | 0041 3bca | 0f82 063d | 0000 4585 | d276 1e4d | 63c2 498b 
  0x000001f01275e7f0: c9c5 f877 | 49ba 4097 | a610 f001 | 0000 41ff 

  0x000001f01275e800: ;   {other}
  0x000001f01275e800: d20f 1f84 | 0000 0000 | 0049 8b87 | b801 0000 | 4c8b d049 | 83c2 184d | 3b97 c801 | 0000 0f83 
  0x000001f01275e820: 7429 0000 | 4d89 97b8 | 0100 0041 | 0f0d 8ac0 | 0000 0048 | c700 0100 

  0x000001f01275e838: ;   {metadata('java/lang/String')}
  0x000001f01275e838: 0000 c740 | 0812 8400 | 2044 8960 | 0c4c 8960 | 104c 8bd3 | 4489 5014 | 458b 5610 

  0x000001f01275e854: ; implicit exception: dispatches to 0x000001f0127647e8
  0x000001f01275e854: 458b 5a54 | 4585 db0f | 840f 3c00 | 004c 8974 | 2450 498b | d34c 8bc0 | 4533 c990 

  0x000001f01275e870: ;   {optimized virtual_call}
  0x000001f01275e870: c5f8 77e8 

  0x000001f01275e874: ; ImmutableOopMap {[80]=Oop }
                      ;*invokevirtual getResource {reexecute=0 rethrow=0 return_oop=1}
                      ; - java.net.URLClassLoader$1::run@26
  0x000001f01275e874: 087d 0aff 

  0x000001f01275e878: ;   {other}
  0x000001f01275e878: 0f1f 8400 | e80d 0003 | 488b f048 | 85c0 0f84 | 6b0d 0000 | 4c8b 5424 | 5045 8b52 | 1044 8994 
  0x000001f01275e898: 2494 0000 | 004c 8b54 | 2450 458b | 5a0c 4489 | 9c24 9800 | 0000 448b | 9424 9400 | 0000 4585 
  0x000001f01275e8b8: d20f 84ff | 3e00 00c5 | f877 49ba | 2025 ddce | ff7f 0000 

  0x000001f01275e8cc: ;   {other}
  0x000001f01275e8cc: 41ff d20f | 1f84 0000 | 0000 0048 | 8944 2438 | 448b 9c24 | 9800 0000 

  0x000001f01275e8e4: ; implicit exception: dispatches to 0x000001f012764808
  0x000001f01275e8e4: 418b 4314 

  0x000001f01275e8e8: ; implicit exception: dispatches to 0x000001f012764834
  0x000001f01275e8e8: 8b48 0c45 | 0fbe 5b10 | c4e2 22f7 | d944 8d43 | ff45 85db | 0f85 7241 | 0000 448d | 51ff 453b 
  0x000001f01275e908: d045 0f4f | d044 8b84 | 2498 0000 | 004d 8bd8 | 488b f844 | 8b8c 2494 | 0000 0049 | 8bd1 4585 
  0x000001f01275e928: d20f 8c2a | 2500 0045 | 33c0 4c89 | 4424 7066 | 0f1f 8400 | 0000 0000 | 443b d10f | 8339 3900 
  0x000001f01275e948: 0042 807c | 1010 2e74 | 1b4d 8b87 | 5804 0000 | 41ff ca4c 

  0x000001f01275e95c: ; ImmutableOopMap {r11=Oop r9=Oop rdi=Oop rdx=Oop rsi=Oop rax=NarrowOop [80]=Oop [148]=NarrowOop [152]=NarrowOop }
                      ;*goto {reexecute=1 rethrow=0 return_oop=0}
                      ; - (reexecute) java.lang.StringLatin1::lastIndexOf@35
                      ; - java.lang.String::lastIndexOf@13
                      ; - java.lang.String::lastIndexOf@8
                      ; - java.net.URLClassLoader::defineClass@7
                      ; - java.net.URLClassLoader$1::run@43
                      ;   {poll}
  0x000001f01275e95c: 8bce 4185 | 0045 85d2 | 7dda 41ba | ffff ffff | 448b 4608 

  0x000001f01275e970: ;   {metadata('jdk/internal/loader/URLClassPath$JarLoader$2')}
  0x000001f01275e970: 4181 f8a2 | 3201 200f | 85d9 2000 | 004c 8bce | 458b 4120 

  0x000001f01275e984: ; implicit exception: dispatches to 0x000001f01276490c
  0x000001f01275e984: 458b 401c | 4d8b c841 | 83fa ff0f | 8444 2100 | 0045 85d2 | 0f8c 0e41 | 0000 443b | d30f 8f11 
  0x000001f01275e9a4: 4200 0044 | 3bd3 0f84 | ca19 0000 | 4585 d20f | 848e 2000 | 0049 8b9f | b801 0000 | 488b eb48 
  0x000001f01275e9c4: 83c5 1849 | 3baf c801 | 0000 0f83 | 5933 0000 | 4989 afb8 | 0100 000f | 0d8d c000 | 0000 48c7 
  0x000001f01275e9e4: 0301 0000 

  0x000001f01275e9e8: ;   {metadata('java/lang/String')}
  0x000001f01275e9e8: 00c7 4308 | 1284 0020 | 4489 630c | 4c89 6310 | 4c8d 6810 | 443b d10f | 842a 0100 | 0041 81fa 
  0x000001f01275ea08: 0000 1000 | 0f87 1c42 | 0000 4d63 | f241 3bca | 8be9 410f | 4fea 3bcd | 0f82 7c42 | 0000 443b 
  0x000001f01275ea28: d50f 8273 | 4200 0049 | 83c6 1749 | 8bce 4883 | e1f8 4181 | fa00 0010 | 000f 87c1 | 3300 0048 
  0x000001f01275ea48: 898c 2480 | 0000 004c | 8974 2478 | 4c89 6c24 | 6848 895c | 2460 4c89 | 4c24 4844 | 8944 2444 
  0x000001f01275ea68: 4889 5424 | 3048 897c | 2420 4c89 | 5c24 2844 | 8954 2440 | 4889 7424 | 5849 8b9f | b801 0000 
  0x000001f01275ea88: 4c8b d34c | 03d1 4d3b | 97c8 0100 | 000f 83a7 | 3300 004d | 8997 b801 | 0000 410f | 0d8a c000 
  0x000001f01275eaa8: 0000 48c7 | 0301 0000 | 0041 0f0d | 8a00 0100 

  0x000001f01275eab8: ;   {metadata({type array byte})}
  0x000001f01275eab8: 00c7 4308 | 5981 0020 | 448b 5c24 | 4044 895b | 0c41 0f0d | 8a40 0100 | 0041 0f0d | 8a80 0100 
  0x000001f01275ead8: 0048 8bd3 | 4883 c210 | 4c8b 5424 | 7849 c1ea | 0385 ed0f | 8445 4100 | 0041 3beb | 0f8c bc24 
  0x000001f01275eaf8: 0000 488b | ac24 8000 | 0000 4883 | c5f0 48c1 | ed03 488b | 4c24 684c | 8bc5 c5f8 | 7749 bae0 
  0x000001f01275eb18: 9da6 10f0 | 0100 0041 

  0x000001f01275eb20: ;   {other}
  0x000001f01275eb20: ffd2 0f1f | 8400 0000 | 0000 e9cb | 0000 0048 | 63e9 81f9 | 0000 1000 | 0f87 7232 | 0000 4889 
  0x000001f01275eb40: 6c24 784c | 896c 2468 | 4889 5c24 | 604c 894c | 2448 4489 | 4424 4448 | 8954 2430 | 4889 7c24 
  0x000001f01275eb60: 204c 895c | 2428 8944 | 2440 4889 | 7424 5849 | 8b9f b801 | 0000 4c8d | 5d17 4983 | e3f8 4c8b 
  0x000001f01275eb80: d34d 03d3 | 4d3b 97c8 | 0100 000f | 8350 3200 | 004d 8997 | b801 0000 | 410f 0d8a | c000 0000 
  0x000001f01275eba0: 48c7 0301 | 0000 0041 | 0f0d 8a00 

  0x000001f01275ebac: ;   {metadata({type array byte})}
  0x000001f01275ebac: 0100 00c7 | 4308 5981 | 0020 894b | 0c41 0f0d | 8a40 0100 | 0041 0f0d | 8a80 0100 | 0048 8bd3 
  0x000001f01275ebcc: 4883 c210 | 4c8b 4424 | 7849 83c0 | 0749 c1e8 | 0348 8b4c | 2468 c5f8 | 7749 bae0 | 9da6 10f0 
  0x000001f01275ebec: 0100 0041 

  0x000001f01275ebf0: ;   {other}
  0x000001f01275ebf0: ffd2 0f1f | 8400 0000 | 0000 4180 | 7f40 000f | 85cb 2200 | 0048 8b6c | 2460 4c8b | dd4c 8bd3 
  0x000001f01275ec10: 4489 5514 | 4c8b d34d | 33d3 49c1 | ea14 4d85 | d274 1a49 | c1eb 0948 | b900 000c | 19f0 0100 
  0x000001f01275ec30: 0049 03cb | 8039 020f | 85cb 2200 | 0044 8865 | 1048 8b74 | 2458 4c8b | 5c24 2848 | 8b54 2430 
  0x000001f01275ec50: 448b 4424 | 444c 8b4c | 2448 4889 | ac24 c800 | 0000 8b4e 

  0x000001f01275ec64: ;   {metadata('jdk/internal/loader/URLClassPath$JarLoader$2')}
  0x000001f01275ec64: 0881 f9a2 | 3201 200f | 85e3 3b00 | 004c 8bd6 

  0x000001f01275ec74: ;   {oop(a 'java/lang/Class'{0x00000000a09f7e48} = 'jdk/internal/access/SharedSecrets')}
  0x000001f01275ec74: 48b9 487e | 9fa0 0000 | 0000 8b89 | d400 0000 

  0x000001f01275ec84: ; implicit exception: dispatches to 0x000001f012764940
  0x000001f01275ec84: 8b41 0841 | 8b6a 208b 

  0x000001f01275ec8c: ;   {metadata('java/util/jar/JavaUtilJarAccessImpl')}
  0x000001f01275ec8c: 6d18 81f8 | 3d20 0120 | 0f85 ee3b | 0000 85ed | 0f84 3e3b | 0000 488b | fd48 8d9c | 24e0 0000 
  0x000001f01275ecac: 0048 8b07 | a802 0f85 | 2300 0000 | 4883 c801 | 4889 03f0 | 480f b11f | 0f84 3700 | 0000 482b 
  0x000001f01275eccc: c448 2507 | f0ff ff48 | 8903 e924 | 0000 0048 | 8bc8 4833 | c0f0 4c0f | b179 3e48 | c703 0300 
  0x000001f01275ecec: 0000 7411 | 4c3b f875 | 1548 ff81 | 8600 0000 | 4833 c075 | 0949 ff87 | 5005 0000 | 33c0 0f85 
  0x000001f01275ed0c: ac3b 0000 | 443b 6530 | 0f85 af24 | 0000 0fb6 | 5d12 85db | 0f85 321a | 0000 488d | 8424 e000 
  0x000001f01275ed2c: 0000 4883 | 3800 0f84 | 7800 0000 | 488b 0ff6 | c102 0f84 | 6200 0000 | 4883 b986 | 0000 0000 
  0x000001f01275ed4c: 7409 48ff | 8986 0000 | 00eb 4b48 | 8b81 9600 | 0000 480b | 818e 0000 | 0075 0a48 | c741 3e00 
  0x000001f01275ed6c: 0000 00eb | 3d48 83b9 | 9e00 0000 | 0074 2248 | 33c0 48c7 | 413e 0000 | 0000 f083 | 0424 0048 
  0x000001f01275ed8c: ;   {no_reloc}
  0x000001f01275ed8c: 83b9 9e00 | 0000 0075 | 0df0 4c0f | b179 3e75 | 0583 c801 | eb0c a800 | eb08 488b | 08f0 480f 
  0x000001f01275edac: b10f 7509 | 49ff 8f50 | 0500 0033 | c90f 8594 | 3b00 0041 | 8b5a 208b | 6b18 8b4d 

  0x000001f01275edc8: ;   {metadata('java/util/jar/JarFile')}
  0x000001f01275edc8: 0881 f999 | 1f01 200f | 85db 3b00 | 0048 8bcd | 8b79 2885 | ff0f 84af | 1500 008b | 6f0c 4180 
  0x000001f01275ede8: 7f40 000f | 8575 2000 | 008b 4508 | 4c89 5424 | 404c 894c | 2430 4489 | 4424 6848 | 8954 2420 
  0x000001f01275ee08: 4c89 5c24 | 2848 8974 | 2458 4c8b 

  0x000001f01275ee14: ;   {oop(a 'java/lang/Class'{0x00000000a04282e0} = 'java/lang/ref/SoftReference')}
  0x000001f01275ee14: 5720 49bb | e082 42a0 | 0000 0000 | 4d8b 5b70 | 4d3b d30f | 850e 1400 

  0x000001f01275ee2c: ;   {metadata('java/util/jar/Manifest')}
  0x000001f01275ee2c: 0081 f882 | a900 200f | 85ef 5800 | 004c 8bc5 | 448b 9424 | 9400 0000 | 418b 7a38 | 85ff 0f84 
  0x000001f01275ee4c: c439 0000 | 4c8b 8c24 | c800 0000 | 418b 410c | 85c0 0f84 | e70f 0000 | 448b 5f28 | 4585 db0f 
  0x000001f01275ee6c: 848d 0700 | 0041 8b4b | 0c85 c90f | 867b 3c00 | 008b d8c1 | eb10 33d8 | ffc9 81e3 | ffff ff7f 
  0x000001f01275ee8c: 23cb 4863 | c945 8b6c | 8b10 4585 | ed0f 845f | 0700 0041 | 8b6d 0c3b | eb74 7185 | ed0f 8da6 
  0x000001f01275eeac: 0100 00ba | 45ff ffff | 4c8b 5c24 | 504c 895c | 2420 4c8b | 5c24 584c | 895c 2428 | 4c8b 5c24 
  0x000001f01275eecc: 404c 895c | 2430 8b4c | 2468 4c89 | 4c24 584c | 8944 2460 | 894c 2444 | 4c89 4c24 | 6844 8994 
  0x000001f01275eeec: 2480 0000 | 0044 8994 | 2484 0000 | 0044 89ac | 2488 0000 | 0089 9c24 | 8c00 0000 

  0x000001f01275ef08: ;   {runtime_call UncommonTrapBlob}
  0x000001f01275ef08: c5f8 77e8 

  0x000001f01275ef0c: ; ImmutableOopMap {[32]=Oop [40]=Oop [48]=Oop [68]=NarrowOop [88]=Oop [96]=Oop [104]=Oop [128]=NarrowOop [132]=NarrowOop [136]=NarrowOop [152]=NarrowOop }
                      ;*ifge {reexecute=1 rethrow=0 return_oop=0}
                      ; - (reexecute) java.util.concurrent.ConcurrentHashMap::get@86
                      ; - java.lang.ClassLoader::getDefinedPackage@13
                      ; - java.net.URLClassLoader::getAndVerifyPackage@2
                      ; - java.net.URLClassLoader::defineClass@46
                      ; - java.net.URLClassLoader$1::run@43
  0x000001f01275ef0c: f053 32fe 

  0x000001f01275ef10: ;   {other}
  0x000001f01275ef10: 0f1f 8400 | 8014 0005 | 418b 6d10 | 4c8b dd4d | 3bd9 0f84 | f201 0000 

  0x000001f01275ef28: ; implicit exception: dispatches to 0x000001f012764c08
  0x000001f01275ef28: 8b4d 084c | 8bdd 4d3b | cb0f 84e3 

  0x000001f01275ef34: ;   {metadata('java/lang/String')}
  0x000001f01275ef34: 0100 0081 | f912 8400 | 200f 8512 | 0100 00c4 | c179 6ecd | 448b f34d | 8be8 458b | c241 0fbe 
  0x000001f01275ef54: 5910 410f | be6b 103b | dd0f 8591 | 4600 0041 | 8b53 1441 | 8b79 1444 | 8b5a 0c8b | 4f0c 413b 
  0x000001f01275ef74: cb0f 857d | 2100 004c | 8bd2 488d | 7210 4c8b | d748 8d7f | 1085 c90f | 849d 0000 | 008b c183 
  0x000001f01275ef94: e01f 83e1 | e00f 844b | 0000 0048 | 8d3c 0f48 | 8d34 0e48 | f7d9 c5fe | 6f14 0fc5 | fe6f 040e 
  0x000001f01275efb4: c5ed efd0 | c4e2 7d17 | d20f 8572 | 0000 0048 | 83c1 2075 | e185 c00f | 845d 0000 | 00c5 fe6f 
  0x000001f01275efd4: 5407 e0c5 | fe6f 4406 | e0c5 edef | d0c4 e27d | 17d2 754d | eb44 8bc8 | 83e1 fc74 | 1948 8d3c 
  0x000001f01275eff4: 0f48 8d34 | 0e48 f7d9 | 8b1c 0f3b | 1c0e 7531 | 4883 c104 | 75f2 a802 | 7412 0fb7 | 1f0f b70e 
  0x000001f01275f014: 3bd9 751d | 488d 7f02 | 488d 7602 | a801 740a | 0fb6 1f0f | b60e 3bd9 | 7507 b801 | 0000 00eb 
  0x000001f01275f034: ;   {no_reloc}
  0x000001f01275f034: 0233 c0c5 | edef d2c5 | fdef c085 | c00f 85c8 | 0000 0045 | 8bd0 4d8b | c541 8bde | c4c1 797e 
  0x000001f01275f054: cd4d 8bdd | 418b 4b18 | 85c9 0f84 | 9a05 0000 | 488b f98b | 4f0c 498b | af58 0400 

  0x000001f01275f070: ; ImmutableOopMap {r10=NarrowOop r8=Oop r9=Oop rdi=Oop [32]=Oop [40]=Oop [48]=Oop [64]=Oop [80]=Oop [88]=Oop [104]=NarrowOop [152]=NarrowOop }
                      ;*if_icmpne {reexecute=1 rethrow=0 return_oop=0}
                      ; - (reexecute) java.util.concurrent.ConcurrentHashMap::get@127
                      ; - java.lang.ClassLoader::getDefinedPackage@13
                      ; - java.net.URLClassLoader::getAndVerifyPackage@2
                      ; - java.net.URLClassLoader::defineClass@46
                      ; - java.net.URLClassLoader$1::run@43
                      ;   {poll}
  0x000001f01275f070: 0085 4500 | 3bcb 7412 | 448b 5f18 | 4585 db0f | 8479 0500 | 0049 8bfb | ebdd 8b6f | 104c 8bdd 
  0x000001f01275f090: 4d3b d974 | 6485 ed0f | 84a3 4600 | 0048 89bc | 2480 0000 | 0089 5c24 | 4c4c 8944 | 2478 4c89 
  0x000001f01275f0b0: 4c24 6044 | 8954 2448 | 4c8b c549 | 8bd1 6690 

  0x000001f01275f0c0: ;   {optimized virtual_call}
  0x000001f01275f0c0: c5f8 77e8 

  0x000001f01275f0c4: ; ImmutableOopMap {[32]=Oop [40]=Oop [48]=Oop [64]=Oop [72]=NarrowOop [80]=Oop [88]=Oop [96]=Oop [104]=NarrowOop [120]=Oop [128]=Oop [152]=NarrowOop }
                      ;*invokevirtual equals {reexecute=0 rethrow=0 return_oop=0}
                      ; - java.util.concurrent.ConcurrentHashMap::get@149
                      ; - java.lang.ClassLoader::getDefinedPackage@13
                      ; - java.net.URLClassLoader::getAndVerifyPackage@2
                      ; - java.net.URLClassLoader::defineClass@46
                      ; - java.net.URLClassLoader$1::run@43
  0x000001f01275f0c4: f8e9 0bff 

  0x000001f01275f0c8: ;   {other}
  0x000001f01275f0c8: 0f1f 8400 | 3816 0007 | 4d8b 9758 

  0x000001f01275f0d4: ; ImmutableOopMap {[32]=Oop [40]=Oop [48]=Oop [64]=Oop [72]=NarrowOop [80]=Oop [88]=Oop [96]=Oop [104]=NarrowOop [120]=Oop [128]=Oop [152]=NarrowOop }
                      ;*ifeq {reexecute=1 rethrow=0 return_oop=0}
                      ; - (reexecute) java.util.concurrent.ConcurrentHashMap::get@152
                      ; - java.lang.ClassLoader::getDefinedPackage@13
                      ; - java.net.URLClassLoader::getAndVerifyPackage@2
                      ; - java.net.URLClassLoader::defineClass@46
                      ; - java.net.URLClassLoader$1::run@43
                      ;   {poll}
  0x000001f01275f0d4: 0400 0041 | 8502 85c0 | 0f84 771e | 0000 448b | 5424 484c | 8b4c 2460 | 4c8b 4424 | 7848 8bbc 
  0x000001f01275f0f4: 2480 0000 | 008b 6f14 | 85ed 0f84 | fa04 0000 | 450f b659 | 1141 8b41 | 0ceb 2045 | 8bd0 4d8b 
  0x000001f01275f114: c5c4 c179 | 7ecd 418b | 6d14 85ed | 0f84 d804 | 0000 418b | 410c 450f | b659 118b 

  0x000001f01275f130: ;   {metadata('java/lang/Package')}
  0x000001f01275f130: 4d08 81f9 | 4033 0120 | 0f85 8254 | 0000 4c89 | 4424 6044 | 8994 2494 | 0000 0045 | 8b51 1445 
  0x000001f01275f150: 8b42 0c48 | 8bcd 8b59 | 1089 9c24 | 8000 0000 | 4585 c00f | 8623 3c00 | 0044 8b84 | 2494 0000 
  0x000001f01275f170: 0045 8b40 | 3844 8984 | 2484 0000 | 0045 85c0 | 0f84 5a3b | 0000 85c0 | 0f84 c80f | 0000 4d8b 
  0x000001f01275f190: c144 8b94 | 2484 0000 | 0045 8b5a | 2845 85db | 7444 458b | 4b0c 4585 | c90f 86da | 4000 004c 
  0x000001f01275f1b0: 8944 2470 | 448b c041 | c1e8 1044 | 33c0 41ff | c941 81e0 | ffff ff7f | 4489 4424 | 7845 23c8 
  0x000001f01275f1d0: 4d63 d147 | 8b44 9310 | 4585 c00f | 859b 0100 | 004c 8b44 | 2470 8b8c | 2494 0000 | 008b 6938 
  0x000001f01275f1f0: 4d8b 8fb8 | 0100 004d | 8bd1 4983 | c218 4d3b | 97c8 0100 | 000f 8356 | 3100 004d | 8997 b801 
  0x000001f01275f210: 0000 410f | 0d8a c000 | 0000 49c7 | 0101 0000 

  0x000001f01275f220: ;   {metadata('java/lang/ClassLoader$$Lambda+0x000000010014b390')}
  0x000001f01275f220: 0041 c741 | 0872 9602 | 2045 8961 | 0c4d 8961 | 1041 8949 | 0c44 8b94 | 2480 0000 | 0045 8951 
  0x000001f01275f240: 1085 ed0f | 8413 3e00 | 004c 8944 | 2470 898c | 2494 0000 | 0048 8bd5 | 4c89 4424 | 4866 6690 
  0x000001f01275f260: ;   {optimized virtual_call}
  0x000001f01275f260: c5f8 77e8 

  0x000001f01275f264: ; ImmutableOopMap {[32]=Oop [40]=Oop [48]=Oop [64]=Oop [72]=Oop [80]=Oop [88]=Oop [96]=Oop [104]=NarrowOop [112]=Oop [148]=NarrowOop [152]=NarrowOop }
                      ;*invokevirtual compute {reexecute=0 rethrow=0 return_oop=1}
                      ; - java.lang.ClassLoader::definePackage@78
                      ; - java.lang.ClassLoader::getDefinedPackage@32
                      ; - java.net.URLClassLoader::getAndVerifyPackage@2
                      ; - java.net.URLClassLoader::defineClass@46
                      ; - java.net.URLClassLoader$1::run@43
  0x000001f01275f264: 18f8 31fe 

  0x000001f01275f268: ;   {other}
  0x000001f01275f268: 0f1f 8400 | d817 0009 

  0x000001f01275f270: ; implicit exception: dispatches to 0x000001f012764af0
  0x000001f01275f270: 448b 5808 

  0x000001f01275f274: ;   {metadata('java/lang/Package')}
  0x000001f01275f274: 4181 fb40 | 3301 200f | 8597 5300 | 004c 8bd0 | 458b 4210 

  0x000001f01275f288: ; implicit exception: dispatches to 0x000001f0127649e0
  0x000001f01275f288: 458b 581c | 4585 db0f | 8517 3e00 | 0045 8b5a | 1441 8b6b | 2485 ed0f | 85d5 4000 | 004c 8b5c 
  0x000001f01275f2a8: 2460 4d85 | db0f 8415 

  0x000001f01275f2b0: ;   {oop(a 'java/lang/Class'{0x00000000a09f7e48} = 'jdk/internal/access/SharedSecrets')}
  0x000001f01275f2b0: 4100 0049 | b848 7e9f | a000 0000 | 0045 8b80 | d400 0000 

  0x000001f01275f2c4: ; implicit exception: dispatches to 0x000001f012764b54
  0x000001f01275f2c4: 418b 5008 | 4c8b 4c24 | 7041 0fbe | 5910 85db | 0f85 2a3e | 0000 418b | 4914 8b59 | 0c49 8bf8 
  0x000001f01275f2e4: 85db 0f86 | 3e04 0000 | 4889 bc24 | 8800 0000 | 899c 2480 | 0000 0089 | 5424 4844 | 8984 249c 
  0x000001f01275f304: 0000 004c | 8954 2460 | 4c89 5c24 | 704c 894c | 2478 448d | 43ff 443b | c30f 8305 | 3a00 0044 
  0x000001f01275f324: 8d4b fd4c | 8bd1 4c89 | 9424 a000 | 0000 8079 | 102e 0f84 | 6c15 0000 | 4183 f901 | 0f8e 351d 
  0x000001f01275f344: 0000 bd01 | 0000 0044 | 8b9c 2480 | 0000 0044 | 2bdd 4183 | c3fd 4533 | d244 3bcd | 450f 4cda 
  0x000001f01275f364: 4181 fba0 | 0f00 00bb | a00f 0000 | 440f 47db | 4403 dde9 | f709 0000 | 418b 680c | 3b6c 2478 
  0x000001f01275f384: 7472 85ed | 0f8d 9e01 | 0000 ba45 | ffff ff4c | 8b54 2450 | 4c89 5424 | 204c 8b54 | 2458 4c89 
  0x000001f01275f3a4: 5424 284c | 8b54 2440 | 4c89 5424 

  0x000001f01275f3b0: ;   {no_reloc}
  0x000001f01275f3b0: 304c 8b54 | 2470 4c89 | 5424 4844 | 8b5c 2468 | 4489 5c24 | 4444 8b94 | 2494 0000 | 0044 8994 
  0x000001f01275f3d0: 2488 0000 | 0044 8994 | 248c 0000 | 0044 8984 | 2490 0000 | 0066 6690 

  0x000001f01275f3e8: ;   {runtime_call UncommonTrapBlob}
  0x000001f01275f3e8: c5f8 77e8 

  0x000001f01275f3ec: ; ImmutableOopMap {[32]=Oop [40]=Oop [48]=Oop [68]=NarrowOop [72]=Oop [96]=Oop [128]=NarrowOop [136]=NarrowOop [140]=NarrowOop [144]=NarrowOop [152]=NarrowOop }
                      ;*ifge {reexecute=1 rethrow=0 return_oop=0}
                      ; - (reexecute) java.util.concurrent.ConcurrentHashMap::get@86
                      ; - java.lang.ClassLoader::definePackage@47
                      ; - java.lang.ClassLoader::getDefinedPackage@32
                      ; - java.net.URLClassLoader::getAndVerifyPackage@2
                      ; - java.net.URLClassLoader::defineClass@46
                      ; - java.net.URLClassLoader$1::run@43
  0x000001f01275f3ec: 104f 32fe 

  0x000001f01275f3f0: ;   {other}
  0x000001f01275f3f0: 0f1f 8400 | 6019 000a | 418b 6810 | 4c8b d54c | 8b5c 2470 | 4d3b d30f | 842e 1300 | 0044 8b5d 
  0x000001f01275f410: 084c 8bd5 | 4c8b 4c24 | 704d 3bca | 0f84 1913 

  0x000001f01275f420: ;   {metadata('java/lang/String')}
  0x000001f01275f420: 0000 4181 | fb12 8400 | 200f 85fd | 0000 0045 | 0fbe 4910 | 410f be6a | 1044 3bcd | 0f85 c643 
  0x000001f01275f440: 0000 458b | 5214 4c8b | 5c24 7045 | 8b4b 1445 | 8b5a 0c41 | 8b49 0c41 | 3bcb 0f85 | cc00 0000 
  0x000001f01275f460: 4d8b da49 | 8d72 104d | 8bd1 498d | 7910 85c9 | 0f84 9d00 | 0000 8bc1 | 83e0 1f83 | e1e0 0f84 
  0x000001f01275f480: 4b00 0000 | 488d 3c0f | 488d 340e | 48f7 d9c5 | fe6f 0c0f | c5fe 6f04 | 0ec5 f5ef | c8c4 e27d 
  0x000001f01275f4a0: 17c9 0f85 | 7200 0000 | 4883 c120 | 75e1 85c0 | 0f84 5d00 | 0000 c5fe | 6f4c 07e0 | c5fe 6f44 
  0x000001f01275f4c0: 06e0 c5f5 | efc8 c4e2 | 7d17 c975 | 4deb 448b | c883 e1fc | 7419 488d | 3c0f 488d | 340e 48f7 
  0x000001f01275f4e0: d98b 1c0f | 3b1c 0e75 | 3148 83c1 | 0475 f2a8 | 0274 120f | b71f 0fb7 | 0e3b d975 | 1d48 8d7f 
  0x000001f01275f500: 0248 8d76 | 02a8 0174 | 0a0f b61f | 0fb6 0e3b | d975 07b8 | 0100 0000 | eb02 33c0 | c5f5 efc9 
  0x000001f01275f520: ;   {no_reloc}
  0x000001f01275f520: c5fd efc0 | 85c0 0f85 | 0f12 0000 | 4d8b d045 | 8b5a 1845 | 85db 750a | 4c8b 4424 | 70e9 a4fc 
  0x000001f01275f540: ffff 458b | 530c 4c89 | 9c24 8800 | 0000 4d8b | 9f58 0400 

  0x000001f01275f554: ; ImmutableOopMap {[32]=Oop [40]=Oop [48]=Oop [64]=Oop [80]=Oop [88]=Oop [96]=Oop [104]=NarrowOop [112]=Oop [128]=NarrowOop [136]=Oop [148]=NarrowOop [152]=NarrowOop }
                      ;*if_icmpne {reexecute=1 rethrow=0 return_oop=0}
                      ; - (reexecute) java.util.concurrent.ConcurrentHashMap::get@127
                      ; - java.lang.ClassLoader::definePackage@47
                      ; - java.lang.ClassLoader::getDefinedPackage@32
                      ; - java.net.URLClassLoader::getAndVerifyPackage@2
                      ; - java.net.URLClassLoader::defineClass@46
                      ; - java.net.URLClassLoader$1::run@43
                      ;   {poll}
  0x000001f01275f554: 0041 8503 | 443b 5424 | 7874 204c | 8b94 2488 | 0000 0045 | 8b52 1845 | 85d2 750a | 4c8b 4424 
  0x000001f01275f574: 70e9 6cfc | ffff 4d8b | daeb c34c | 8b94 2488 | 0000 0041 | 8b6a 104c | 8bd5 4c8b | 5c24 704d 
  0x000001f01275f594: 3bd3 7432 | 85ed 0f84 | 3843 0000 | 4c8b c549 | 8bd3 6690 

  0x000001f01275f5a8: ;   {optimized virtual_call}
  0x000001f01275f5a8: c5f8 77e8 

  0x000001f01275f5ac: ; ImmutableOopMap {[32]=Oop [40]=Oop [48]=Oop [64]=Oop [80]=Oop [88]=Oop [96]=Oop [104]=NarrowOop [112]=Oop [128]=NarrowOop [136]=Oop [148]=NarrowOop [152]=NarrowOop }
                      ;*invokevirtual equals {reexecute=0 rethrow=0 return_oop=0}
                      ; - java.util.concurrent.ConcurrentHashMap::get@149
                      ; - java.lang.ClassLoader::definePackage@47
                      ; - java.lang.ClassLoader::getDefinedPackage@32
                      ; - java.net.URLClassLoader::getAndVerifyPackage@2
                      ; - java.net.URLClassLoader::defineClass@46
                      ; - java.net.URLClassLoader$1::run@43
  0x000001f01275f5ac: 10e5 0bff 

  0x000001f01275f5b0: ;   {other}
  0x000001f01275f5b0: 0f1f 8400 | 201b 000c | 4d8b 9758 

  0x000001f01275f5bc: ; ImmutableOopMap {[32]=Oop [40]=Oop [48]=Oop [64]=Oop [80]=Oop [88]=Oop [96]=Oop [104]=NarrowOop [112]=Oop [128]=NarrowOop [136]=Oop [148]=NarrowOop [152]=NarrowOop }
                      ;*ifeq {reexecute=1 rethrow=0 return_oop=0}
                      ; - (reexecute) java.util.concurrent.ConcurrentHashMap::get@152
                      ; - java.lang.ClassLoader::definePackage@47
                      ; - java.lang.ClassLoader::getDefinedPackage@32
                      ; - java.net.URLClassLoader::getAndVerifyPackage@2
                      ; - java.net.URLClassLoader::defineClass@46
                      ; - java.net.URLClassLoader$1::run@43
                      ;   {poll}
  0x000001f01275f5bc: 0400 0041 | 8502 85c0 | 0f84 4d1b | 0000 4c8b | 9424 8800 | 0000 418b | 6a14 85ed | 0f84 1527 
  0x000001f01275f5dc: 0000 448b 

  0x000001f01275f5e0: ;   {metadata('java/lang/Package')}
  0x000001f01275f5e0: 5d08 4181 | fb40 3301 | 200f 856d | 5100 004c | 8bd5 e98d | fcff ff33 | c0e9 5607 

  0x000001f01275f5fc: ;   {metadata('java/lang/IllegalArgumentException')}
  0x000001f01275f5fc: 0000 48bd | 001e 0200 | 0100 0000 | 4d85 c00f | 84f9 1700 | 004c 8944 | 2460 4c89 | 4c24 4844 
  0x000001f01275f61c: 8994 2494 | 0000 0048 | 8b54 2420 | 4d8b c14c | 8b4c 2460 | 488b 7c24 | 3066 6690 

  0x000001f01275f638: ;   {optimized virtual_call}
  0x000001f01275f638: c5f8 77e8 

  0x000001f01275f63c: ; ImmutableOopMap {[32]=Oop [40]=Oop [48]=Oop [64]=Oop [72]=Oop [80]=Oop [88]=Oop [96]=Oop [104]=NarrowOop [148]=NarrowOop [152]=NarrowOop }
                      ;*invokevirtual definePackage {reexecute=0 rethrow=0 return_oop=1}
                      ; - java.net.URLClassLoader::defineClass@64
                      ; - java.net.URLClassLoader$1::run@43
  0x000001f01275f63c: 605d cbfe 

  0x000001f01275f640: ;   {other}
  0x000001f01275f640: 0f1f 8400 | b01b 000e | 488b 7424 | 584c 8b5c | 2428 448b | 4424 68e9 | 9d05 0000 | 418b eb3b 
  0x000001f01275f660: ac24 8000 | 0000 7d2b | 4c63 d546 | 0fbe 5c11 | 1041 83fb | 2e0f 849a | 1100 004c | 8b84 24a8 
  0x000001f01275f680: 0000 0047 | 885c 1010 | ffc5 3bac | 2480 0000 | 007c d549 | 8b87 b801 | 0000 4c8b | d049 83c2 
  0x000001f01275f6a0: 184d 3b97 | c801 0000 | 0f83 912c | 0000 4d89 | 97b8 0100 | 0041 0f0d | 8ac0 0000 | 0048 c700 
  0x000001f01275f6c0: 0100 0000 

  0x000001f01275f6c4: ;   {metadata('java/lang/String')}
  0x000001f01275f6c4: c740 0812 | 8400 2044 | 8960 0c4c | 8960 104c | 8bac 24a8 | 0000 004d | 8bd5 4489 | 5014 4c8b 
  0x000001f01275f6e4: 4c24 784c | 8b5c 2470 | 4c8b 5424 | 6044 8b84 | 249c 0000 | 008b 5424 | 4848 8bbc | 2488 0000 
  0x000001f01275f704: 00eb 294c | 8b4c 2478 | 4c8b 5c24 | 704c 8b54 | 2460 448b | 8424 9c00 | 0000 8b54 | 2448 488b 
  0x000001f01275f724: bc24 8800 | 0000 4c8b | e949 8bc1 | 418b 5d0c | 85db 0f86 | a912 0000 | 0fbe 7010 | c4e2 4af7 
  0x000001f01275f744: cb48 63e9 | 83fe 010f | 84c3 3c00 | 0085 c90f | 8c17 3a00 | 0048 89ac | 24b0 0000 | 0089 8c24 
  0x000001f01275f764: 9000 0000 | 8974 244c | 899c 2484 | 0000 0048 | 8984 24a8 | 0000 004c | 89ac 24a0 | 0000 0048 
  0x000001f01275f784: 89bc 2488 | 0000 0089 | 5424 4844 | 8984 2480 | 0000 004c | 8954 2478 | 4c89 5c24 | 704c 894c 
  0x000001f01275f7a4: 2460 4c8d | 4d01 418b | e985 ed0f | 8c23 3a00 | 004d 8bd1 | 49c1 fa20 | 458b dac4 

  0x000001f01275f7c0: ;   {no_reloc}
  0x000001f01275f7c0: e221 f7ed | 89ac 249c | 0000 0085 | ed0f 8ca5 | 3c00 0081 | fd00 0010 | 000f 8741 | 3500 004c 
  0x000001f01275f7e0: 63d5 81fd | 0000 1000 | 0f87 8326 | 0000 4d8b | 87b8 0100 | 0049 83c2 | 1749 83e2 | f84d 8bd8 
  0x000001f01275f800: 4d03 da4d | 3b9f c801 | 0000 0f83 | 6126 0000 | 4d89 9fb8 | 0100 0041 | 0f0d 8bc0 | 0000 0049 
  0x000001f01275f820: c700 0100 | 0000 410f | 0d8b 0001 

  0x000001f01275f82c: ;   {metadata({type array byte})}
  0x000001f01275f82c: 0000 41c7 | 4008 5981 | 0020 4189 | 680c 410f | 0d8b 4001 | 0000 410f | 0d8b 8001 | 0000 448b 
  0x000001f01275f84c: 9424 9000 | 0000 41ff | c28b 8c24 | 9c00 0000 | 413b ca0f | 8297 3600 | 004d 8bd8 | 448b 9424 
  0x000001f01275f86c: 9000 0000 | 43c6 4410 | 102f 4c8b | 8c24 a000 | 0000 4983 | c110 498b | d048 83c2 | 1044 8b44 
  0x000001f01275f88c: 244c 4585 | c00f 8542 | 2600 003b | 8c24 8400 | 0000 0f82 | dc36 0000 | 448b 9424 | 8400 0000 
  0x000001f01275f8ac: 4585 d276 | 2449 8bdb | 4d63 c249 | 8bc9 c5f8 | 7749 ba40 | 97a6 10f0 | 0100 0041 

  0x000001f01275f8c8: ;   {other}
  0x000001f01275f8c8: ffd2 0f1f | 8400 0000 | 0000 4c8b | db49 8b87 | b801 0000 | 4c8b d049 | 83c2 184d | 3b97 c801 
  0x000001f01275f8e8: 0000 0f83 | b025 0000 | 4d89 97b8 | 0100 0041 | 0f0d 8ac0 | 0000 0048 | c700 0100 

  0x000001f01275f904: ;   {metadata('java/lang/String')}
  0x000001f01275f904: 0000 c740 | 0812 8400 | 2044 8960 | 0c4c 8960 | 104d 8bd3 | 4489 5014 | 4c8b 4c24 | 604c 8b5c 
  0x000001f01275f924: 2470 4c8b | 5424 7844 | 8b84 2480 | 0000 008b 

  0x000001f01275f934: ;   {metadata('java/util/jar/JavaUtilJarAccessImpl')}
  0x000001f01275f934: 5424 4881 | fa3d 2001 | 200f 85b5 | 3400 0041 | 8b6b 108b 

  0x000001f01275f948: ;   {metadata('java/util/HashMap')}
  0x000001f01275f948: 4d08 81f9 | afdb 0020 | 0f85 0235 | 0000 4c8b | c541 8b70 | 2485 f60f | 8457 0100 | 008b 4e0c 
  0x000001f01275f968: 85c9 0f86 | 783b 0000 | 488b d844 | 8b40 0cff | c945 85c0 | 0f84 2408 | 0000 418b | f8c1 ef10 
  0x000001f01275f988: 4133 f823 | cf8b 548e | 1085 d20f | 8423 0100 | 0044 8b42 | 0c48 8bea | 443b c70f | 85ba 0800 
  0x000001f01275f9a8: 008b 4a10 | 4c8b c14c | 3bc3 7450 | 8994 2480 | 0000 0089 | 7c24 6c48 | 895c 2478 | 4c89 5424 
  0x000001f01275f9c8: 704c 895c | 2460 4c89 | 4c24 4848 | 8bd3 6690 

  0x000001f01275f9d8: ;   {optimized virtual_call}
  0x000001f01275f9d8: c5f8 77e8 

  0x000001f01275f9dc: ; ImmutableOopMap {rbp=Oop [32]=Oop [40]=Oop [48]=Oop [64]=Oop [72]=Oop [80]=Oop [88]=Oop [96]=Oop [104]=NarrowOop [112]=Oop [120]=Oop [128]=NarrowOop [148]=NarrowOop [152]=NarrowOop }
                      ;*invokevirtual equals {reexecute=0 rethrow=0 return_oop=0}
                      ; - java.util.HashMap::getNode@63
                      ; - java.util.HashMap::get@2
                      ; - java.util.jar.Manifest::getAttributes@5
                      ; - java.util.jar.Manifest::getTrustedAttributes@2
                      ; - java.util.jar.JavaUtilJarAccessImpl::getTrustedAttributes@2
                      ; - java.net.URLClassLoader::isSealed@18
                      ; - java.net.URLClassLoader::getAndVerifyPackage@68
                      ; - java.net.URLClassLoader::defineClass@46
                      ; - java.net.URLClassLoader$1::run@43
  0x000001f01275f9dc: a0f0 31fe 

  0x000001f01275f9e0: ;   {other}
  0x000001f01275f9e0: 0f1f 8400 | 501f 000f | 85c0 0f84 | 5408 0000 | 4c8b 4c24 | 484c 8b5c | 2460 4c8b | 5424 7048 
  0x000001f01275fa00: 8b5c 2478 | 8b6d 1485 | ed0f 84ad | 0000 0044 

  0x000001f01275fa10: ;   {metadata('java/util/jar/Attributes')}
  0x000001f01275fa10: 8b45 0841 | 81f8 8d30 | 0120 0f85 | 604c 0000 | 418b 4b14 | 4c8b c585 | c974 4b49 | 8be8 4889 
  0x000001f01275fa30: 9c24 8000 | 0000 4c89 | 5424 784c | 895c 2470 | 4c89 4c24 | 6048 8bd1 | 4c8b c390 

  0x000001f01275fa4c: ;   {optimized virtual_call}
  0x000001f01275fa4c: c5f8 77e8 

  0x000001f01275fa50: ; ImmutableOopMap {rbp=Oop [32]=Oop [40]=Oop [48]=Oop [64]=Oop [80]=Oop [88]=Oop [96]=Oop [104]=NarrowOop [112]=Oop [120]=Oop [128]=Oop [148]=NarrowOop [152]=NarrowOop }
                      ;*invokevirtual isTrustedManifestEntry {reexecute=0 rethrow=0 return_oop=0}
                      ; - java.util.jar.Manifest::getTrustedAttributes@22
                      ; - java.util.jar.JavaUtilJarAccessImpl::getTrustedAttributes@2
                      ; - java.net.URLClassLoader::isSealed@18
                      ; - java.net.URLClassLoader::getAndVerifyPackage@68
                      ; - java.net.URLClassLoader::defineClass@46
                      ; - java.net.URLClassLoader$1::run@43
  0x000001f01275fa50: 2cf0 31fe 

  0x000001f01275fa54: ;   {other}
  0x000001f01275fa54: 0f1f 8400 | c41f 0010 | 85c0 0f84 | 383b 0000 | 4c8b 4c24 | 604c 8b5c | 2470 4c8b | 5424 784c 
  0x000001f01275fa74: 8bc5 4c89 | 5424 704c | 895c 2448 | 4c89 4c24 | 6049 8bd0 

  0x000001f01275fa88: ;   {oop(a 'java/util/jar/Attributes$Name'{0x00000000a0c00358})}
  0x000001f01275fa88: 49b8 5803 | c0a0 0000 | 0000 6690 

  0x000001f01275fa94: ;   {optimized virtual_call}
  0x000001f01275fa94: c5f8 77e8 

  0x000001f01275fa98: ; ImmutableOopMap {[32]=Oop [40]=Oop [48]=Oop [64]=Oop [72]=Oop [80]=Oop [88]=Oop [96]=Oop [104]=NarrowOop [112]=Oop [148]=NarrowOop [152]=NarrowOop }
                      ;*invokevirtual getValue {reexecute=0 rethrow=0 return_oop=1}
                      ; - java.net.URLClassLoader::isSealed@35
                      ; - java.net.URLClassLoader::getAndVerifyPackage@68
                      ; - java.net.URLClassLoader::defineClass@46
                      ; - java.net.URLClassLoader$1::run@43
  0x000001f01275fa98: e4ef 31fe 

  0x000001f01275fa9c: ;   {other}
  0x000001f01275fa9c: 0f1f 8400 | 0c20 0011 | 4885 c00f | 85ff 3c00 | 004c 8b4c | 2460 4c8b | 5c24 484c | 8b54 2470 
  0x000001f01275fabc: 418b 4b0c 

  0x000001f01275fac0: ; implicit exception: dispatches to 0x000001f012764bb4
  0x000001f01275fac0: 8b69 0c8b 

  0x000001f01275fac4: ;   {metadata('java/util/LinkedHashMap')}
  0x000001f01275fac4: 4d08 81f9 | 290d 0020 | 0f85 de33 | 0000 488b | dd8b 4b24 | 85c9 0f84 | 0a01 0000 | 8b69 0c85 
  0x000001f01275fae4: ed0f 865d 

  0x000001f01275fae8: ;   {oop(a 'java/util/jar/Attributes$Name'{0x00000000a0c00358})}
  0x000001f01275fae8: 3a00 0049 | b858 03c0 | a000 0000 | 0045 8b40 | 0cff cd41 | 8bf8 c1ef | 1041 33f8 | 23ef 8b74 
  0x000001f01275fb08: a910 85f6 | 0f84 d800 | 0000 8b4e | 0c48 8bee | 3bcf 0f85 | e007 0000 

  0x000001f01275fb20: ;   {oop(a 'java/util/jar/Attributes$Name'{0x00000000a0c00358})}
  0x000001f01275fb20: 8b4e 1081 | f958 03c0 | a074 5989 | b424 8000 | 0000 897c | 246c 4889 | 5c24 784c | 8954 2470 
  0x000001f01275fb40: 4c89 5c24 | 604c 894c | 2448 4c8b 

  0x000001f01275fb4c: ;   {oop(a 'java/util/jar/Attributes$Name'{0x00000000a0c00358})}
  0x000001f01275fb4c: c148 ba58 | 03c0 a000 | 0000 0090 

  0x000001f01275fb58: ;   {optimized virtual_call}
  0x000001f01275fb58: c5f8 77e8 

  0x000001f01275fb5c: ; ImmutableOopMap {rbp=Oop [32]=Oop [40]=Oop [48]=Oop [64]=Oop [72]=Oop [80]=Oop [88]=Oop [96]=Oop [104]=NarrowOop [112]=Oop [120]=Oop [128]=NarrowOop [148]=NarrowOop [152]=NarrowOop }
                      ;*invokevirtual equals {reexecute=0 rethrow=0 return_oop=0}
                      ; - java.util.HashMap::getNode@63
                      ; - java.util.LinkedHashMap::get@2
                      ; - java.util.jar.Attributes::get@5
                      ; - java.util.jar.Attributes::getValue@2
                      ; - java.net.URLClassLoader::isSealed@58
                      ; - java.net.URLClassLoader::getAndVerifyPackage@68
                      ; - java.net.URLClassLoader::defineClass@46
                      ; - java.net.URLClassLoader$1::run@43
  0x000001f01275fb5c: 20ef 31fe 

  0x000001f01275fb60: ;   {other}
  0x000001f01275fb60: 0f1f 8400 | d020 0012 | 85c0 0f84 | 7107 0000 | 4c8b 4c24 | 484c 8b5c | 2460 4c8b | 5424 7048 
  0x000001f01275fb80: 8b5c 2478 | 4889 ac24 | 8000 0000 | 0fb6 4b30 | 85c9 0f85 | e113 0000 | 4c8b 8424 | 8000 0000 
  0x000001f01275fba0: 418b 6814 | 85ed 7442 | 448b 4508 

  0x000001f01275fbac: ;   {metadata('java/lang/String')}
  0x000001f01275fbac: 4181 f812 | 8400 200f | 8523 4b00 | 0048 8bfd 

  0x000001f01275fbbc: ;   {oop("true"{0x00000000a07acde0})}
  0x000001f01275fbbc: 48ba e0cd | 7aa0 0000 | 0000 483b | fa0f 8497 | 0c00 0044 | 8b47 1441 | 8b48 0c44 | 0fbe 4710 
  0x000001f01275fbdc: c4e2 3af7 | c983 f904 | 0f84 360c | 0000 488b | 7424 584c | 8b5c 2428 | 448b 4424 | 6844 8944 
  0x000001f01275fbfc: 2440 4c89 | 5c24 2048 | 8974 2458 | 488b d690 

  0x000001f01275fc0c: ;   {optimized virtual_call}
  0x000001f01275fc0c: c5f8 77e8 

  0x000001f01275fc10: ; ImmutableOopMap {[32]=Oop [48]=Oop [64]=NarrowOop [80]=Oop [88]=Oop [148]=NarrowOop [152]=NarrowOop }
                      ;*invokevirtual getByteBuffer {reexecute=0 rethrow=0 return_oop=1}
                      ; - java.net.URLClassLoader::defineClass@132
                      ; - java.net.URLClassLoader$1::run@43
  0x000001f01275fc10: cc14 b7ff 

  0x000001f01275fc14: ;   {other}
  0x000001f01275fc14: 0f1f 8400 | 8421 0013 | 4885 c00f | 8553 2f00 | 0048 8b54 | 2458 448b 

  0x000001f01275fc2c: ;   {metadata('jdk/internal/loader/URLClassPath$JarLoader$2')}
  0x000001f01275fc2c: 5208 4181 | faa2 3201 | 200f 854d | 0e00 0048 | 8bea 6690 

  0x000001f01275fc40: ;   {optimized virtual_call}
  0x000001f01275fc40: c5f8 77e8 

  0x000001f01275fc44: ; ImmutableOopMap {rbp=Oop [32]=Oop [48]=Oop [64]=NarrowOop [80]=Oop [88]=Oop [148]=NarrowOop [152]=NarrowOop }
                      ;*invokevirtual getBytes {reexecute=0 rethrow=0 return_oop=1}
                      ; - java.net.URLClassLoader::defineClass@179
                      ; - java.net.URLClassLoader$1::run@43
  0x000001f01275fc44: 184e 7dfe 

  0x000001f01275fc48: ;   {other}
  0x000001f01275fc48: 0f1f 8400 | b821 0014 | 4889 4424 | 484c 8b5c | 2458 458b 

  0x000001f01275fc5c: ;   {metadata('jdk/internal/loader/URLClassPath$JarLoader$2')}
  0x000001f01275fc5c: 5308 4181 | faa2 3201 | 200f 8508 | 0e00 0049 | 8bd3 6690 

  0x000001f01275fc70: ;   {optimized virtual_call}
  0x000001f01275fc70: c5f8 77e8 

  0x000001f01275fc74: ; ImmutableOopMap {[32]=Oop [48]=Oop [64]=NarrowOop [72]=Oop [80]=Oop [88]=Oop [148]=NarrowOop [152]=NarrowOop }
                      ;*invokevirtual getCodeSigners {reexecute=0 rethrow=0 return_oop=1}
                      ; - java.net.URLClassLoader::defineClass@185
                      ; - java.net.URLClassLoader$1::run@43
  0x000001f01275fc74: 88be 6200 

  0x000001f01275fc78: ;   {other}
  0x000001f01275fc78: 0f1f 8400 | e821 0015 | 4c8b 5c24 | 584c 8bc0 | 498b 87b8 | 0100 004c | 8bd0 4983 | c228 4d3b 
  0x000001f01275fc98: 97c8 0100 | 000f 835a | 2000 004d | 8997 b801 | 0000 410f | 0d8a c000 | 0000 48c7 | 0001 0000 
  0x000001f01275fcb8: ;   {metadata('java/security/CodeSource')}
  0x000001f01275fcb8: 00c7 4008 | 63ab 0020 | 4489 600c | 4c89 6010 | 4c89 6018 | 4c89 6020 | 4c89 5c24 | 584c 8944 
  0x000001f01275fcd8: 2428 4889 | 4424 4048 | 8bd0 4c8b | 4424 304c | 8b4c 2428 

  0x000001f01275fcec: ;   {optimized virtual_call}
  0x000001f01275fcec: c5f8 77e8 

  0x000001f01275fcf0: ; ImmutableOopMap {[32]=Oop [64]=Oop [72]=Oop [80]=Oop [88]=Oop [148]=NarrowOop [152]=NarrowOop }
                      ;*invokespecial <init> {reexecute=0 rethrow=0 return_oop=0}
                      ; - java.net.URLClassLoader::defineClass@198
                      ; - java.net.URLClassLoader$1::run@43
  0x000001f01275fcf0: ecf6 c0fe 

  0x000001f01275fcf4: ;   {other}
  0x000001f01275fcf4: 0f1f 8400 | 6422 0016 

  0x000001f01275fcfc: ;   {oop(a 'jdk/internal/perf/PerfCounter'{0x00000000a0c00410})}
  0x000001f01275fcfc: 48ba 1004 | c0a0 0000 | 0000 4c8b | 4424 3890 

  0x000001f01275fd0c: ;   {optimized virtual_call}
  0x000001f01275fd0c: c5f8 77e8 

  0x000001f01275fd10: ; ImmutableOopMap {[32]=Oop [64]=Oop [72]=Oop [80]=Oop [88]=Oop [148]=NarrowOop [152]=NarrowOop }
                      ;*invokevirtual addElapsedTimeFrom {reexecute=0 rethrow=0 return_oop=0}
                      ; - java.net.URLClassLoader::defineClass@207
                      ; - java.net.URLClassLoader$1::run@43
  0x000001f01275fd10: 2c70 d9fe 

  0x000001f01275fd14: ;   {other}
  0x000001f01275fd14: 0f1f 8400 | 8422 0017 | 4c8b 5424 | 4841 8b72 | 0c44 8b9c | 2494 0000 | 0049 8bd3 | 4c8b 4424 
  0x000001f01275fd34: 204c 8b4c | 2448 33ff | 488b 4c24 | 4066 6690 

  0x000001f01275fd44: ;   {optimized virtual_call}
  0x000001f01275fd44: c5f8 77e8 

  0x000001f01275fd48: ; ImmutableOopMap {[80]=Oop [88]=Oop }
                      ;*invokevirtual defineClass {reexecute=0 rethrow=0 return_oop=1}
                      ; - java.net.URLClassLoader::defineClass@220
                      ; - java.net.URLClassLoader$1::run@43
  0x000001f01275fd48: 5479 9b00 

  0x000001f01275fd4c: ;   {other}
  0x000001f01275fd4c: 0f1f 8400 | bc22 0018 | c5f8 7748 | 81c4 f000 

  0x000001f01275fd5c: ;   {poll_return}
  0x000001f01275fd5c: 0000 5d49 | 3ba7 5004 | 0000 0f87 | bc56 0000 | c366 6690 | 418b ea48 | 63fd 440f | be54 3910 
  0x000001f01275fd7c: 4183 fa2e | 0f84 5601 | 0000 0fbe | 5c39 1183 | fb2e 0f84 | 4101 0000 | 440f be54 | 3912 4183 
  0x000001f01275fd9c: fa2e 0f84 | 3501 0000 | 0fbe 5c39 | 1383 fb2e | 0f84 2001 | 0000 448d | 5504 453b | d37c b54d 
  0x000001f01275fdbc: 8b9f 5804 | 0000 83c5 

  0x000001f01275fdc4: ; ImmutableOopMap {rcx=NarrowOop [32]=Oop [40]=Oop [48]=Oop [64]=Oop [80]=Oop [88]=Oop [96]=Oop [104]=NarrowOop [112]=Oop [120]=Oop [136]=Oop [148]=NarrowOop [152]=NarrowOop [156]=NarrowOop [160]=Oop }
                      ;*if_icmpne {reexecute=1 rethrow=0 return_oop=0}
                      ; - (reexecute) java.lang.StringLatin1::replace@28
                      ; - java.lang.String::replace@18
                      ; - java.net.URLClassLoader::isSealed@9
                      ; - java.net.URLClassLoader::getAndVerifyPackage@68
                      ; - java.net.URLClassLoader::defineClass@46
                      ; - java.net.URLClassLoader$1::run@43
                      ;   {poll}
  0x000001f01275fdc4: 0341 8503 | 453b d10f | 8db0 1200 | 0041 8bea | e972 f5ff | ff49 8b87 | b801 0000 | 4c8b d049 
  0x000001f01275fde4: 83c2 184d | 3b97 c801 | 0000 0f83 | c024 0000 | 4d89 97b8 | 0100 0041 | 0f0d 8ac0 | 0000 0048 
  0x000001f01275fe04: c700 0100 

  0x000001f01275fe08: ;   {metadata('java/lang/String')}
  0x000001f01275fe08: 0000 c740 | 0812 8400 | 2044 8960 | 0c44 8960 

  0x000001f01275fe18: ;   {oop([B{0x00000000a080c450})}
  0x000001f01275fe18: 10c7 4014 | 50c4 80a0 

  0x000001f01275fe20: ;   {oop(".class"{0x00000000a080c438})}
  0x000001f01275fe20: 49ba 38c4 | 80a0 0000 | 0000 458b | 5a0c 4489 | 580c 450f | b65a 1144 | 8858 11e9 | 10ea ffff 
  0x000001f01275fe40: 41ba 2f00 | 0000 e9ee | e6ff ff41 | 0fb6 4911 | 85c9 0f85 | b012 0000 | 450f be59 | 1045 85db 
  0x000001f01275fe60: 0f85 8638 | 0000 4c89 | 4424 7848 | 8944 24f8 | 8b84 2494 | 0000 0089 | 4424 4848 | 8b44 24f8 
  0x000001f01275fe80: 458b 5114 | 488b ef89 | 7c24 4c49 | 8bd2 6690 

  0x000001f01275fe90: ;   {static_call}
  0x000001f01275fe90: c5f8 77e8 

  0x000001f01275fe94: ; ImmutableOopMap {rbp=Oop [32]=Oop [40]=Oop [48]=Oop [64]=Oop [72]=NarrowOop [76]=NarrowOop [80]=Oop [88]=Oop [104]=NarrowOop [120]=Oop [152]=NarrowOop [200]=Oop }
                      ;*invokestatic hashCode {reexecute=0 rethrow=0 return_oop=0}
                      ; - java.lang.String::hashCode@27
                      ; - java.util.concurrent.ConcurrentHashMap::get@1
                      ; - java.lang.ClassLoader::getDefinedPackage@13
                      ; - java.net.URLClassLoader::getAndVerifyPackage@2
                      ; - java.net.URLClassLoader::defineClass@46
                      ; - java.net.URLClassLoader$1::run@43
  0x000001f01275fe94: 2888 28ff 

  0x000001f01275fe98: ;   {other}
  0x000001f01275fe98: 0f1f 8400 | 0824 001a | 85c0 0f84 | b111 0000 | 4c8b 8c24 | c800 0000 | 4189 410c | 448b 5424 
  0x000001f01275feb8: 484c 8b44 | 2478 8b7c | 244c e99d | efff ff41 | b82f 0000 | 00e9 79e7 | ffff 83c5 | 02ff c5eb 
  0x000001f01275fed8: 0383 c502 | 3bac 2480 | 0000 000f | 8d1e f8ff | ff44 8b9c | 2480 0000 | 0041 81fb | 0000 1000 
  0x000001f01275fef8: 0f87 e623 | 0000 498b | 9fb8 0100 | 004d 63d3 | 4983 c217 | 4983 e2f8 | 4c8b db4d | 03da 4d3b 
  0x000001f01275ff18: 9fc8 0100 | 000f 83c1 | 2300 004d | 899f b801 | 0000 410f | 0d8b c000 | 0000 48c7 | 0301 0000 
  0x000001f01275ff38: 0041 0f0d | 8b00 0100 

  0x000001f01275ff40: ;   {metadata({type array byte})}
  0x000001f01275ff40: 00c7 4308 | 5981 0020 | 448b 9424 | 8000 0000 | 4489 530c | 410f 0d8b | 4001 0000 | 410f 0d8b 
  0x000001f01275ff60: 8001 0000 | 4889 9c24 | a800 0000 | 85ed 0f8e | bc00 0000 | 8d7d ff3b | bc24 8000 | 0000 0f83 
  0x000001f01275ff80: 7433 0000 | 448b 9c24 | 8000 0000 | 4585 db0f | 8663 3300 | 0044 0fbe | 5910 4488 | 5b10 83ff 
  0x000001f01275ffa0: 010f 8ec9 | 3300 00ba | 0100 0000 | 8bf5 2bf2 | ffce 4533 | db3b fa41 | 0f4c f381 | fed0 0700 
  0x000001f01275ffc0: 0041 bad0 | 0700 0041 | 0f47 f203 | f266 6690 | 4863 da44 | 0fbe 5419 | 104c 8b9c | 24a8 0000 
  0x000001f01275ffe0: 0045 8854 | 1b10 440f | be5c 1911 | 4c8b 9424 | a800 0000 | 4588 5c1a | 1183 c202 | 3bd6 7cd0 
  0x000001f012760000: 4d8b 9758 

  0x000001f012760004: ; ImmutableOopMap {rcx=NarrowOop [32]=Oop [40]=Oop [48]=Oop [64]=Oop [80]=Oop [88]=Oop [96]=Oop [104]=NarrowOop [112]=Oop [120]=Oop [136]=Oop [148]=NarrowOop [152]=NarrowOop [156]=NarrowOop [160]=Oop [168]=Oop }
                      ;*goto {reexecute=1 rethrow=0 return_oop=0}
                      ; - (reexecute) java.lang.StringLatin1::replace@76
                      ; - java.lang.String::replace@18
                      ; - java.net.URLClassLoader::isSealed@9
                      ; - java.net.URLClassLoader::getAndVerifyPackage@68
                      ; - java.net.URLClassLoader::defineClass@46
                      ; - java.net.URLClassLoader$1::run@43
                      ;   {poll}
  0x000001f012760004: 0400 0041 | 8502 3bd7 | 7c9e 3bd5 | 7d1e 6690 | 4c63 d246 | 0fbe 5c11 | 1048 8b9c | 24a8 0000 
  0x000001f012760024: 0046 885c | 1310 ffc2 | 3bd5 7ce4 | 3bac 2480 | 0000 000f | 8d56 f6ff | ff3b ac24 | 8000 0000 
  0x000001f012760044: 0f83 ba2f | 0000 443b | 8424 8000 | 0000 0f83 | ac2f 0000 | 448d 5501 | 4c63 dd46 | 0fbe 4419 
  0x000001f012760064: 1041 83f8 | 2e0f 8418 | 0300 0048 | 8b9c 24a8 | 0000 0046 | 8844 1b10 | 448d 5d01 | 453b da7d 
  0x000001f012760084: 0541 8beb | ebd2 453b | d90f 8dc9 | f5ff ffff | c5e9 8a00 | 0000 41bb | 2f00 0000 | 4588 5c1a 
  0x000001f0127600a4: 1144 0fbe | 5c19 1241 | 83fb 2e74 | 5045 885c | 1a12 440f | be5c 1913 | 4183 fb2e | 7447 4588 
  0x000001f0127600c4: 5c1a 1383 | c504 413b | e87d 4248 | 63dd 440f | be5c 1910 | 4183 fb2e | 741b 4c8b | 9424 a800 
  0x000001f0127600e4: 0000 4588 | 5c1a 1044 | 0fbe 5c19 | 1141 83fb | 2e75 a9eb | a141 bb2f | 0000 00eb | dd41 bb2f 
  0x000001f012760104: ;   {no_reloc}
  0x000001f012760104: 0000 00eb | a841 bb2f | 0000 00eb | b14d 8b97 

  0x000001f012760114: ; ImmutableOopMap {rcx=NarrowOop [32]=Oop [40]=Oop [48]=Oop [64]=Oop [80]=Oop [88]=Oop [96]=Oop [104]=NarrowOop [112]=Oop [120]=Oop [136]=Oop [148]=NarrowOop [152]=NarrowOop [156]=NarrowOop [160]=Oop [168]=Oop }
                      ;*goto {reexecute=1 rethrow=0 return_oop=0}
                      ; - (reexecute) java.lang.StringLatin1::replace@113
                      ; - java.lang.String::replace@18
                      ; - java.net.URLClassLoader::isSealed@9
                      ; - java.net.URLClassLoader::getAndVerifyPackage@68
                      ; - java.net.URLClassLoader::defineClass@46
                      ; - java.net.URLClassLoader$1::run@43
  0x000001f012760114: 5804 0000 

  0x000001f012760118: ;   {poll}
  0x000001f012760118: 4185 0241 | 3be9 0f8d | 3bf5 ffff | 448b 8424 | 8000 0000 | 442b c541 | 83c0 fd45 | 33db 443b 
  0x000001f012760138: cd45 0f4c | c341 81f8 | a00f 0000 | 41ba a00f | 0000 450f | 47c2 4403 | c5e9 79ff | ffff 4585 
  0x000001f012760158: db0f 8581 | 1b00 0045 | 0fbe 4110 | 4585 c00f | 850b 3700 | 004c 894c | 2448 498b | d244 8b94 
  0x000001f012760178: 2484 0000 | 0049 8bea 

  0x000001f012760180: ;   {static_call}
  0x000001f012760180: c5f8 77e8 

  0x000001f012760184: ; ImmutableOopMap {rbp=Oop [32]=Oop [40]=Oop [48]=Oop [64]=Oop [72]=Oop [80]=Oop [88]=Oop [96]=Oop [104]=NarrowOop [128]=NarrowOop [132]=NarrowOop [148]=NarrowOop [152]=NarrowOop }
                      ;*invokestatic hashCode {reexecute=0 rethrow=0 return_oop=0}
                      ; - java.lang.String::hashCode@27
                      ; - java.util.concurrent.ConcurrentHashMap::get@1
                      ; - java.lang.ClassLoader::definePackage@47
                      ; - java.lang.ClassLoader::getDefinedPackage@32
                      ; - java.net.URLClassLoader::getAndVerifyPackage@2
                      ; - java.net.URLClassLoader::defineClass@46
                      ; - java.net.URLClassLoader$1::run@43
  0x000001f012760184: f8ee 31fe 

  0x000001f012760188: ;   {other}
  0x000001f012760188: 0f1f 8400 | f826 001d | 85c0 0f84 | a311 0000 | 4c8b 4424 | 4841 8940 | 0ce9 ebef | ffff 440f 
  0x000001f0127601a8: b640 1145 | 85c0 0f85 | 361b 0000 | 440f be40 | 1045 85c0 | 0f85 6a37 | 0000 898c | 2480 0000 
  0x000001f0127601c8: 0048 8944 | 2478 4c89 | 5424 704c | 895c 2460 | 4c89 4c24 | 4844 8b50 | 1448 8bee | 8974 246c 
  0x000001f0127601e8: 498b d290 

  0x000001f0127601ec: ;   {static_call}
  0x000001f0127601ec: c5f8 77e8 

  0x000001f0127601f0: ; ImmutableOopMap {rbp=Oop [32]=Oop [40]=Oop [48]=Oop [64]=Oop [72]=Oop [80]=Oop [88]=Oop [96]=Oop [104]=NarrowOop [108]=NarrowOop [112]=Oop [120]=Oop [148]=NarrowOop [152]=NarrowOop }
                      ;*invokestatic hashCode {reexecute=0 rethrow=0 return_oop=0}
                      ; - java.lang.String::hashCode@27
                      ; - java.util.HashMap::hash@9
                      ; - java.util.HashMap::getNode@23
                      ; - java.util.HashMap::get@2
                      ; - java.util.jar.Manifest::getAttributes@5
                      ; - java.util.jar.Manifest::getTrustedAttributes@2
                      ; - java.util.jar.JavaUtilJarAccessImpl::getTrustedAttributes@2
                      ; - java.net.URLClassLoader::isSealed@18
                      ; - java.net.URLClassLoader::getAndVerifyPackage@68
                      ; - java.net.URLClassLoader::defineClass@46
                      ; - java.net.URLClassLoader$1::run@43
  0x000001f0127601f0: 8cee 31fe 

  0x000001f0127601f4: ;   {other}
  0x000001f0127601f4: 0f1f 8400 | 6427 001e | 85c0 0f84 | f211 0000 | 488b 5c24 | 7889 430c | 448b d041 | c1ea 1044 
  0x000001f012760214: 33d0 8b8c | 2480 0000 | 0041 23ca | 418b fa4c | 8b4c 2448 | 4c8b 5c24 | 604c 8b54 | 2470 8b74 
  0x000001f012760234: 246c e952 | f7ff ff4c | 895f 20e9 | e9eb ffff | 4c8b 4c24 | 484c 8b5c | 2460 4c8b | 5424 7048 
  0x000001f012760254: 8b5c 2478 | 8b7c 246c | 8b94 2480 | 0000 008b | 4a18 85c9 | 0f84 4ef8 | ffff 448b 

  0x000001f012760270: ;   {metadata('java/util/HashMap$TreeNode')}
  0x000001f012760270: 4208 4181 | f8a3 dd00 | 200f 8530 | 0600 0048 | 895c 2478 | 4c89 5424 | 704c 895c | 2460 4c89 
  0x000001f012760290: 4c24 4848 | 8bd5 448b | c74c 8bcb 

  0x000001f01276029c: ;   {optimized virtual_call}
  0x000001f01276029c: c5f8 77e8 

  0x000001f0127602a0: ; ImmutableOopMap {[32]=Oop [40]=Oop [48]=Oop [64]=Oop [72]=Oop [80]=Oop [88]=Oop [96]=Oop [104]=NarrowOop [112]=Oop [120]=Oop [148]=NarrowOop [152]=NarrowOop }
                      ;*invokevirtual getTreeNode {reexecute=0 rethrow=0 return_oop=1}
                      ; - java.util.HashMap::getNode@95
                      ; - java.util.HashMap::get@2
                      ; - java.util.jar.Manifest::getAttributes@5
                      ; - java.util.jar.Manifest::getTrustedAttributes@2
                      ; - java.util.jar.JavaUtilJarAccessImpl::getTrustedAttributes@2
                      ; - java.net.URLClassLoader::isSealed@18
                      ; - java.net.URLClassLoader::getAndVerifyPackage@68
                      ; - java.net.URLClassLoader::defineClass@46
                      ; - java.net.URLClassLoader$1::run@43
  0x000001f0127602a0: dce7 31fe 

  0x000001f0127602a4: ;   {other}
  0x000001f0127602a4: 0f1f 8400 | 1428 001f | 4885 c075 | 144c 8b4c | 2448 4c8b | 5c24 604c | 8b54 2470 | e9f7 f7ff 
  0x000001f0127602c4: ff48 8be8 | 4c8b 4c24 | 484c 8b5c | 2460 4c8b | 5424 7048 | 8b5c 2478 | e923 f7ff | ff4c 8b4c 
  0x000001f0127602e4: 2448 4c8b | 5c24 604c | 8b54 2470 | 488b 5c24 | 788b 7c24 | 6c8b b424 | 8000 0000 | 448b 4618 
  0x000001f012760304: 4585 c00f | 84dd f8ff | ff8b 5608 

  0x000001f012760310: ;   {metadata('java/util/HashMap$TreeNode')}
  0x000001f012760310: 81fa a3dd | 0020 0f85 | 2906 0000 | 4889 5c24 | 784c 8954 | 2470 4c89 | 5c24 604c | 894c 2448 
  0x000001f012760330: 488b d544 

  0x000001f012760334: ;   {oop(a 'java/util/jar/Attributes$Name'{0x00000000a0c00358})}
  0x000001f012760334: 8bc7 49b9 | 5803 c0a0 | 0000 0000 

  0x000001f012760340: ;   {optimized virtual_call}
  0x000001f012760340: c5f8 77e8 

  0x000001f012760344: ; ImmutableOopMap {[32]=Oop [40]=Oop [48]=Oop [64]=Oop [72]=Oop [80]=Oop [88]=Oop [96]=Oop [104]=NarrowOop [112]=Oop [120]=Oop [148]=NarrowOop [152]=NarrowOop }
                      ;*invokevirtual getTreeNode {reexecute=0 rethrow=0 return_oop=1}
                      ; - java.util.HashMap::getNode@95
                      ; - java.util.LinkedHashMap::get@2
                      ; - java.util.jar.Attributes::get@5
                      ; - java.util.jar.Attributes::getValue@2
                      ; - java.net.URLClassLoader::isSealed@58
                      ; - java.net.URLClassLoader::getAndVerifyPackage@68
                      ; - java.net.URLClassLoader::defineClass@46
                      ; - java.net.URLClassLoader$1::run@43
  0x000001f012760344: 38e7 31fe 

  0x000001f012760348: ;   {other}
  0x000001f012760348: 0f1f 8400 | b828 0020 | 4885 c00f | 8491 f8ff | ff48 8984 | 2480 0000 | 004c 8b4c | 2448 4c8b 
  0x000001f012760368: 5c24 604c | 8b54 2470 | 488b 5c24 | 78e9 12f8 | ffff 4c89 | 9c24 c800 | 0000 e9db | e8ff ff41 
  0x000001f012760388: b82f 0000 | 00e9 ddfc | ffff 4889 | 4c24 484c | 8954 2440 | 4c89 4c24 | 3044 8944 | 2468 4889 
  0x000001f0127603a8: 5424 204c | 895c 2428 | 4889 7424 | 5848 8bd1 

  0x000001f0127603b8: ;   {optimized virtual_call}
  0x000001f0127603b8: c5f8 77e8 

  0x000001f0127603bc: ; ImmutableOopMap {[32]=Oop [40]=Oop [48]=Oop [64]=Oop [72]=Oop [80]=Oop [88]=Oop [104]=NarrowOop [148]=NarrowOop [152]=NarrowOop [200]=Oop }
                      ;*invokevirtual getManEntry {reexecute=0 rethrow=0 return_oop=1}
                      ; - java.util.jar.JarFile::getManifestFromReference@27
                      ; - java.util.jar.JarFile::getManifest@1
                      ; - jdk.internal.loader.URLClassPath$JarLoader$2::getManifest@22
                      ; - java.net.URLClassLoader::defineClass@34
                      ; - java.net.URLClassLoader$1::run@43
  0x000001f0127603bc: c0f1 96fe 

  0x000001f0127603c0: ;   {other}
  0x000001f0127603c0: 0f1f 8400 | 3029 0021 | 4885 c00f | 843e 0d00 | 004c 8b44 | 2448 450f | b658 1245 | 85db 0f85 
  0x000001f0127603e0: ff06 0000 | 498b d04c | 8bc0 6690 

  0x000001f0127603ec: ;   {optimized virtual_call}
  0x000001f0127603ec: c5f8 77e8 

  0x000001f0127603f0: ; ImmutableOopMap {[32]=Oop [40]=Oop [48]=Oop [64]=Oop [72]=Oop [80]=Oop [88]=Oop [104]=NarrowOop [148]=NarrowOop [152]=NarrowOop [200]=Oop }
                      ;*invokespecial getInputStream {reexecute=0 rethrow=0 return_oop=1}
                      ; - java.util.jar.JarFile::getManifestFromReference@130
                      ; - java.util.jar.JarFile::getManifest@1
                      ; - jdk.internal.loader.URLClassPath$JarLoader$2::getManifest@22
                      ; - java.net.URLClassLoader::defineClass@34
                      ; - java.net.URLClassLoader$1::run@43
  0x000001f0127603f0: cc29 de01 

  0x000001f0127603f4: ;   {other}
  0x000001f0127603f4: 0f1f 8400 | 6429 0022 | 4889 4424 | 6049 8b87 | b801 0000 | 4c8b d049 | 83c2 184d | 3b97 c801 
  0x000001f012760414: 0000 0f83 | ec1f 0000 | 4d89 97b8 | 0100 0041 | 0f0d 8ac0 | 0000 0048 | c700 0100 

  0x000001f012760430: ;   {metadata('java/util/jar/Manifest')}
  0x000001f012760430: 0000 c740 | 0882 a900 | 2044 8960 | 0c4c 8960 | 104c 8bd0 | 4c89 5424 | 784c 8b54 | 2448 458b 
  0x000001f012760450: 5a14 4489 | 5c24 6c49 | 8baf b801 | 0000 4c8b | d549 83c2 | 104d 3b97 | c801 0000 | 0f83 b71f 
  0x000001f012760470: 0000 4d89 | 97b8 0100 | 0041 0f0d | 8ac0 0000 | 0048 c745 | 0001 0000 

  0x000001f012760488: ;   {metadata('java/util/jar/Attributes')}
  0x000001f012760488: 00c7 4508 | 8d30 0120 | 4489 650c | ba10 0000 | 0066 6690 

  0x000001f01276049c: ;   {static_call}
  0x000001f01276049c: c5f8 77e8 

  0x000001f0127604a0: ; ImmutableOopMap {rbp=Oop [32]=Oop [40]=Oop [48]=Oop [64]=Oop [72]=Oop [80]=Oop [88]=Oop [96]=Oop [104]=NarrowOop [108]=NarrowOop [120]=Oop [148]=NarrowOop [152]=NarrowOop [200]=Oop }
                      ;*invokestatic newLinkedHashMap {reexecute=0 rethrow=0 return_oop=1}
                      ; - java.util.jar.Attributes::<init>@6
                      ; - java.util.jar.Attributes::<init>@3
                      ; - java.util.jar.Manifest::<init>@9
                      ; - java.util.jar.Manifest::<init>@4
                      ; - java.util.jar.JarFile::getManifestFromReference@143
                      ; - java.util.jar.JarFile::getManifest@1
                      ; - jdk.internal.loader.URLClassPath$JarLoader$2::getManifest@22
                      ; - java.net.URLClassLoader::defineClass@34
                      ; - java.net.URLClassLoader$1::run@43
  0x000001f0127604a0: 9c64 a402 

  0x000001f0127604a4: ;   {other}
  0x000001f0127604a4: 0f1f 8400 | 142a 0023 | 488b f841 | 807f 4000 | 0f85 641c | 0000 4c8b | df44 895d | 0c4c 8bd7 
  0x000001f0127604c4: 448b 4424 | 6c4d 8bd8 | 4c89 9c24 | 8000 0000 | 488b dd4c | 8bdd 4d33 | d349 c1ea | 144d 85d2 
  0x000001f0127604e4: 741f 4885 | ff74 1a49 | c1eb 0948 | b900 000c | 19f0 0100 | 0049 03cb | 8039 020f | 852c 1d00 
  0x000001f012760504: 0041 807f | 4000 0f85 | d61b 0000 | 4c8b 5424 | 7841 895a | 0c4c 8bd5 | 4c8b 5c24 | 784d 33d3 
  0x000001f012760524: 49c1 ea14 | 4d85 d274 | 1a49 c1eb | 0948 b900 | 000c 19f0 | 0100 0049 | 03cb 8039 | 020f 8599 
  0x000001f012760544: 1c00 004d | 8b97 b801 | 0000 4d8b | da49 83c3 | 304d 3b9f | c801 0000 | 0f83 ea1e | 0000 4d89 
  0x000001f012760564: 9fb8 0100 | 0041 0f0d | 8bc0 0000 | 0049 c702 | 0100 0000 

  0x000001f012760578: ;   {metadata('java/util/HashMap')}
  0x000001f012760578: 41c7 4208 | afdb 0020 | 4589 620c | 4d89 6210 | 4d89 6218 | 4d89 6228 | 49c7 4220 | 0000 403f 
  0x000001f012760598: 4180 7f40 | 000f 8509 | 1b00 004d | 8bda 4c8b | 4424 7845 | 8958 104d | 8bd8 4d33 | d349 c1ea 
  0x000001f0127605b8: 144d 85d2 | 741a 49c1 | eb09 48b9 | 0000 0c19 | f001 0000 | 4903 cb80 | 3902 0f85 | b71b 0000 
  0x000001f0127605d8: 488b 5424 | 784c 8b44 | 2460 4c8b | 8c24 8000 | 0000 6690 

  0x000001f0127605ec: ;   {optimized virtual_call}
  0x000001f0127605ec: c5f8 77e8 

  0x000001f0127605f0: ; ImmutableOopMap {[32]=Oop [40]=Oop [48]=Oop [64]=Oop [72]=Oop [80]=Oop [88]=Oop [96]=Oop [104]=NarrowOop [120]=Oop [148]=NarrowOop [152]=NarrowOop [200]=Oop }
                      ;*invokevirtual read {reexecute=0 rethrow=0 return_oop=0}
                      ; - java.util.jar.Manifest::<init>@29
                      ; - java.util.jar.Manifest::<init>@4
                      ; - java.util.jar.JarFile::getManifestFromReference@143
                      ; - java.util.jar.JarFile::getManifest@1
                      ; - jdk.internal.loader.URLClassPath$JarLoader$2::getManifest@22
                      ; - java.net.URLClassLoader::defineClass@34
                      ; - java.net.URLClassLoader$1::run@43
  0x000001f0127605f0: 8c7c 38ff 

  0x000001f0127605f4: ;   {other}
  0x000001f0127605f4: 0f1f 8400 | 642b 0024 | 4180 7f40 | 000f 854a | 1b00 004c | 8b44 2478 | 4589 6014 | 4c8b 4c24 
  0x000001f012760614: 6045 8b51 

  0x000001f012760618: ;   {metadata('java/util/zip/ZipFile$ZipFileInflaterInputStream')}
  0x000001f012760618: 0841 81fa | a12d 0120 | 0f85 8c04 | 0000 498b | e849 8bd1 

  0x000001f01276062c: ;   {optimized virtual_call}
  0x000001f01276062c: c5f8 77e8 

  0x000001f012760630: ; ImmutableOopMap {rbp=Oop [32]=Oop [40]=Oop [48]=Oop [64]=Oop [72]=Oop [80]=Oop [88]=Oop [104]=NarrowOop [148]=NarrowOop [152]=NarrowOop [200]=Oop }
                      ;*invokevirtual close {reexecute=0 rethrow=0 return_oop=0}
                      ; - java.util.jar.JarFile::getManifestFromReference@152
                      ; - java.util.jar.JarFile::getManifest@1
                      ; - jdk.internal.loader.URLClassPath$JarLoader$2::getManifest@22
                      ; - java.net.URLClassLoader::defineClass@34
                      ; - java.net.URLClassLoader$1::run@43
  0x000001f012760630: 2c4d 0e00 

  0x000001f012760634: ;   {other}
  0x000001f012760634: 0f1f 8400 | a42b 0025 | 4d8b 97b8 | 0100 004d | 8bda 4983 | c328 4d3b | 9fc8 0100 | 000f 838c 
  0x000001f012760654: 1d00 004d | 899f b801 | 0000 410f | 0d8b c000 | 0000 49c7 | 0201 0000 

  0x000001f01276066c: ;   {metadata('java/lang/ref/SoftReference')}
  0x000001f01276066c: 0041 c742 | 082b 8e00 | 2045 8962 | 0c4d 8962 | 104d 8962 | 184d 8962 | 2049 8bfa | 4c8b dd45 
  0x000001f01276068c: 895a 0c41 | 807f 4000 | 0f85 3919 | 0000 4c8b 

  0x000001f01276069c: ;   {oop(a 'java/lang/ref/ReferenceQueue$Null'{0x00000000a079b7f0})}
  0x000001f01276069c: d741 c742 | 10f0 b779 | a048 8bdf 

  0x000001f0127606a8: ;   {oop(a 'java/lang/ref/ReferenceQueue$Null'{0x00000000a079b7f0})}
  0x000001f0127606a8: 49bb f0b7 | 79a0 0000 | 0000 4d33 | da49 c1eb | 144d 85db | 741a 49c1 | ea09 48b9 | 0000 0c19 
  0x000001f0127606c8: f001 0000 | 4903 ca80 | 3902 0f85 | 8319 0000 | f083 4424 | c000 4180 | 7f40 000f | 85b2 1800 
  0x000001f0127606e8: 004c 8b54 | 2448 4189 

  0x000001f0127606f0: ;   {oop(a 'java/lang/Class'{0x00000000a04282e0} = 'java/lang/ref/SoftReference')}
  0x000001f0127606f0: 5a28 49ba | e082 42a0 | 0000 0000 | 4d8b 5270 | 4c89 5720 | 4c8b d74c | 8b5c 2448 | 4d33 d349 
  0x000001f012760710: c1ea 144d | 85d2 741b | 49c1 eb09 | 49b8 0000 | 0c19 f001 | 0000 4d03 | c341 8038 | 020f 85d3 
  0x000001f012760730: 1800 004c | 8bc5 e901 | e7ff ff41 | 8b68 1485 | ed0f 8597 | eeff ff4c | 8b44 2470 | e995 eaff 
  0x000001f012760750: ff33 ede9 | 5cdc ffff | 4889 bc24 | 8000 0000 | 896c 2478 | 4c89 5424 | 684c 894c | 2448 4489 
  0x000001f012760770: 4424 4048 | 8954 2430 | 4c89 5c24 | 2844 8b9c | 2494 0000 | 0044 895c | 2460 4c8b | 5424 704c 
  0x000001f012760790: 8954 2420 | 4889 7424 | 5848 8bd7 | 41b8 0100 | 0000 488b | ef66 6690 

  0x000001f0127607a8: ;   {optimized virtual_call}
  0x000001f0127607a8: c5f8 77e8 

  0x000001f0127607ac: ; ImmutableOopMap {rbp=Oop [40]=Oop [48]=Oop [64]=NarrowOop [72]=Oop [80]=Oop [88]=Oop [96]=NarrowOop [104]=Oop [120]=NarrowOop [128]=Oop [152]=NarrowOop [200]=Oop }
                      ;*invokevirtual getManifestName {reexecute=0 rethrow=0 return_oop=1}
                      ; - java.util.zip.ZipFile$1::getManifestName@2
                      ; - java.util.jar.JarFile::maybeInstantiateVerifier@20
                      ; - java.util.jar.JarFile::ensureInitialization@1
                      ; - java.util.jar.JavaUtilJarAccessImpl::ensureInitialization@1
                      ; - jdk.internal.loader.URLClassPath$JarLoader$2::getManifest@10
                      ; - java.net.URLClassLoader::defineClass@34
                      ; - java.net.URLClassLoader$1::run@43
  0x000001f0127607ac: 5015 99fe 

  0x000001f0127607b0: ;   {other}
  0x000001f0127607b0: 0f1f 8400 | 202d 0026 | 4885 c00f | 85b2 3200 | 008b 6c24 | 7844 8865 | 1244 3b65 | 300f 85c2 
  0x000001f0127607d0: 1b00 0048 | 8b74 2458 | 4c8b 5424 | 204c 8954 | 2470 448b | 5424 6044 | 8994 2494 | 0000 004c 
  0x000001f0127607f0: 8b5c 2428 | 488b 5424 | 3044 8b44 | 2440 4c8b | 4c24 484c | 8b54 2468 | 488b bc24 | 8000 0000 
  0x000001f012760810: e911 e5ff | ff41 bb2f | 0000 00e9 | 5bee ffff | 4c89 5c24 | 604c 894c | 2448 b904 | 0000 0048 
  0x000001f012760830: 8b6c 2420 | 4c89 5424 | 2041 b801 | 0000 0045 | 33c9 33f6 

  0x000001f012760844: ;   {optimized virtual_call}
  0x000001f012760844: c5f8 77e8 

  0x000001f012760848: ; ImmutableOopMap {rbp=Oop [32]=Oop [40]=Oop [48]=Oop [64]=Oop [72]=Oop [80]=Oop [88]=Oop [96]=Oop [104]=NarrowOop [148]=NarrowOop [152]=NarrowOop }
                      ;*invokevirtual regionMatches {reexecute=0 rethrow=0 return_oop=0}
                      ; - java.lang.String::equalsIgnoreCase@33
                      ; - java.net.URLClassLoader::isSealed@68
                      ; - java.net.URLClassLoader::getAndVerifyPackage@68
                      ; - java.net.URLClassLoader::defineClass@46
                      ; - java.net.URLClassLoader$1::run@43
  0x000001f012760848: 34e2 31fe 

  0x000001f01276084c: ;   {other}
  0x000001f01276084c: 0f1f 8400 | bc2d 0027 | 85c0 0f84 | 8ef3 ffff | 4c8b 4c24 | 484c 8b5c | 2460 ba45 | ffff ff48 
  0x000001f01276086c: 8b6c 2450 | 4c8b 5424 | 584c 8954 | 2420 4c8b | 5424 404c | 8954 2428 | 4c8b 5424 | 384c 8954 
  0x000001f01276088c: 2430 4c89 | 5c24 484c | 894c 2450 

  0x000001f012760898: ;   {runtime_call UncommonTrapBlob}
  0x000001f012760898: c5f8 77e8 

  0x000001f01276089c: ; ImmutableOopMap {rbp=Oop [32]=Oop [40]=Oop [72]=Oop [80]=Oop [104]=NarrowOop [148]=NarrowOop [152]=NarrowOop }
                      ;*ifeq {reexecute=1 rethrow=0 return_oop=0}
                      ; - (reexecute) java.net.URLClassLoader::getAndVerifyPackage@71
                      ; - java.net.URLClassLoader::defineClass@46
                      ; - java.net.URLClassLoader$1::run@43
  0x000001f01276089c: 603a 32fe 

  0x000001f0127608a0: ;   {other}
  0x000001f0127608a0: 0f1f 8400 | 102e 0028 | 33ed e92d | f6ff ff48 | 8be9 eb31 | 4c8b 4c24 | 484c 8b5c | 2460 4c8b 
  0x000001f0127608c0: 5424 7048 | 8b5c 2478 | 8b7c 246c | 498b b758 | 0400 0044 

  0x000001f0127608d4: ; ImmutableOopMap {r10=Oop r11=Oop r8=NarrowOop r9=Oop rbx=Oop [32]=Oop [40]=Oop [48]=Oop [64]=Oop [80]=Oop [88]=Oop [104]=NarrowOop [148]=NarrowOop [152]=NarrowOop }
                      ;*ifnonnull {reexecute=1 rethrow=0 return_oop=0}
                      ; - (reexecute) java.util.HashMap::getNode@145
                      ; - java.util.HashMap::get@2
                      ; - java.util.jar.Manifest::getAttributes@5
                      ; - java.util.jar.Manifest::getTrustedAttributes@2
                      ; - java.util.jar.JavaUtilJarAccessImpl::getTrustedAttributes@2
                      ; - java.net.URLClassLoader::isSealed@18
                      ; - java.net.URLClassLoader::getAndVerifyPackage@68
                      ; - java.net.URLClassLoader::defineClass@46
                      ; - java.net.URLClassLoader$1::run@43
                      ;   {poll}
  0x000001f0127608d4: 8b45 1885 | 0645 85c0 | 0f84 daf1 | ffff 498b | e844 8b45 | 0c44 3bc7 | 75de 448b | 4510 4c3b 
  0x000001f0127608f4: c30f 8409 | f1ff ff89 | 7c24 6c48 | 895c 2478 | 4c89 5424 | 704c 895c | 2460 4c89 | 4c24 4848 
  0x000001f012760914: 8bd3 6690 

  0x000001f012760918: ;   {optimized virtual_call}
  0x000001f012760918: c5f8 77e8 

  0x000001f01276091c: ; ImmutableOopMap {rbp=Oop [32]=Oop [40]=Oop [48]=Oop [64]=Oop [72]=Oop [80]=Oop [88]=Oop [96]=Oop [104]=NarrowOop [112]=Oop [120]=Oop [148]=NarrowOop [152]=NarrowOop }
                      ;*invokevirtual equals {reexecute=0 rethrow=0 return_oop=0}
                      ; - java.util.HashMap::getNode@128
                      ; - java.util.HashMap::get@2
                      ; - java.util.jar.Manifest::getAttributes@5
                      ; - java.util.jar.Manifest::getTrustedAttributes@2
                      ; - java.util.jar.JavaUtilJarAccessImpl::getTrustedAttributes@2
                      ; - java.net.URLClassLoader::isSealed@18
                      ; - java.net.URLClassLoader::getAndVerifyPackage@68
                      ; - java.net.URLClassLoader::defineClass@46
                      ; - java.net.URLClassLoader$1::run@43
  0x000001f01276091c: 60e1 31fe 

  0x000001f012760920: ;   {other}
  0x000001f012760920: 0f1f 8400 | 902e 002a | 85c0 7488 | 4c8b 4c24 | 484c 8b5c | 2460 4c8b | 5424 7048 | 8b5c 2478 
  0x000001f012760940: e9bf f0ff | ff49 8be8 | eb2f 4c8b | 4c24 484c | 8b5c 2460 | 4c8b 5424 | 7048 8b5c | 2478 8b7c 
  0x000001f012760960: 246c 498b | 9758 0400 

  0x000001f012760968: ; ImmutableOopMap {r10=Oop r11=Oop r9=Oop rcx=NarrowOop rbx=Oop [32]=Oop [40]=Oop [48]=Oop [64]=Oop [80]=Oop [88]=Oop [104]=NarrowOop [148]=NarrowOop [152]=NarrowOop }
                      ;*ifnonnull {reexecute=1 rethrow=0 return_oop=0}
                      ; - (reexecute) java.util.HashMap::getNode@145
                      ; - java.util.LinkedHashMap::get@2
                      ; - java.util.jar.Attributes::get@5
                      ; - java.util.jar.Attributes::getValue@2
                      ; - java.net.URLClassLoader::isSealed@58
                      ; - java.net.URLClassLoader::getAndVerifyPackage@68
                      ; - java.net.URLClassLoader::defineClass@46
                      ; - java.net.URLClassLoader$1::run@43
  0x000001f012760968: 008b 4d18 

  0x000001f01276096c: ;   {poll}
  0x000001f01276096c: 8502 85c9 | 0f84 74f2 | ffff 488b | e98b 550c | 3bd7 75e2 | 448b 4510 

  0x000001f012760984: ;   {oop(a 'java/util/jar/Attributes$Name'{0x00000000a0c00358})}
  0x000001f012760984: 4181 f858 | 03c0 a074 | 4b89 7c24 | 6c48 895c | 2478 4c89 | 5424 704c | 895c 2460 | 4c89 4c24 
  0x000001f0127609a4: ;   {oop(a 'java/util/jar/Attributes$Name'{0x00000000a0c00358})}
  0x000001f0127609a4: 4848 ba58 | 03c0 a000 | 0000 0090 

  0x000001f0127609b0: ;   {optimized virtual_call}
  0x000001f0127609b0: c5f8 77e8 

  0x000001f0127609b4: ; ImmutableOopMap {rbp=Oop [32]=Oop [40]=Oop [48]=Oop [64]=Oop [72]=Oop [80]=Oop [88]=Oop [96]=Oop [104]=NarrowOop [112]=Oop [120]=Oop [148]=NarrowOop [152]=NarrowOop }
                      ;*invokevirtual equals {reexecute=0 rethrow=0 return_oop=0}
                      ; - java.util.HashMap::getNode@128
                      ; - java.util.LinkedHashMap::get@2
                      ; - java.util.jar.Attributes::get@5
                      ; - java.util.jar.Attributes::getValue@2
                      ; - java.net.URLClassLoader::isSealed@58
                      ; - java.net.URLClassLoader::getAndVerifyPackage@68
                      ; - java.net.URLClassLoader::defineClass@46
                      ; - java.net.URLClassLoader$1::run@43
  0x000001f0127609b4: c8e0 31fe 

  0x000001f0127609b8: ;   {other}
  0x000001f0127609b8: 0f1f 8400 | 282f 002c | 85c0 7486 | 4c8b 4c24 | 484c 8b5c | 2460 4c8b | 5424 7048 | 8b5c 2478 
  0x000001f0127609d8: 4889 ac24 | 8000 0000 | e9a7 f1ff | ff49 8b87 | b801 0000 | 488b c848 | 83c1 1849 | 3b8f c801 
  0x000001f0127609f8: 0000 0f83 | 3428 0000 | 4989 8fb8 | 0100 000f | 0d89 c000 | 0000 48c7 | 0001 0000 

  0x000001f012760a14: ;   {metadata('java/lang/String')}
  0x000001f012760a14: 00c7 4008 | 1284 0020 | 4489 600c | 4489 6010 

  0x000001f012760a24: ;   {oop([B{0x00000000a07a81b8})}
  0x000001f012760a24: c740 14b8 

  0x000001f012760a28: ;   {oop("/"{0x00000000a07a81a0})}
  0x000001f012760a28: 817a a048 | b9a0 817a | a000 0000 | 008b 590c | 8958 0c0f | b659 1188 | 5811 e9f0 

  0x000001f012760a44: ;   {oop(""{0x00000000a078d988})}
  0x000001f012760a44: eeff ff48 | bd88 d978 | a000 0000 | 00e9 04e2 

  0x000001f012760a54: ;   {metadata('jdk/internal/loader/URLClassPath$FileLoader$1')}
  0x000001f012760a54: ffff 4181 | f8c7 cc07 | 200f 859e | 3600 004c | 8bce 458b | 411c 458b | 400c e915 

  0x000001f012760a70: ;   {metadata('jdk/internal/loader/URLClassPath$FileLoader$1')}
  0x000001f012760a70: dfff ff41 | 81fa c7cc | 0720 0f85 | b436 0000 | 4533 c0e9 | 00f2 ffff | 4889 5424 | 4890 c5f8 
  0x000001f012760a90: 7748 b838 | 663e 0001 

  0x000001f012760a98: ;   {virtual_call}
  0x000001f012760a98: 0000 00e8 

  0x000001f012760a9c: ; ImmutableOopMap {[32]=Oop [48]=Oop [64]=NarrowOop [72]=Oop [80]=Oop [88]=Oop [148]=NarrowOop [152]=NarrowOop }
                      ;*invokevirtual getBytes {reexecute=0 rethrow=0 return_oop=1}
                      ; - java.net.URLClassLoader::defineClass@179
                      ; - java.net.URLClassLoader$1::run@43
  0x000001f012760a9c: a013 0200 

  0x000001f012760aa0: ;   {other}
  0x000001f012760aa0: 0f1f 8400 | 1030 002d | 4889 4424 | 48e9 a3f1 | ffff 498b | e849 8bd1 | 6690 c5f8 | 7748 b8ff 
  0x000001f012760ac0: ffff ffff 

  0x000001f012760ac4: ;   {virtual_call}
  0x000001f012760ac4: ffff ffe8 

  0x000001f012760ac8: ; ImmutableOopMap {rbp=Oop [32]=Oop [40]=Oop [48]=Oop [64]=Oop [72]=Oop [80]=Oop [88]=Oop [104]=NarrowOop [148]=NarrowOop [152]=NarrowOop [200]=Oop }
                      ;*invokevirtual close {reexecute=0 rethrow=0 return_oop=0}
                      ; - java.util.jar.JarFile::getManifestFromReference@152
                      ; - java.util.jar.JarFile::getManifest@1
                      ; - jdk.internal.loader.URLClassPath$JarLoader$2::getManifest@22
                      ; - java.net.URLClassLoader::defineClass@34
                      ; - java.net.URLClassLoader$1::run@43
  0x000001f012760ac8: b4e2 31fe 

  0x000001f012760acc: ;   {other}
  0x000001f012760acc: 0f1f 8400 | 3c30 002e | e963 fbff | ff4c 894c | 2430 e916 | f1ff ff48 | 8944 2460 | 498b d04c 
  0x000001f012760aec: 8bc0 6690 

  0x000001f012760af0: ;   {optimized virtual_call}
  0x000001f012760af0: c5f8 77e8 

  0x000001f012760af4: ; ImmutableOopMap {[32]=Oop [40]=Oop [48]=Oop [64]=Oop [72]=Oop [80]=Oop [88]=Oop [96]=Oop [104]=NarrowOop [148]=NarrowOop [152]=NarrowOop [200]=Oop }
                      ;*invokevirtual getBytes {reexecute=0 rethrow=0 return_oop=1}
                      ; - java.util.jar.JarFile::getManifestFromReference@44
                      ; - java.util.jar.JarFile::getManifest@1
                      ; - jdk.internal.loader.URLClassPath$JarLoader$2::getManifest@22
                      ; - java.net.URLClassLoader::defineClass@34
                      ; - java.net.URLClassLoader$1::run@43
  0x000001f012760af4: 88df 31fe 

  0x000001f012760af8: ;   {other}
  0x000001f012760af8: 0f1f 8400 | 6830 002f | 4889 4424 | 784c 8b54 | 2448 450f | b65a 114c | 8bd0 4489 | 5424 6c45 
  0x000001f012760b18: 85db 0f84 | fb08 0000 | 498b 87b8 | 0100 004c | 8bd0 4983 | c218 4d3b | 97c8 0100 | 000f 834e 
  0x000001f012760b38: 2b00 004d | 8997 b801 | 0000 410f | 0d8a c000 | 0000 48c7 | 0001 0000 

  0x000001f012760b50: ;   {metadata('java/util/jar/Manifest')}
  0x000001f012760b50: 00c7 4008 | 82a9 0020 | 4489 600c | 4c89 6010 | 4c8b d04c | 8954 2460 | 4c8b 5424 | 4845 8b5a 
  0x000001f012760b70: 3044 899c | 2480 0000 | 0049 8b87 | b801 0000 | 4c8b d049 | 83c2 204c | 899c 2488 | 0000 004d 
  0x000001f012760b90: 3b97 c801 | 0000 0f83 | cc2a 0000 | 4d89 97b8 | 0100 0041 | 0f0d 8ac0 | 0000 0048 | c700 0100 
  0x000001f012760bb0: ;   {metadata('java/io/ByteArrayInputStream')}
  0x000001f012760bb0: 0000 c740 | 088f a800 | 2044 8960 | 0c4c 8960 | 104c 8960 | 184c 8bd0 | 4c89 9424 | a000 0000 
  0x000001f012760bd0: 448b 5c24 | 6c45 895a | 184c 8b54 | 2478 458b | 520c 4c8b | 9c24 a000 | 0000 4589 | 5314 4c8b 
  0x000001f012760bf0: 5424 4845 | 8b52 1444 | 8954 246c | 498b 87b8 | 0100 004c | 8bd0 4983 | c210 4d3b | 97c8 0100 
  0x000001f012760c10: 000f 8392 | 2a00 004d | 8997 b801 | 0000 410f | 0d8a c000 | 0000 48c7 | 0001 0000 

  0x000001f012760c2c: ;   {metadata('java/util/jar/Attributes')}
  0x000001f012760c2c: 00c7 4008 | 8d30 0120 | 4489 600c | 488b e8ba | 1000 0000 

  0x000001f012760c40: ;   {static_call}
  0x000001f012760c40: c5f8 77e8 

  0x000001f012760c44: ; ImmutableOopMap {rbp=Oop [32]=Oop [40]=Oop [48]=Oop [64]=Oop [72]=Oop [80]=Oop [88]=Oop [96]=Oop [104]=NarrowOop [108]=NarrowOop [128]=NarrowOop [136]=Oop [148]=NarrowOop [152]=NarrowOop [160]=Oop [200]=Oop }
                      ;*invokestatic newLinkedHashMap {reexecute=0 rethrow=0 return_oop=1}
                      ; - java.util.jar.Attributes::<init>@6
                      ; - java.util.jar.Attributes::<init>@3
                      ; - java.util.jar.Manifest::<init>@9
                      ; - java.util.jar.JarFile::getManifestFromReference@121
                      ; - java.util.jar.JarFile::getManifest@1
                      ; - jdk.internal.loader.URLClassPath$JarLoader$2::getManifest@22
                      ; - java.net.URLClassLoader::defineClass@34
                      ; - java.net.URLClassLoader$1::run@43
  0x000001f012760c44: 38e4 31fe 

  0x000001f012760c48: ;   {other}
  0x000001f012760c48: 0f1f 8400 | b831 0030 | 488b d841 | 807f 4000 | 0f85 5219 | 0000 4c8b | db44 895d | 0c44 8b5c 
  0x000001f012760c68: 246c 4d8b | d34c 8954 | 2478 488b | fd4c 8bd5 | 4c8b db4d | 33da 49c1 | eb14 4d85 | db74 1f48 
  0x000001f012760c88: 85db 741a | 49c1 ea09 | 48b9 0000 | 0c19 f001 | 0000 4903 | ca80 3902 | 0f85 171a | 0000 4180 
  0x000001f012760ca8: 7f40 000f | 858f 1800 | 004c 8b54 | 2460 4189 | 7a0c 4c8b | d54c 8b5c | 2460 4d33 | d349 c1ea 
  0x000001f012760cc8: 144d 85d2 | 741a 49c1 | eb09 48b9 | 0000 0c19 | f001 0000 | 4903 cb80 | 3902 0f85 | 3319 0000 
  0x000001f012760ce8: 4d8b 97b8 | 0100 004d | 8bda 4983 | c330 4d3b | 9fc8 0100 | 000f 83c6 | 2900 004d | 899f b801 
  0x000001f012760d08: 0000 410f | 0d8b c000 | 0000 49c7 | 0201 0000 

  0x000001f012760d18: ;   {metadata('java/util/HashMap')}
  0x000001f012760d18: 0041 c742 | 08af db00 | 2045 8962 | 0c4d 8962 | 104d 8962 | 184d 8962 | 2849 c742 | 2000 0040 
  0x000001f012760d38: 3f49 8bda | 4180 7f40 | 000f 8531 | 1800 004c | 8b54 2460 | 4c8b db4c | 8b44 2460 | 4589 5810 
  0x000001f012760d58: 4c8b db4d | 33da 49c1 | eb14 4d85 | db74 1a49 | c1ea 0948 | b900 000c | 19f0 0100 | 0049 03ca 
  0x000001f012760d78: 8039 020f | 85eb 1800 | 0048 8b54 | 2460 4c8b | 8424 a000 | 0000 4c8b | 4c24 7890 

  0x000001f012760d94: ;   {optimized virtual_call}
  0x000001f012760d94: c5f8 77e8 

  0x000001f012760d98: ; ImmutableOopMap {[32]=Oop [40]=Oop [48]=Oop [64]=Oop [72]=Oop [80]=Oop [88]=Oop [96]=Oop [104]=NarrowOop [128]=NarrowOop [136]=Oop [148]=NarrowOop [152]=NarrowOop [200]=Oop }
                      ;*invokevirtual read {reexecute=0 rethrow=0 return_oop=0}
                      ; - java.util.jar.Manifest::<init>@29
                      ; - java.util.jar.JarFile::getManifestFromReference@121
                      ; - java.util.jar.JarFile::getManifest@1
                      ; - jdk.internal.loader.URLClassPath$JarLoader$2::getManifest@22
                      ; - java.net.URLClassLoader::defineClass@34
                      ; - java.net.URLClassLoader$1::run@43
  0x000001f012760d98: e4dc 31fe 

  0x000001f012760d9c: ;   {other}
  0x000001f012760d9c: 0f1f 8400 | 0c33 0031 | 4180 7f40 | 000f 8534 | 1800 004c | 8b54 2460 | 448b 9c24 | 8000 0000 
  0x000001f012760dbc: 4589 5a14 | 4c8b 9424 | 8800 0000 | 4c8b 5c24 | 604d 33d3 | 49c1 ea14 | 4d85 d274 | 2744 8b84 
  0x000001f012760ddc: 2480 0000 | 0045 85c0 | 741a 49c1 | eb09 48b9 | 0000 0c19 | f001 0000 | 4903 cb80 | 3902 0f85 
  0x000001f012760dfc: 0e19 0000 | 488b 6c24 | 60e9 32f8 | ffff 4c89 | 4c24 4844 | 8994 2494 | 0000 0048 | 8b54 2420 
  0x000001f012760e1c: 4d8b c14c | 8b4c 2470 | 488b 7c24 | 7048 8b74 | 2470 488b | 4c24 704c | 890c 244c | 894c 2408 
  0x000001f012760e3c: 4c89 4c24 | 1066 6690 

  0x000001f012760e44: ;   {optimized virtual_call}
  0x000001f012760e44: c5f8 77e8 

  0x000001f012760e48: ; ImmutableOopMap {[32]=Oop [40]=Oop [48]=Oop [64]=Oop [72]=Oop [80]=Oop [88]=Oop [104]=NarrowOop [148]=NarrowOop [152]=NarrowOop }
                      ;*invokevirtual definePackage {reexecute=0 rethrow=0 return_oop=1}
                      ; - java.net.URLClassLoader::defineClass@81
                      ; - java.net.URLClassLoader$1::run@43
  0x000001f012760e48: 34dc 31fe 

  0x000001f012760e4c: ;   {other}
  0x000001f012760e4c: 0f1f 8400 | bc33 0032 | e9ef e7ff | ff45 33d2 | 4c89 5424 | 70e9 00db | ffff 85ed | 0f84 83df 
  0x000001f012760e6c: ffff 4889 | 4c24 584c | 8954 2448 | 4c89 4c24 | 4044 8944 | 2424 4889 | 5424 304c | 895c 2428 
  0x000001f012760e8c: 4d8b 5728 | 488b cd4d | 85d2 0f84 | bc1c 0000 | 4d8b 5f38 | 4b89 4c13 | f849 83c2 | f84d 8957 
  0x000001f012760eac: 284c 8b5c | 2428 488b | 5424 3044 | 8b44 2424 | 4c8b 4c24 | 404c 8b54 | 2448 488b | 4c24 58e9 
  0x000001f012760ecc: 21df ffff | 488b 6c24 | 6044 8b5d | 1445 85db | 0f84 28dd | ffff 4d8b | 5728 498b | cb4d 85d2 
  0x000001f012760eec: 0f84 161d | 0000 4d8b | 5f38 4b89 | 4c13 f849 | 83c2 f84d | 8957 28e9 | 02dd ffff | 4d8b 5748 
  0x000001f012760f0c: 4d8b 5f58 | f083 4424 | c000 8039 | 000f 841e | ddff ff44 | 8821 4d85 | d275 2049 | 8bd7 c5f8 
  0x000001f012760f2c: 7749 bae0 | 29a2 ceff | 7f00 0041 

  0x000001f012760f38: ;   {other}
  0x000001f012760f38: ffd2 0f1f | 8400 0000 | 0000 e9f6 | dcff ff4b | 894c 13f8 | 4983 c2f8 | 4d89 5748 | e9e4 dcff 
  0x000001f012760f58: ff44 8b54 | 2448 4c8b | 4c24 604c | 8b44 2478 | 8b5c 244c | 4c8b 9c24 | 8000 0000 | e9df e0ff 
  0x000001f012760f78: ff4c 8954 | 2460 4c89 | 5c24 4849 | 8be9 488b | d34c 8b84 | 2480 0000 | 0066 6690 

  0x000001f012760f94: ;   {optimized virtual_call}
  0x000001f012760f94: c5f8 77e8 

  0x000001f012760f98: ; ImmutableOopMap {rbp=Oop [32]=Oop [40]=Oop [48]=Oop [64]=Oop [72]=Oop [80]=Oop [88]=Oop [96]=Oop [104]=NarrowOop [128]=Oop [148]=NarrowOop [152]=NarrowOop }
                      ;*invokevirtual afterNodeAccess {reexecute=0 rethrow=0 return_oop=0}
                      ; - java.util.LinkedHashMap::get@21
                      ; - java.util.jar.Attributes::get@5
                      ; - java.util.jar.Attributes::getValue@2
                      ; - java.net.URLClassLoader::isSealed@58
                      ; - java.net.URLClassLoader::getAndVerifyPackage@68
                      ; - java.net.URLClassLoader::defineClass@46
                      ; - java.net.URLClassLoader$1::run@43
  0x000001f012760f98: e4da 31fe 

  0x000001f012760f9c: ;   {other}
  0x000001f012760f9c: 0f1f 8400 | 0c35 0033 | 4c8b cd4c | 8b5c 2448 | 4c8b 5424 | 60e9 e2eb | ffff 4d8b | ca4c 63c5 
  0x000001f012760fbc: 4d8d 5010 | 4d8b da49 | 83e3 f848 | 8bfb 4903 | fb49 c1ea | 034d 8bd9 | 4d2b da49 | 8bcb 4833 
  0x000001f012760fdc: c048 83f9 | 087f 1048 | ffc9 784f | 4889 04cf | 48ff c97d | f7eb 44c5 | fdef c0e9 | 0d00 0000 
  0x000001f012760ffc: c5fe 7f07 | c5fe 7f47 | 2048 83c7 | 4048 83e9 | 087d ed48 | 83c1 047c | 0cc5 fe7f | 0748 83c7 
  0x000001f01276101c: 2048 83e9 | 0448 83c1 | 047e 1048 | ffc9 c5f9 | d607 4883 | c708 48ff | c97d f348 | 8b4c 2468 
  0x000001f01276103c: c5f8 7749 | ba40 97a6 | 10f0 0100 | 0041 ffd2 

  0x000001f01276104c: ;   {other}
  0x000001f01276104c: 0f1f 8400 | 0000 0000 | e9d1 daff | ff4c 8b8c | 24c8 0000 | 0041 c641 | 1101 33c0 | 448b 5424 
  0x000001f01276106c: 484c 8b44 | 2478 8b7c | 244c e9e9 | ddff ff41 | ba01 0000 | 0044 3b94 | 2480 0000 | 007d 4546 
  0x000001f01276108c: 0fbe 5c11 | 1041 83fb | 2e0f 8440 | 1300 0041 | ffc2 443b | 9424 8000 | 0000 7ce3 | 4c8b 4c24 
  0x000001f0127610ac: 784c 8b5c | 2470 4c8b | 5424 6044 | 8b84 249c | 0000 008b | 5424 4848 | 8bbc 2488 | 0000 00e9 
  0x000001f0127610cc: 5ae6 ffff | 4c8b 4c24 | 784c 8b5c | 2470 4c8b | 5424 6044 | 8b84 249c | 0000 008b | 5424 4848 
  0x000001f0127610ec: 8bbc 2488 | 0000 00e9 | 32e6 ffff | 4d8b c541 | 8bde c4c1 | 797e cde9 | 4ddf ffff | 33c0 e955 
  0x000001f01276110c: ddff ff45 | 33c0 e925 | ddff ff4c | 8b94 2488 | 0000 00e9 | 0be4 ffff | 894c 243c | 4889 4424 
  0x000001f01276112c: 4044 894c | 2438 897c | 2434 4489 | 5424 304c | 8944 2428 | 4c89 5c24 | 2049 8bee 

  0x000001f012761148: ;   {metadata({type array byte})}
  0x000001f012761148: 48ba c80a | 0400 0100 | 0000 448b | 4424 3c48 | 8974 2448 

  0x000001f01276115c: ;   {runtime_call _new_array_Java}
  0x000001f01276115c: c5f8 77e8 

  0x000001f012761160: ; ImmutableOopMap {rbp=Oop [32]=Oop [40]=Oop }
                      ;*invokevirtual allocateUninitializedArray0 {reexecute=0 rethrow=0 return_oop=1}
                      ; - jdk.internal.misc.Unsafe::allocateUninitializedArray@51
                      ; - java.lang.StringConcatHelper::newArray@33
                      ; - java.lang.StringConcatHelper::simpleConcat@61
                      ; - java.lang.String::concat@11
                      ; - java.net.URLClassLoader$1::run@13
  0x000001f012761160: 1c21 3efe 

  0x000001f012761164: ;   {other}
  0x000001f012761164: 0f1f 8400 | d436 0034 | 488b d84c | 8bf5 4c8b | 5c24 204c | 8b44 2428 | 448b 5424 | 308b 7c24 
  0x000001f012761184: 3444 8b4c | 2438 488b | 4424 408b | 4c24 3ce9 | f3d5 ffff | 4889 5c24 | 2049 8bee 

  0x000001f0127611a0: ;   {metadata('java/lang/String')}
  0x000001f0127611a0: 48ba 9020 | 0400 0100 | 0000 6690 

  0x000001f0127611ac: ;   {runtime_call _new_instance_Java}
  0x000001f0127611ac: c5f8 77e8 

  0x000001f0127611b0: ; ImmutableOopMap {rbp=Oop [32]=Oop }
                      ;*new {reexecute=0 rethrow=0 return_oop=1}
                      ; - java.lang.StringConcatHelper::newString@6
                      ; - java.lang.StringConcatHelper::simpleConcat@90
                      ; - java.lang.String::concat@11
                      ; - java.net.URLClassLoader$1::run@13
  0x000001f0127611b0: cc1d 3efe 

  0x000001f0127611b4: ;   {other}
  0x000001f0127611b4: 0f1f 8400 | 2437 0035 | 4c8b f548 | 8b5c 2420 | e980 d6ff | ff0f b64d | 1185 c90f | 8551 dbff 
  0x000001f0127611d4: ff48 89bc | 2480 0000 | 0089 6c24 | 444c 8954 | 2460 4c89 | 4c24 4844 | 8944 2440 | 4889 5424 
  0x000001f0127611f4: 304c 895c | 2428 488b | 6c24 7048 | 8974 2458 

  0x000001f012761204: ;   {static_call}
  0x000001f012761204: c5f8 77e8 

  0x000001f012761208: ; ImmutableOopMap {[40]=Oop [48]=Oop [64]=NarrowOop [68]=NarrowOop [72]=Oop [80]=Oop [88]=Oop [96]=Oop [128]=Oop [148]=NarrowOop [152]=NarrowOop [200]=Oop }
                      ;*invokestatic beginInit {reexecute=0 rethrow=0 return_oop=1}
                      ; - java.util.jar.JarFile::ensureInitialization@31
                      ; - java.util.jar.JavaUtilJarAccessImpl::ensureInitialization@1
                      ; - jdk.internal.loader.URLClassPath$JarLoader$2::getManifest@10
                      ; - java.net.URLClassLoader::defineClass@34
                      ; - java.net.URLClassLoader$1::run@43
  0x000001f012761208: 3b43 0000 

  0x000001f01276120c: ;   {other}
  0x000001f01276120c: 0f1f 8400 | 7c37 0036 | 4889 4424 | 6848 8b94 | 2480 0000 | 0066 6690 

  0x000001f012761224: ;   {optimized virtual_call}
  0x000001f012761224: c5f8 77e8 

  0x000001f012761228: ; ImmutableOopMap {[40]=Oop [48]=Oop [64]=NarrowOop [68]=NarrowOop [72]=Oop [80]=Oop [88]=Oop [96]=Oop [104]=Oop [128]=Oop [148]=NarrowOop [152]=NarrowOop [200]=Oop }
                      ;*invokevirtual initializeVerifier {reexecute=0 rethrow=0 return_oop=0}
                      ; - java.util.jar.JarFile::ensureInitialization@36
                      ; - java.util.jar.JavaUtilJarAccessImpl::ensureInitialization@1
                      ; - jdk.internal.loader.URLClassPath$JarLoader$2::getManifest@10
                      ; - java.net.URLClassLoader::defineClass@34
                      ; - java.net.URLClassLoader$1::run@43
  0x000001f012761228: 2a43 0000 

  0x000001f01276122c: ;   {other}
  0x000001f01276122c: 0f1f 8400 | 9c37 0037 | 448b 5424 | 4441 c642 | 1101 488b | 5424 6890 

  0x000001f012761244: ;   {static_call}
  0x000001f012761244: c5f8 77e8 

  0x000001f012761248: ; ImmutableOopMap {[40]=Oop [48]=Oop [64]=NarrowOop [72]=Oop [80]=Oop [88]=Oop [96]=Oop [128]=Oop [148]=NarrowOop [152]=NarrowOop [200]=Oop }
                      ;*invokestatic endInit {reexecute=0 rethrow=0 return_oop=0}
                      ; - java.util.jar.JarFile::ensureInitialization@45
                      ; - java.util.jar.JavaUtilJarAccessImpl::ensureInitialization@1
                      ; - jdk.internal.loader.URLClassPath$JarLoader$2::getManifest@10
                      ; - java.net.URLClassLoader::defineClass@34
                      ; - java.net.URLClassLoader$1::run@43
  0x000001f012761248: 1943 0000 

  0x000001f01276124c: ;   {other}
  0x000001f01276124c: 0f1f 8400 | bc37 0038 | 488b 7424 | 5848 896c | 2470 4c8b | 5c24 2848 | 8b54 2430 | 448b 4424 
  0x000001f01276126c: 404c 8b4c | 2448 4c8b | 5424 6048 | 8bbc 2480 | 0000 00e9 | a2da ffff | 478d 0412 | 4585 c00f 
  0x000001f01276128c: 8c08 3100 | 0041 3bc8 | 0f82 ff30 | 0000 498b | f148 8bfa | 418b d28b | ca83 e10f | 83e2 f074 
  0x000001f0127612ac: 1c48 8d34 | 1648 8d3c | 5748 f7da | c4e2 7d30 | 0416 c5fe | 7f04 5748 | 83c2 1075 | ef8b d183 
  0x000001f0127612cc: e107 83e2 | f874 27c4 | e279 3006 | c5fa 7f07 | 4883 c608 | 4883 c710 | e911 0000 | 00c4 e279 
  0x000001f0127612ec: 3004 16c5 | fa7f 0457 | 4883 c208 | 75ef 8bd1 | 83fa 047c | 19c5 f96e | 06c4 e279 | 30c0 c5f9 
  0x000001f01276130c: d607 4883 | ea04 4883 | c604 4883 | c708 85d2 | 7418 488d | 3416 488d | 3c57 48f7 | da0f b60c 
  0x000001f01276132c: 1666 890c | 5748 ffc2 | 75f3 e9ce | d4ff ff4c | 8b44 2448 | 41c6 4011 | 0133 c0e9 

  0x000001f012761348: ;   {no_reloc}
  0x000001f012761348: 45de ffff | 8954 2448 | 897c 2444 | 894c 2440 | 4889 7424 | 384c 896c | 2430 4489 | 4c24 2c89 
  0x000001f012761368: 5c24 284c | 8974 2420 

  0x000001f012761370: ;   {metadata({type array byte})}
  0x000001f012761370: 48ba c80a | 0400 0100 | 0000 458b | c166 6690 

  0x000001f012761380: ;   {runtime_call _new_array_Java}
  0x000001f012761380: c5f8 77e8 

  0x000001f012761384: ; ImmutableOopMap {[32]=Oop [40]=NarrowOop [48]=Oop [56]=Oop [64]=NarrowOop }
                      ;*invokevirtual allocateUninitializedArray0 {reexecute=0 rethrow=0 return_oop=1}
                      ; - jdk.internal.misc.Unsafe::allocateUninitializedArray@51
                      ; - java.lang.StringConcatHelper::newArray@33
                      ; - java.lang.StringLatin1::replace@49
                      ; - java.lang.String::replace@18
                      ; - java.net.URLClassLoader$1::run@8
  0x000001f012761384: f81e 3efe 

  0x000001f012761388: ;   {other}
  0x000001f012761388: 0f1f 8400 | f838 0039 | 4c8b 7424 | 208b 5c24 | 2844 8b4c | 242c 4c8b | 6c24 3048 | 8b74 2438 
  0x000001f0127613a8: 4c8b d88b | 4c24 408b | 7c24 448b | 5424 48e9 | 6dd0 ffff | 4c89 5c24 | 284c 8974 

  0x000001f0127613c4: ;   {metadata('java/lang/String')}
  0x000001f0127613c4: 2420 48ba | 9020 0400 | 0100 0000 | 498b ed90 

  0x000001f0127613d4: ;   {runtime_call _new_instance_Java}
  0x000001f0127613d4: c5f8 77e8 

  0x000001f0127613d8: ; ImmutableOopMap {rbp=Oop [32]=Oop [40]=Oop }
                      ;*new {reexecute=0 rethrow=0 return_oop=1}
                      ; - java.lang.StringLatin1::replace@116
                      ; - java.lang.String::replace@18
                      ; - java.net.URLClassLoader$1::run@8
  0x000001f0127613d8: a41b 3efe 

  0x000001f0127613dc: ;   {other}
  0x000001f0127613dc: 0f1f 8400 | 4c39 003a | 4c8b 7424 | 204c 8b5c | 2428 4c8b | c0e9 a2d2 | ffff 488b | 5c24 78c6 
  0x000001f0127613fc: 4311 0133 | c933 ff4c | 8b4c 2448 | 4c8b 5c24 | 604c 8b54 | 2470 8b74 | 246c e972 | e5ff ff48 
  0x000001f01276141c: 8b54 2448 

  0x000001f012761420: ;   {optimized virtual_call}
  0x000001f012761420: c5f8 77e8 

  0x000001f012761424: ; ImmutableOopMap {[32]=Oop [40]=Oop [48]=Oop [64]=Oop [72]=Oop [80]=Oop [88]=Oop [96]=Oop [104]=NarrowOop [108]=NarrowOop [120]=Oop [148]=NarrowOop [152]=NarrowOop [200]=Oop }
                      ;*invokevirtual getManifestNum {reexecute=0 rethrow=0 return_oop=0}
                      ; - java.util.zip.ZipFile$1::getManifestNum@1
                      ; - java.util.jar.JarFile::getManifestFromReference@59
                      ; - java.util.jar.JarFile::getManifest@1
                      ; - jdk.internal.loader.URLClassPath$JarLoader$2::getManifest@22
                      ; - java.net.URLClassLoader::defineClass@34
                      ; - java.net.URLClassLoader$1::run@43
  0x000001f012761424: 58d6 31fe 

  0x000001f012761428: ;   {other}
  0x000001f012761428: 0f1f 8400 | 9839 003b | 83f8 010f | 85e7 f6ff | ff4d 8b97 | b801 0000 | 4d8b da49 | 83c3 404d 
  0x000001f012761448: 3b9f c801 | 0000 0f83 | 102d 0000 | 4d89 9fb8 | 0100 0041 | 0f0d 8bc0 | 0000 0049 | c702 0100 
  0x000001f012761468: ;   {metadata('java/util/jar/JarVerifier')}
  0x000001f012761468: 0000 41c7 | 4208 df2f | 0120 4589 | 620c 4d89 | 6210 4d89 | 6218 4d89 | 6220 4d89 | 6228 4d89 
  0x000001f012761488: 6230 4d89 | 6238 4c89 | 9424 8000 | 0000 4c8b | 5424 6045 

  0x000001f01276149c: ;   {metadata('java/util/jar/JarFile$JarFileEntry')}
  0x000001f01276149c: 8b52 0841 | 81fa 7f2c | 0120 0f85 | 982f 0000 | 4c8b 5424 | 604c 8b9c | 2480 0000 | 0041 c643 
  0x000001f0127614bc: 0e01 458b | 4260 4d8b | d345 8942 | 3041 c642 | 0d01 4d8b | da44 899c | 2490 0000 | 004d 8bd0 
  0x000001f0127614dc: 4c8b 9c24 | 8000 0000 | 4d33 d349 | c1ea 1448 | bd00 0000 | 0000 0040 | 3f4d 85d2 | 741f 4585 
  0x000001f0127614fc: c074 1a49 | c1eb 0948 | b900 000c | 19f0 0100 | 0049 03cb | 8039 020f | 8597 2b00 | 0041 807f 
  0x000001f01276151c: 4000 0f85 | 4a27 0000 | 4c8b 9424 | 8000 0000 | 448b 5c24 | 6c45 895a | 2c4c 8b5c | 2478 4d33 
  0x000001f01276153c: da49 c1eb | 144d 85db | 7424 4c8b | 5c24 784d | 85db 741a | 49c1 ea09 | 48b9 0000 | 0c19 f001 
  0x000001f01276155c: 0000 4903 | ca80 3902 | 0f85 f52a | 0000 4d8b | 97b8 0100 | 004d 8bda | 4983 c330 | 4d3b 9fc8 
  0x000001f01276157c: 0100 000f | 834c 2d00 | 004d 899f | b801 0000 | 410f 0d8b | c000 0000 | 49c7 0201 

  0x000001f012761598: ;   {metadata('java/util/Hashtable')}
  0x000001f012761598: 0000 0041 | c742 086a | 9300 2045 | 8962 0c4d | 8962 184d | 8962 204d | 8962 2849 | 896a 104c 
  0x000001f0127615b8: 8954 2460 | 498b 87b8 | 0100 004c | 8bd0 4983 | c240 4d3b | 97c8 0100 | 000f 831d | 2d00 004d 
  0x000001f0127615d8: 8997 b801 | 0000 410f | 0d8a c000 | 0000 48c7 | 0001 0000 | 0041 0f0d | 8a00 0100 

  0x000001f0127615f4: ;   {metadata('java/util/Hashtable$Entry'[])}
  0x000001f0127615f4: 00c7 4008 | 21fe 0020 | 410f 0d8a | 4001 0000 | c740 0c0b | 0000 0041 | 0f0d 8a80 | 0100 004c 
  0x000001f012761614: 8960 104c | 8960 184c | 8960 204c | 8960 284c | 8960 304c | 8960 384c | 8b54 2460 | 498b fa4c 
  0x000001f012761634: 8bd0 4c8b | 5c24 6045 | 8953 1c4c | 8bd0 4d33 | d349 c1ea | 144d 85d2 | 741a 49c1 | eb09 48b9 
  0x000001f012761654: 0000 0c19 | f001 0000 | 4903 cb80 | 3902 0f85 | a629 0000 | 4180 7f40 | 000f 8536 | 2600 004c 
  0x000001f012761674: 8b94 2480 | 0000 0041 | 897a 144c | 8b54 2460 | 41c7 4210 | 0800 0000 | 4c8b 9c24 | 8000 0000 
  0x000001f012761694: 4d33 d349 | c1ea 144d | 85d2 741a | 49c1 eb09 | 48b9 0000 | 0c19 f001 | 0000 4903 | cb80 3902 
  0x000001f0127616b4: 0f85 0329 | 0000 4d8b | 97b8 0100 | 004d 8bda | 4983 c330 | 4d3b 9fc8 | 0100 000f | 8367 2b00 
  0x000001f0127616d4: 004d 899f | b801 0000 | 410f 0d8b | c000 0000 | 49c7 0201 

  0x000001f0127616e8: ;   {metadata('java/util/Hashtable')}
  0x000001f0127616e8: 0000 0041 | c742 086a | 9300 2045 | 8962 0c4d | 8962 184d | 8962 204d | 8962 2849 | 896a 104c 
  0x000001f012761708: 8954 2460 | 498b 87b8 | 0100 004c | 8bd0 4983 | c240 4d3b | 97c8 0100 | 000f 835d | 2b00 004d 
  0x000001f012761728: 8997 b801 | 0000 410f | 0d8a c000 | 0000 48c7 | 0001 0000 | 0041 0f0d | 8a00 0100 

  0x000001f012761744: ;   {metadata('java/util/Hashtable$Entry'[])}
  0x000001f012761744: 00c7 4008 | 21fe 0020 | 410f 0d8a | 4001 0000 | c740 0c0b | 0000 0041 | 0f0d 8a80 | 0100 004c 
  0x000001f012761764: 8960 104c | 8960 184c | 8960 204c | 8960 284c | 8960 304c | 8960 384c | 8b54 2460 | 498b da4c 
  0x000001f012761784: 8bd8 4589 | 5a1c 4c8b | d04c 8b5c | 2460 4d33 | d349 c1ea | 144d 85d2 | 741a 49c1 | eb09 48b9 
  0x000001f0127617a4: 0000 0c19 | f001 0000 | 4903 cb80 | 3902 0f85 | b427 0000 | 4180 7f40 | 000f 8535 | 2400 004c 
  0x000001f0127617c4: 8b94 2480 | 0000 0041 | 895a 104c | 8b54 2460 | 41c7 4210 | 0800 0000 | 4c8b 9c24 | 8000 0000 
  0x000001f0127617e4: 4d33 d349 | c1ea 144d | 85d2 741a | 49c1 eb09 | 48b9 0000 | 0c19 f001 | 0000 4903 | cb80 3902 
  0x000001f012761804: 0f85 6f26 | 0000 4d8b | 97b8 0100 | 004d 8bda | 4983 c330 | 4d3b 9fc8 | 0100 000f | 833b 2a00 
  0x000001f012761824: 004d 899f | b801 0000 | 410f 0d8b | c000 0000 | 49c7 0201 

  0x000001f012761838: ;   {metadata('java/util/Hashtable')}
  0x000001f012761838: 0000 0041 | c742 086a | 9300 2045 | 8962 0c4d | 8962 184d | 8962 204d | 8962 2849 | 896a 1049 
  0x000001f012761858: 8bea 498b | 87b8 0100 | 004c 8bd0 | 4983 c240 | 4d3b 97c8 | 0100 000f | 8337 2900 | 004d 8997 
  0x000001f012761878: b801 0000 | 410f 0d8a | c000 0000 | 48c7 0001 | 0000 0041 | 0f0d 8a00 

  0x000001f012761890: ;   {metadata('java/util/Hashtable$Entry'[])}
  0x000001f012761890: 0100 00c7 | 4008 21fe | 0020 410f | 0d8a 4001 | 0000 c740 | 0c0b 0000 | 0041 0f0d | 8a80 0100 
  0x000001f0127618b0: 004c 8960 | 104c 8960 | 184c 8960 | 204c 8960 | 284c 8960 | 304c 8960 | 384c 8bd5 | 498b fa4c 
  0x000001f0127618d0: 8bd8 4589 | 5a1c 4c8b | d04c 8bdd | 4d33 d349 | c1ea 144d | 85d2 741a | 49c1 eb09 | 48b9 0000 
  0x000001f0127618f0: 0c19 f001 | 0000 4903 | cb80 3902 | 0f85 c825 | 0000 4180 | 7f40 000f | 8526 2300 | 004c 8b94 
  0x000001f012761910: 2480 0000 | 0041 897a | 184c 8bd5 | 41c7 4210 | 0800 0000 | 4c8b 9c24 | 8000 0000 | 4d33 d349 
  0x000001f012761930: c1ea 144d | 85d2 741a | 49c1 eb09 | 48b9 0000 | 0c19 f001 | 0000 4903 | cb80 3902 | 0f85 3424 
  0x000001f012761950: 0000 4d8b | 97b8 0100 | 004d 8bda | 4983 c318 | 4d3b 9fc8 | 0100 000f | 8364 2800 | 004d 899f 
  0x000001f012761970: b801 0000 | 410f 0d8b | c000 0000 | 49c7 0201 

  0x000001f012761980: ;   {metadata('java/util/ArrayList')}
  0x000001f012761980: 0000 0041 | c742 08c2 | af00 2045 | 8962 0c45 

  0x000001f012761990: ;   {oop(a 'java/lang/Object'[0] {0x00000000a07f57a8})}
  0x000001f012761990: 8962 1041 | c742 14a8 | 577f a049 | 8bda 4180 | 7f40 000f | 859e 2100 | 004c 8bd3 | 4d8b da4c 
  0x000001f0127619b0: 8b94 2480 | 0000 0045 | 895a 1c4c | 8bdb 4d33 | da49 c1eb | 144d 85db | 741a 49c1 | ea09 48b9 
  0x000001f0127619d0: 0000 0c19 | f001 0000 | 4903 ca80 | 3902 0f85 | 4424 0000 | 4d8b 97b8 | 0100 004d | 8bda 4983 
  0x000001f0127619f0: c318 4d3b | 9fc8 0100 | 000f 8319 | 2800 004d | 899f b801 | 0000 410f | 0d8b c000 | 0000 49c7 
  0x000001f012761a10: 0201 0000 

  0x000001f012761a14: ;   {metadata('java/io/ByteArrayOutputStream')}
  0x000001f012761a14: 0041 c742 | 082f 3001 | 2045 8962 | 0c4d 8962 | 1049 8bea | 498b 87b8 | 0100 004c | 8bd0 4983 
  0x000001f012761a34: c230 4d3b | 97c8 0100 | 000f 8366 | 2800 004d | 8997 b801 | 0000 410f | 0d8a c000 | 0000 48c7 
  0x000001f012761a54: 0001 0000 | 0041 0f0d | 8a00 0100 

  0x000001f012761a60: ;   {metadata({type array byte})}
  0x000001f012761a60: 00c7 4008 | 5981 0020 | 410f 0d8a | 4001 0000 | c740 0c20 | 0000 0041 | 0f0d 8a80 | 0100 004c 
  0x000001f012761a80: 8960 104c | 8960 184c | 8960 204c | 8960 284c | 8bd5 498b | da4c 8bd0 | 4489 5510 | 4c8b d04c 
  0x000001f012761aa0: 8bdd 4d33 | d349 c1ea | 144d 85d2 | 741a 49c1 | eb09 48b9 | 0000 0c19 | f001 0000 | 4903 cb80 
  0x000001f012761ac0: 3902 0f85 | 5324 0000 | 4180 7f40 | 000f 85af | 2000 004c | 8b94 2480 | 0000 0041 | 895a 244c 
  0x000001f012761ae0: 8bd5 4c8b | 9c24 8000 | 0000 4d33 | d349 c1ea | 144d 85d2 | 741a 49c1 | eb09 48b9 | 0000 0c19 
  0x000001f012761b00: f001 0000 | 4903 cb80 | 3902 0f85 | c722 0000 | 4d8b 97b8 | 0100 004d | 8bda 4983 | c318 4d3b 
  0x000001f012761b20: 9fc8 0100 | 000f 83c9 | 2600 004d | 899f b801 | 0000 410f | 0d8b c000 | 0000 49c7 | 0201 0000 
  0x000001f012761b40: ;   {metadata('java/util/ArrayList')}
  0x000001f012761b40: 0041 c742 | 08c2 af00 | 2045 8962 | 0c45 8962 

  0x000001f012761b50: ;   {oop(a 'java/lang/Object'[0] {0x00000000a07f57a8})}
  0x000001f012761b50: 1041 c742 | 14a8 577f | a049 8bda | 4180 7f40 | 000f 8556 | 2000 004c | 8bd3 4d8b | da4c 8b94 
  0x000001f012761b70: 2480 0000 | 0045 895a | 344c 8bdb | 4d33 da49 | c1eb 144d | 85db 741a | 49c1 ea09 | 48b9 0000 
  0x000001f012761b90: 0c19 f001 | 0000 4903 | ca80 3902 | 0f85 4221 | 0000 4d8b | 97b8 0100 | 004d 8bda | 4983 c330 
  0x000001f012761bb0: 4d3b 9fc8 | 0100 000f | 83cb 2500 | 004d 899f | b801 0000 | 410f 0d8b | c000 0000 | 49c7 0201 
  0x000001f012761bd0: ;   {metadata('java/util/HashMap')}
  0x000001f012761bd0: 0000 0041 | c742 08af | db00 2045 | 8962 0c4d | 8962 104d | 8962 184d | 8962 2849 | c742 2000 
  0x000001f012761bf0: 0040 3f49 | 8bda 4180 | 7f40 000f | 850b 1f00 | 004c 8bd3 | 4d8b da4c | 8b94 2480 | 0000 0045 
  0x000001f012761c10: 895a 384c | 8bdb 4d33 | da49 c1eb | 144d 85db | 741a 49c1 | ea09 48b9 | 0000 0c19 | f001 0000 
  0x000001f012761c30: 4903 ca80 | 3902 0f85 | f920 0000 | 4180 7f40 | 000f 858d | 1e00 004c | 8b54 2448 | 448b 9c24 
  0x000001f012761c50: 9000 0000 | 4589 5a30 | 4c8b 9424 | 8000 0000 | 4c8b 5c24 | 484d 33d3 | 49c1 ea14 | 4d85 d20f 
  0x000001f012761c70: 84ab eeff | ff49 c1eb | 0948 b900 | 000c 19f0 | 0100 0049 | 03cb 8039 | 020f 8491 | eeff ff4d 
  0x000001f012761c90: 8b57 484d | 8b5f 58f0 | 8344 24c0 | 0080 3900 | 0f84 7aee | ffff 4488 | 214d 85d2 | 7520 498b 
  0x000001f012761cb0: d7c5 f877 | 49ba e029 | a2ce ff7f | 0000 41ff 

  0x000001f012761cc0: ;   {other}
  0x000001f012761cc0: d20f 1f84 | 0000 0000 | 00e9 52ee | ffff 4b89 | 4c13 f849 | 83c2 f84d | 8957 48e9 | 40ee ffff 
  0x000001f012761ce0: 33c0 4d8b | c1e9 a7d4 | ffff 33c9 | 33ff e99a | dcff ff4c | 8b44 2470 | e9e9 d4ff | ff4c 8944 
  0x000001f012761d00: 2428 4c89 

  0x000001f012761d04: ;   {metadata('java/security/CodeSource')}
  0x000001f012761d04: 5c24 5848 | ba18 5b05 | 0001 0000 | 008b 6c24 | 4066 6690 

  0x000001f012761d18: ;   {runtime_call _new_instance_Java}
  0x000001f012761d18: c5f8 77e8 

  0x000001f012761d1c: ; ImmutableOopMap {rbp=NarrowOop [32]=Oop [40]=Oop [48]=Oop [72]=Oop [80]=Oop [88]=Oop [148]=NarrowOop [152]=NarrowOop }
                      ;*new {reexecute=0 rethrow=0 return_oop=1}
                      ; - java.net.URLClassLoader::defineClass@190
                      ; - java.net.URLClassLoader$1::run@43
  0x000001f012761d1c: 6012 3efe 

  0x000001f012761d20: ;   {other}
  0x000001f012761d20: 0f1f 8400 | 9042 003c | e9ad dfff | ff4c 894c | 2468 4489 | 4424 3448 | 8954 2460 | 4889 7c24 
  0x000001f012761d40: 484c 895c | 2440 4489 | 5424 3089 | 4c24 2c89 | 4424 2848 | 8b6c 2470 | 4889 7424 

  0x000001f012761d5c: ;   {metadata('java/lang/String')}
  0x000001f012761d5c: 5848 ba90 | 2004 0001 | 0000 0090 

  0x000001f012761d68: ;   {runtime_call _new_instance_Java}
  0x000001f012761d68: c5f8 77e8 

  0x000001f012761d6c: ; ImmutableOopMap {[40]=NarrowOop [52]=NarrowOop [64]=Oop [72]=Oop [80]=Oop [88]=Oop [96]=Oop [104]=Oop [148]=NarrowOop [152]=NarrowOop }
                      ;*new {reexecute=0 rethrow=0 return_oop=1}
                      ; - java.lang.StringLatin1::newString@7
                      ; - java.lang.String::substring@41
                      ; - java.net.URLClassLoader::defineClass@28
                      ; - java.net.URLClassLoader$1::run@43
  0x000001f012761d6c: 1012 3efe 

  0x000001f012761d70: ;   {other}
  0x000001f012761d70: 0f1f 8400 | e042 003d | 488b d848 | 8b74 2458 | 4889 6c24 | 708b 4424 | 288b 4c24 | 2c44 8b54 
  0x000001f012761d90: 2430 4c8b | 5c24 4048 | 8b7c 2448 | 488b 5424 | 6044 8b44 | 2434 4c8b | 4c24 68e9 | 48cc ffff 
  0x000001f012761db0: 4889 7424 | 5889 4424 | 404c 895c | 2428 4889 | 7c24 2048 | 8954 2430 | 4489 4424 | 444c 894c 
  0x000001f012761dd0: 2448 4889 | 5c24 604c | 896c 2468 | 4889 6c24 

  0x000001f012761de0: ;   {metadata({type array byte})}
  0x000001f012761de0: 7848 bac8 | 0a04 0001 | 0000 0044 | 8bc1 6690 

  0x000001f012761df0: ;   {runtime_call _new_array_nozero_Java}
  0x000001f012761df0: c5f8 77e8 

  0x000001f012761df4: ; ImmutableOopMap {[32]=Oop [104]=Derived_oop_[32] [40]=Oop [48]=Oop [64]=NarrowOop [68]=NarrowOop [72]=Oop [80]=Oop [88]=Oop [96]=Oop [148]=NarrowOop [152]=NarrowOop }
                      ;*invokevirtual clone {reexecute=1 rethrow=0 return_oop=1}
                      ; - (reexecute) java.util.Arrays::copyOfRange@18
                      ; - java.lang.StringLatin1::newString@16
                      ; - java.lang.String::substring@41
                      ; - java.net.URLClassLoader::defineClass@28
                      ; - java.net.URLClassLoader$1::run@43
  0x000001f012761df4: 08f0 3dfe 

  0x000001f012761df8: ;   {other}
  0x000001f012761df8: 0f1f 8400 | 6843 003e | 488b d8e9 | c1cd ffff | 4889 7424 | 5844 8954 | 2440 4c89 | 5c24 2848 
  0x000001f012761e18: 897c 2420 | 4889 5424 | 3044 8944 | 2444 4c89 | 4c24 4848 | 895c 2460 | 4c89 6c24 | 684c 8974 
  0x000001f012761e38: 2478 4889 | 8c24 8000 

  0x000001f012761e40: ;   {metadata({type array byte})}
  0x000001f012761e40: 0000 48ba | c80a 0400 | 0100 0000 | 448b 4424 | 4066 6690 

  0x000001f012761e54: ;   {runtime_call _new_array_nozero_Java}
  0x000001f012761e54: c5f8 77e8 

  0x000001f012761e58: ; ImmutableOopMap {[32]=Oop [104]=Derived_oop_[32] [40]=Oop [48]=Oop [68]=NarrowOop [72]=Oop [80]=Oop [88]=Oop [96]=Oop [148]=NarrowOop [152]=NarrowOop }
                      ;*newarray {reexecute=0 rethrow=0 return_oop=1}
                      ; - java.util.Arrays::copyOfRangeByte@10
                      ; - java.util.Arrays::copyOfRange@13
                      ; - java.lang.StringLatin1::newString@16
                      ; - java.lang.String::substring@41
                      ; - java.net.URLClassLoader::defineClass@28
                      ; - java.net.URLClassLoader$1::run@43
  0x000001f012761e58: a4ef 3dfe 

  0x000001f012761e5c: ;   {other}
  0x000001f012761e5c: 0f1f 8400 | cc43 003f | 448b 5c24 | 4048 8bd8 | e968 ccff 

  0x000001f012761e70: ;   {metadata({type array byte})}
  0x000001f012761e70: ff48 bac8 | 0a04 0001 | 0000 0044 | 8bc5 4c89 | 8c24 d000 | 0000 6690 

  0x000001f012761e88: ;   {runtime_call _new_array_Java}
  0x000001f012761e88: c5f8 77e8 

  0x000001f012761e8c: ; ImmutableOopMap {[32]=Oop [40]=Oop [48]=Oop [64]=Oop [80]=Oop [88]=Oop [96]=Oop [104]=NarrowOop [112]=Oop [120]=Oop [128]=NarrowOop [136]=Oop [148]=NarrowOop [152]=NarrowOop [160]=Oop [168]=Oop }
                      ;*invokevirtual allocateUninitializedArray0 {reexecute=0 rethrow=0 return_oop=1}
                      ; - jdk.internal.misc.Unsafe::allocateUninitializedArray@51
                      ; - java.lang.StringConcatHelper::newArray@33
                      ; - java.lang.StringConcatHelper::simpleConcat@61
                      ; - java.lang.String::concat@11
                      ; - java.net.URLClassLoader::isSealed@15
                      ; - java.net.URLClassLoader::getAndVerifyPackage@68
                      ; - java.net.URLClassLoader::defineClass@46
                      ; - java.net.URLClassLoader$1::run@43
  0x000001f012761e8c: f013 3efe 

  0x000001f012761e90: ;   {other}
  0x000001f012761e90: 0f1f 8400 | 0044 0040 | 4c8b c0e9 | aad9 ffff | 4c89 9c24 | a000 0000 

  0x000001f012761ea8: ;   {metadata('java/lang/String')}
  0x000001f012761ea8: 48ba 9020 | 0400 0100 | 0000 488b | ac24 8800 | 0000 6690 

  0x000001f012761ebc: ;   {runtime_call _new_instance_Java}
  0x000001f012761ebc: c5f8 77e8 

  0x000001f012761ec0: ; ImmutableOopMap {rbp=Oop [32]=Oop [40]=Oop [48]=Oop [64]=Oop [80]=Oop [88]=Oop [96]=Oop [104]=NarrowOop [112]=Oop [120]=Oop [128]=NarrowOop [148]=NarrowOop [152]=NarrowOop [160]=Oop }
                      ;*new {reexecute=0 rethrow=0 return_oop=1}
                      ; - java.lang.StringConcatHelper::newString@6
                      ; - java.lang.StringConcatHelper::simpleConcat@90
                      ; - java.lang.String::concat@11
                      ; - java.net.URLClassLoader::isSealed@15
                      ; - java.net.URLClassLoader::getAndVerifyPackage@68
                      ; - java.net.URLClassLoader::defineClass@46
                      ; - java.net.URLClassLoader$1::run@43
  0x000001f012761ec0: bc10 3efe 

  0x000001f012761ec4: ;   {other}
  0x000001f012761ec4: 0f1f 8400 | 3444 0041 | 4c8b 9c24 | a000 0000 | e93c daff | ff44 8b94 | 2484 0000 | 0041 d1e2 
  0x000001f012761ee4: 4585 d20f | 8cd3 2400 | 0041 3bca | 0f82 ca24 | 0000 498b | f148 8bfa | 8b94 2484 | 0000 008b 
  0x000001f012761f04: ca83 e10f | 83e2 f074 | 1c48 8d34 | 1648 8d3c | 5748 f7da | c4e2 7d30 | 0416 c5fe | 7f04 5748 
  0x000001f012761f24: 83c2 1075 | ef8b d183 | e107 83e2 | f874 27c4 | e279 3006 | c5fa 7f07 | 4883 c608 | 4883 c710 
  0x000001f012761f44: e911 0000 | 00c4 e279 | 3004 16c5 | fa7f 0457 | 4883 c208 | 75ef 8bd1 | 83fa 047c | 19c5 f96e 
  0x000001f012761f64: 06c4 e279 | 30c0 c5f9 | d607 4883 | ea04 4883 | c604 4883 | c708 85d2 | 7418 488d | 3416 488d 
  0x000001f012761f84: 3c57 48f7 | da0f b60c | 1666 890c | 5748 ffc2 | 75f3 e93a | d9ff ff4c | 8b54 2448 | 458b 5228 
  0x000001f012761fa4: 4585 d20f | 843c e7ff | ff4d 8b5f | 2849 8bca | 4d85 db0f | 84f3 1900 | 004d 8b57 

  0x000001f012761fc0: ;   {no_reloc}
  0x000001f012761fc0: 384b 894c | 1af8 4983 | c3f8 4d89 | 5f28 e916 | e7ff ff45 | 8b52 1045 | 85d2 0f84 | bae6 ffff 
  0x000001f012761fe0: 4d8b 5f28 | 498b ca4d | 85db 0f84 | e019 0000 | 4d8b 5738 | 4b89 4c1a | f849 83c3 | f84d 895f 
  0x000001f012762000: 28e9 94e6 | ffff 4d8b | 5748 4d8b | 5f58 f083 | 4424 c000 | 4180 3800 | 0f84 15e7 | ffff 4588 
  0x000001f012762020: 204d 85d2 | 7523 498b | c849 8bd7 | c5f8 7749 | bae0 29a2 | ceff 7f00 | 0041 ffd2 

  0x000001f01276203c: ;   {other}
  0x000001f01276203c: 0f1f 8400 | 0000 0000 | e9ea e6ff | ff4f 8944 | 13f8 4983 | c2f8 4d89 | 5748 e9d8 | e6ff ff4d 
  0x000001f01276205c: 8b57 484d | 8b5f 58f0 | 8344 24c0 | 0080 3900 | 0f84 66e6 | ffff 4488 | 214d 85d2 | 7520 498b 
  0x000001f01276207c: d7c5 f877 | 49ba e029 | a2ce ff7f | 0000 41ff 

  0x000001f01276208c: ;   {other}
  0x000001f01276208c: d20f 1f84 | 0000 0000 | 00e9 3ee6 | ffff 4b89 | 4c13 f849 | 83c2 f84d | 8957 48e9 | 2ce6 ffff 
  0x000001f0127620ac: 498b da4c | 8b54 2478 | 458b 5a10 | 4585 db74 | 214d 8b57 | 2849 8bcb | 4d85 d20f | 8463 1900 
  0x000001f0127620cc: 004d 8b5f | 384b 894c | 13f8 4983 | c2f8 4d89 | 5728 4c8b | d3e9 bde4 | ffff 4c8b | 5424 7845 
  0x000001f0127620ec: 8b5a 0c45 | 85db 0f84 | 18e4 ffff | 4d8b 5728 | 498b cb4d | 85d2 0f84 | 0819 0000 | 4d8b 5f38 
  0x000001f01276210c: 4b89 4c13 | f849 83c2 | f84d 8957 | 28e9 f2e3 | ffff 448b | 550c 4585 | d20f 848f | e3ff ff4d 
  0x000001f01276212c: 8b5f 2849 | 8bca 4d85 | db0f 84b5 | 1800 004d | 8b57 384b | 894c 1af8 | 4983 c3f8 | 4d89 5f28 
  0x000001f01276214c: e969 e3ff | ff4c 8b44 | 2478 458b | 5814 4585 | db0f 84a9 | e4ff ff4d | 8b57 2849 | 8bcb 4d85 
  0x000001f01276216c: d20f 84dd | 1800 0049 | 8bd8 4d8b | 5f38 4b89 | 4c13 f849 | 83c2 f84d | 8957 284c | 8bc3 e97d 
  0x000001f01276218c: ;   {no_reloc}
  0x000001f01276218c: e4ff ff4d | 8b57 584d | 8b5f 48f0 | 8344 24c0 | 0080 3900 | 0f84 32e4 | ffff 4488 | 214d 85db 
  0x000001f0127621ac: 7520 498b | d7c5 f877 | 49ba e029 | a2ce ff7f | 0000 41ff 

  0x000001f0127621c0: ;   {other}
  0x000001f0127621c0: d20f 1f84 | 0000 0000 | 00e9 0ae4 | ffff 4b89 | 4c1a f849 | 83c3 f84d | 895f 48e9 | f8e3 ffff 
  0x000001f0127621e0: 4d8b 5748 | 4d8b 5f58 | f083 4424 | c000 8039 | 000f 8450 | e3ff ff44 | 8821 4d85 | d275 2049 
  0x000001f012762200: 8bd7 c5f8 | 7749 bae0 | 29a2 ceff | 7f00 0041 

  0x000001f012762210: ;   {other}
  0x000001f012762210: ffd2 0f1f | 8400 0000 | 0000 e928 | e3ff ff4b | 894c 13f8 | 4983 c2f8 | 4d89 5748 | e916 e3ff 
  0x000001f012762230: ff4d 8b57 | 584d 8b5f | 48f0 8344 | 24c0 0080 | 3900 0f84 | bde2 ffff | 4488 214d | 85db 7520 
  0x000001f012762250: 498b d7c5 | f877 49ba | e029 a2ce | ff7f 0000 

  0x000001f012762260: ;   {other}
  0x000001f012762260: 41ff d20f | 1f84 0000 | 0000 00e9 | 95e2 ffff | 4b89 4c1a | f849 83c3 | f84d 895f | 48e9 83e2 
  0x000001f012762280: ffff bae4 | ffff ff48 | 8b6c 2450 | 4889 7424 | 284c 8b5c | 2438 4c89 | 5c24 3089 | 4424 4044 
  0x000001f0127622a0: 8954 2444 

  0x000001f0127622a4: ;   {runtime_call UncommonTrapBlob}
  0x000001f0127622a4: c5f8 77e8 

  0x000001f0127622a8: ; ImmutableOopMap {rbp=Oop [40]=Oop [64]=NarrowOop [148]=NarrowOop [152]=NarrowOop }
                      ;*baload {reexecute=0 rethrow=0 return_oop=0}
                      ; - java.lang.StringLatin1::lastIndexOf@24
                      ; - java.lang.String::lastIndexOf@13
                      ; - java.lang.String::lastIndexOf@8
                      ; - java.net.URLClassLoader::defineClass@7
                      ; - java.net.URLClassLoader$1::run@43
  0x000001f0127622a8: 5420 32fe 

  0x000001f0127622ac: ;   {other}
  0x000001f0127622ac: 0f1f 8400 | 1c48 0042 

  0x000001f0127622b4: ;   {metadata('java/lang/String')}
  0x000001f0127622b4: 498b ee48 | ba90 2004 | 0001 0000 | 0066 6690 

  0x000001f0127622c4: ;   {runtime_call _new_instance_Java}
  0x000001f0127622c4: c5f8 77e8 

  0x000001f0127622c8: ; ImmutableOopMap {rbp=Oop }
                      ;*new {reexecute=0 rethrow=0 return_oop=1}
                      ; - java.lang.StringConcatHelper::simpleConcat@17
                      ; - java.lang.String::concat@11
                      ; - java.net.URLClassLoader$1::run@13
  0x000001f0127622c8: b40c 3efe 

  0x000001f0127622cc: ;   {other}
  0x000001f0127622cc: 0f1f 8400 | 3c48 0043 | 4c8b f5e9 | 3ddb ffff | 418b e8e9 | d0c0 ffff | 4489 8c24 | c800 0000 
  0x000001f0127622ec: 4489 8424 | 9000 0000 | 898c 2484 

  0x000001f0127622f8: ;   {metadata({type array byte})}
  0x000001f0127622f8: 0000 0048 | bac8 0a04 | 0001 0000 | 0044 8b84 | 2480 0000 | 0066 6690 

  0x000001f012762310: ;   {runtime_call _new_array_Java}
  0x000001f012762310: c5f8 77e8 

  0x000001f012762314: ; ImmutableOopMap {[32]=Oop [40]=Oop [48]=Oop [64]=Oop [80]=Oop [88]=Oop [96]=Oop [104]=NarrowOop [112]=Oop [120]=Oop [132]=NarrowOop [136]=Oop [148]=NarrowOop [152]=NarrowOop [156]=NarrowOop [160]=Oop }
                      ;*invokevirtual allocateUninitializedArray0 {reexecute=0 rethrow=0 return_oop=1}
                      ; - jdk.internal.misc.Unsafe::allocateUninitializedArray@51
                      ; - java.lang.StringConcatHelper::newArray@33
                      ; - java.lang.StringLatin1::replace@49
                      ; - java.lang.String::replace@18
                      ; - java.net.URLClassLoader::isSealed@9
                      ; - java.net.URLClassLoader::getAndVerifyPackage@68
                      ; - java.net.URLClassLoader::defineClass@46
                      ; - java.net.URLClassLoader$1::run@43
  0x000001f012762314: 680f 3efe 

  0x000001f012762318: ;   {other}
  0x000001f012762318: 0f1f 8400 | 8848 0044 | 488b d88b | 8c24 8400 | 0000 448b | 8424 9000 | 0000 448b | 8c24 c800 
  0x000001f012762338: 0000 e925 

  0x000001f01276233c: ;   {metadata('java/lang/String')}
  0x000001f01276233c: dcff ff48 | ba90 2004 | 0001 0000 | 0066 6690 

  0x000001f01276234c: ;   {runtime_call _new_instance_Java}
  0x000001f01276234c: c5f8 77e8 

  0x000001f012762350: ; ImmutableOopMap {[32]=Oop [40]=Oop [48]=Oop [64]=Oop [80]=Oop [88]=Oop [96]=Oop [104]=NarrowOop [112]=Oop [120]=Oop [136]=Oop [148]=NarrowOop [152]=NarrowOop [156]=NarrowOop [168]=Oop }
                      ;*new {reexecute=0 rethrow=0 return_oop=1}
                      ; - java.lang.StringLatin1::replace@116
                      ; - java.lang.String::replace@18
                      ; - java.net.URLClassLoader::isSealed@9
                      ; - java.net.URLClassLoader::getAndVerifyPackage@68
                      ; - java.net.URLClassLoader::defineClass@46
                      ; - java.net.URLClassLoader$1::run@43
  0x000001f012762350: 2c0c 3efe 

  0x000001f012762354: ;   {other}
  0x000001f012762354: 0f1f 8400 | c448 0045 | e972 d3ff | ff4c 8944 | 2470 894c 

  0x000001f012762368: ;   {metadata('java/lang/ClassLoader$$Lambda+0x000000010014b390')}
  0x000001f012762368: 2448 48ba | 90b3 1400 | 0100 0000 

  0x000001f012762374: ;   {runtime_call _new_instance_Java}
  0x000001f012762374: c5f8 77e8 

  0x000001f012762378: ; ImmutableOopMap {rbp=NarrowOop [32]=Oop [40]=Oop [48]=Oop [64]=Oop [72]=NarrowOop [80]=Oop [88]=Oop [96]=Oop [104]=NarrowOop [112]=Oop [128]=NarrowOop [152]=NarrowOop }
                      ;*invokevirtual allocateInstance {reexecute=0 rethrow=0 return_oop=1}
                      ; - java.lang.invoke.DirectMethodHandle::allocateInstance@12
                      ; - java.lang.invoke.DirectMethodHandle$Holder::newInvokeSpecial@1
                      ; - java.lang.invoke.Invokers$Holder::linkToTargetMethod@6
                      ; - java.lang.ClassLoader::definePackage@73
                      ; - java.lang.ClassLoader::getDefinedPackage@32
                      ; - java.net.URLClassLoader::getAndVerifyPackage@2
                      ; - java.net.URLClassLoader::defineClass@46
                      ; - java.net.URLClassLoader$1::run@43
  0x000001f012762378: 040c 3efe 

  0x000001f01276237c: ;   {other}
  0x000001f01276237c: 0f1f 8400 | ec48 0046 | 8b4c 2448 | 4c8b 4424 | 704c 8bc8 | e99c ceff | ff0f b64d | 1148 8b74 
  0x000001f01276239c: 2458 4c8b | 5424 204c | 8954 2470 | 448b 5424 | 6044 8994 | 2494 0000 | 004c 8b5c | 2428 488b 
  0x000001f0127623bc: 5424 3044 | 8b44 2440 | 4c8b 4c24 | 484c 8b54 | 2468 488b | bc24 8000 | 0000 e9f2 | edff ff41 
  0x000001f0127623dc: 8bea e9f9 

  0x000001f0127623e0: ;   {metadata('java/lang/ref/SoftReference')}
  0x000001f0127623e0: daff ff48 | ba58 7104 | 0001 0000 | 0066 6690 

  0x000001f0127623f0: ;   {runtime_call _new_instance_Java}
  0x000001f0127623f0: c5f8 77e8 

  0x000001f0127623f4: ; ImmutableOopMap {rbp=Oop [32]=Oop [40]=Oop [48]=Oop [64]=Oop [72]=Oop [80]=Oop [88]=Oop [104]=NarrowOop [148]=NarrowOop [152]=NarrowOop [200]=Oop }
                      ;*new {reexecute=0 rethrow=0 return_oop=1}
                      ; - java.util.jar.JarFile::getManifestFromReference@184
                      ; - java.util.jar.JarFile::getManifest@1
                      ; - jdk.internal.loader.URLClassPath$JarLoader$2::getManifest@22
                      ; - java.net.URLClassLoader::defineClass@34
                      ; - java.net.URLClassLoader$1::run@43
  0x000001f0127623f4: 880b 3efe 

  0x000001f0127623f8: ;   {other}
  0x000001f0127623f8: 0f1f 8400 | 6849 0047 | 4c8b d0e9 | 7de2 ffff 

  0x000001f012762408: ;   {metadata('java/util/jar/Manifest')}
  0x000001f012762408: 48ba 104c | 0500 0100 | 0000 6690 

  0x000001f012762414: ;   {runtime_call _new_instance_Java}
  0x000001f012762414: c5f8 77e8 

  0x000001f012762418: ; ImmutableOopMap {[32]=Oop [40]=Oop [48]=Oop [64]=Oop [72]=Oop [80]=Oop [88]=Oop [96]=Oop [104]=NarrowOop [148]=NarrowOop [152]=NarrowOop [200]=Oop }
                      ;*new {reexecute=0 rethrow=0 return_oop=1}
                      ; - java.util.jar.JarFile::getManifestFromReference@134
                      ; - java.util.jar.JarFile::getManifest@1
                      ; - jdk.internal.loader.URLClassPath$JarLoader$2::getManifest@22
                      ; - java.net.URLClassLoader::defineClass@34
                      ; - java.net.URLClassLoader$1::run@43
  0x000001f012762418: 640b 3efe 

  0x000001f01276241c: ;   {other}
  0x000001f01276241c: 0f1f 8400 | 8c49 0048 | e918 e0ff 

  0x000001f012762428: ;   {metadata('java/util/jar/Attributes')}
  0x000001f012762428: ff48 ba68 | 8409 0001 | 0000 0090 

  0x000001f012762434: ;   {runtime_call _new_instance_Java}
  0x000001f012762434: c5f8 77e8 

  0x000001f012762438: ; ImmutableOopMap {[32]=Oop [40]=Oop [48]=Oop [64]=Oop [72]=Oop [80]=Oop [88]=Oop [96]=Oop [104]=NarrowOop [108]=NarrowOop [120]=Oop [148]=NarrowOop [152]=NarrowOop [200]=Oop }
                      ;*new {reexecute=0 rethrow=0 return_oop=1}
                      ; - java.util.jar.Manifest::<init>@5
                      ; - java.util.jar.Manifest::<init>@4
                      ; - java.util.jar.JarFile::getManifestFromReference@143
                      ; - java.util.jar.JarFile::getManifest@1
                      ; - jdk.internal.loader.URLClassPath$JarLoader$2::getManifest@22
                      ; - java.net.URLClassLoader::defineClass@34
                      ; - java.net.URLClassLoader$1::run@43
  0x000001f012762438: 440b 3efe 

  0x000001f01276243c: ;   {other}
  0x000001f01276243c: 0f1f 8400 | ac49 0049 | 488b e8e9 | 48e0 ffff 

  0x000001f01276244c: ;   {metadata('java/util/HashMap')}
  0x000001f01276244c: 48ba 78dd | 0600 0100 | 0000 6690 

  0x000001f012762458: ;   {runtime_call _new_instance_Java}
  0x000001f012762458: c5f8 77e8 

  0x000001f01276245c: ; ImmutableOopMap {[32]=Oop [40]=Oop [48]=Oop [64]=Oop [72]=Oop [80]=Oop [88]=Oop [96]=Oop [104]=NarrowOop [108]=NarrowOop [120]=Oop [128]=Oop [148]=NarrowOop [152]=NarrowOop [200]=Oop }
                      ;*new {reexecute=0 rethrow=0 return_oop=1}
                      ; - java.util.jar.Manifest::<init>@16
                      ; - java.util.jar.Manifest::<init>@4
                      ; - java.util.jar.JarFile::getManifestFromReference@143
                      ; - java.util.jar.JarFile::getManifest@1
                      ; - jdk.internal.loader.URLClassPath$JarLoader$2::getManifest@22
                      ; - java.net.URLClassLoader::defineClass@34
                      ; - java.net.URLClassLoader$1::run@43
  0x000001f01276245c: 200b 3efe 

  0x000001f012762460: ;   {other}
  0x000001f012762460: 0f1f 8400 | d049 004a | 4c8b d0e9 | 20e1 ffff | baf6 ffff | ff49 8bee | 4889 4424 | 2066 6690 
  0x000001f012762480: ;   {runtime_call UncommonTrapBlob}
  0x000001f012762480: c5f8 77e8 

  0x000001f012762484: ; ImmutableOopMap {rbp=Oop [32]=Oop }
                      ;*invokevirtual getResource {reexecute=0 rethrow=0 return_oop=0}
                      ; - java.net.URLClassLoader$1::run@26
  0x000001f012762484: 781e 32fe 

  0x000001f012762488: ;   {other}
  0x000001f012762488: 0f1f 8400 | f849 004b | ba76 ffff | ff49 8bee | 894c 2420 | 4489 4c24 | 2889 5c24 | 2c66 6690 
  0x000001f0127624a8: ;   {runtime_call UncommonTrapBlob}
  0x000001f0127624a8: c5f8 77e8 

  0x000001f0127624ac: ; ImmutableOopMap {rbp=Oop [32]=NarrowOop [44]=NarrowOop }
                      ;*if_icmpge {reexecute=1 rethrow=0 return_oop=0}
                      ; - (reexecute) java.lang.StringLatin1::replace@19
                      ; - java.lang.String::replace@18
                      ; - java.net.URLClassLoader$1::run@8
  0x000001f0127624ac: 501e 32fe 

  0x000001f0127624b0: ;   {other}
  0x000001f0127624b0: 0f1f 8400 | 204a 004c | 4863 d1e9 | 69c2 ffff | bacc ffff | ff49 8bee | 4c89 4424 | 2048 8944 
  0x000001f0127624d0: 2430 4889 | 5c24 3844 | 894c 2440 

  0x000001f0127624dc: ;   {runtime_call UncommonTrapBlob}
  0x000001f0127624dc: c5f8 77e8 

  0x000001f0127624e0: ; ImmutableOopMap {rbp=Oop [32]=Oop [56]=Oop }
                      ;*invokestatic arraycopy {reexecute=0 rethrow=0 return_oop=0}
                      ; - java.lang.String::getBytes@22
                      ; - java.lang.StringConcatHelper::prepend@21
                      ; - java.lang.StringConcatHelper::simpleConcat@71
                      ; - java.lang.String::concat@11
                      ; - java.net.URLClassLoader$1::run@13
  0x000001f0127624e0: 1c1e 32fe 

  0x000001f0127624e4: ;   {other}
  0x000001f0127624e4: 0f1f 8400 | 544a 004d | bacc ffff | ff49 8bee | 4c89 5c24 | 2048 895c | 2430 4489 | 5424 3890 
  0x000001f012762504: ;   {runtime_call UncommonTrapBlob}
  0x000001f012762504: c5f8 77e8 

  0x000001f012762508: ; ImmutableOopMap {rbp=Oop [32]=Oop [48]=Oop }
                      ;*invokestatic arraycopy {reexecute=0 rethrow=0 return_oop=0}
                      ; - java.lang.String::getBytes@22
                      ; - java.lang.StringConcatHelper::prepend@21
                      ; - java.lang.StringConcatHelper::simpleConcat@81
                      ; - java.lang.String::concat@11
                      ; - java.net.URLClassLoader$1::run@13
  0x000001f012762508: f41d 32fe 

  0x000001f01276250c: ;   {other}
  0x000001f01276250c: 0f1f 8400 | 7c4a 004e | ba76 ffff | ff4c 8974 | 2420 894c | 2428 4c89 | 5c24 3044 | 894c 243c 
  0x000001f01276252c: 895c 2440 

  0x000001f012762530: ;   {runtime_call UncommonTrapBlob}
  0x000001f012762530: c5f8 77e8 

  0x000001f012762534: ; ImmutableOopMap {[32]=Oop [40]=NarrowOop [48]=Oop [64]=NarrowOop }
                      ;*if_icmpge {reexecute=1 rethrow=0 return_oop=0}
                      ; - (reexecute) java.lang.StringLatin1::replace@82
                      ; - java.lang.String::replace@18
                      ; - java.net.URLClassLoader$1::run@8
  0x000001f012762534: c81d 32fe 

  0x000001f012762538: ;   {other}
  0x000001f012762538: 0f1f 8400 | a84a 004f | 4c8b 5424 | 6045 8b5a | 0c45 85db | 0f84 5fe7 | ffff 4d8b | 5728 498b 
  0x000001f012762558: cb4d 85d2 | 0f84 f71d | 0000 4d8b | 5f38 4b89 | 4c13 f849 | 83c2 f84d | 8957 28e9 | 39e7 ffff 
  0x000001f012762578: 4c8b 5424 | 6045 8b5a | 1045 85db | 0f84 bde7 | ffff 4d8b | 5728 498b | cb4d 85d2 | 0f84 7f1d 
  0x000001f012762598: 0000 4d8b | 5f38 4b89 | 4c13 f849 | 83c2 f84d | 8957 28e9 | 97e7 ffff | 448b 550c | 4585 d20f 
  0x000001f0127625b8: 84a1 e6ff | ff4d 8b5f | 2849 8bca | 4d85 db0f | 846c 1d00 | 004d 8b57 | 384b 894c | 1af8 4983 
  0x000001f0127625d8: c3f8 4d89 | 5f28 e97b | e6ff ff4c | 8b54 2460 | 458b 5a14 | 4585 db0f | 84ba e7ff | ff4d 8b57 
  0x000001f0127625f8: 2849 8bcb | 4d85 d20f | 8474 1d00 | 004d 8b5f | 384b 894c | 13f8 4983 | c2f8 4d89 | 5728 e994 
  0x000001f012762618: e7ff ff4d | 8b57 484d | 8b5f 58f0 | 8344 24c0 | 0080 3900 | 0f84 b6e6 | ffff 4488 

  0x000001f012762634: ;   {no_reloc}
  0x000001f012762634: 214d 85d2 | 7520 498b | d7c5 f877 | 49ba e029 | a2ce ff7f | 0000 41ff 

  0x000001f01276264c: ;   {other}
  0x000001f01276264c: d20f 1f84 | 0000 0000 | 00e9 8ee6 | ffff 4b89 | 4c13 f849 | 83c2 f84d | 8957 48e9 | 7ce6 ffff 
  0x000001f01276266c: 4d8b 5748 | 4d8b 5f58 | f083 4424 | c000 8039 | 000f 84fe | e6ff ff44 | 8821 4d85 | d275 2049 
  0x000001f01276268c: 8bd7 c5f8 | 7749 bae0 | 29a2 ceff | 7f00 0041 

  0x000001f01276269c: ;   {other}
  0x000001f01276269c: ffd2 0f1f | 8400 0000 | 0000 e9d6 | e6ff ff4b | 894c 13f8 | 4983 c2f8 | 4d89 5748 | e9c4 e6ff 
  0x000001f0127626bc: ff4d 8b57 | 584d 8b5f | 48f0 8344 | 24c0 0080 | 3900 0f84 | d2e5 ffff | 4488 214d | 85db 7520 
  0x000001f0127626dc: 498b d7c5 | f877 49ba | e029 a2ce | ff7f 0000 

  0x000001f0127626ec: ;   {other}
  0x000001f0127626ec: 41ff d20f | 1f84 0000 | 0000 00e9 | aae5 ffff | 4b89 4c1a | f849 83c3 | f84d 895f | 48e9 98e5 
  0x000001f01276270c: ffff 4d8b | 5748 4d8b | 5f58 f083 | 4424 c000 | 8039 000f | 84db e6ff | ff44 8821 | 4d85 d275 
  0x000001f01276272c: 2049 8bd7 | c5f8 7749 | bae0 29a2 | ceff 7f00 | 0041 ffd2 

  0x000001f012762740: ;   {other}
  0x000001f012762740: 0f1f 8400 | 0000 0000 | e9b3 e6ff | ff4b 894c | 13f8 4983 | c2f8 4d89 | 5748 e9a1 | e6ff ff33 
  0x000001f012762760: ed45 85db | 400f 94c5 | ba45 ffff | ff4c 8974 | 2420 895c | 2428 6690 

  0x000001f012762778: ;   {runtime_call UncommonTrapBlob}
  0x000001f012762778: c5f8 77e8 

  0x000001f01276277c: ; ImmutableOopMap {[32]=Oop [40]=NarrowOop }
                      ;*ifeq {reexecute=1 rethrow=0 return_oop=0}
                      ; - (reexecute) java.lang.String::replace@9
                      ; - java.net.URLClassLoader$1::run@8
  0x000001f01276277c: 801b 32fe 

  0x000001f012762780: ;   {other}
  0x000001f012762780: 0f1f 8400 | f04c 0050 | ba76 ffff | ff4c 8974 | 2420 894c | 2428 4489 | 4c24 2c4c | 895c 2430 
  0x000001f0127627a0: 895c 243c 

  0x000001f0127627a4: ;   {runtime_call UncommonTrapBlob}
  0x000001f0127627a4: c5f8 77e8 

  0x000001f0127627a8: ; ImmutableOopMap {[32]=Oop [40]=NarrowOop [48]=Oop [60]=NarrowOop }
                      ;*if_icmpge {reexecute=1 rethrow=0 return_oop=0}
                      ; - (reexecute) java.lang.StringLatin1::replace@61
                      ; - java.lang.String::replace@18
                      ; - java.net.URLClassLoader$1::run@8
  0x000001f0127627a8: 541b 32fe 

  0x000001f0127627ac: ;   {other}
  0x000001f0127627ac: 0f1f 8400 | 1c4d 0051 | b801 0000 | 00e9 30bd | ffff baf6 | ffff ff48 | 8b6c 2450 | 4889 4424 
  0x000001f0127627cc: 2866 6690 

  0x000001f0127627d0: ;   {runtime_call UncommonTrapBlob}
  0x000001f0127627d0: c5f8 77e8 

  0x000001f0127627d4: ; ImmutableOopMap {rbp=Oop [40]=Oop [152]=NarrowOop }
                      ;*invokevirtual defineClass {reexecute=0 rethrow=0 return_oop=0}
                      ; - java.net.URLClassLoader$1::run@43
  0x000001f0127627d4: 281b 32fe 

  0x000001f0127627d8: ;   {other}
  0x000001f0127627d8: 0f1f 8400 | 484d 0052 | baf6 ffff | ff48 8b6c | 2450 4889 | 7424 204c | 8954 2428 | 4c8b 5424 
  0x000001f0127627f8: 384c 8954 | 2430 4489 | 4424 3890 

  0x000001f012762804: ;   {runtime_call UncommonTrapBlob}
  0x000001f012762804: c5f8 77e8 

  0x000001f012762808: ; ImmutableOopMap {rbp=Oop [32]=Oop [40]=Oop [56]=NarrowOop [148]=NarrowOop [152]=NarrowOop [200]=Oop }
                      ;*invokevirtual ensureInitialization {reexecute=0 rethrow=0 return_oop=0}
                      ; - java.util.jar.JavaUtilJarAccessImpl::ensureInitialization@1
                      ; - jdk.internal.loader.URLClassPath$JarLoader$2::getManifest@10
                      ; - java.net.URLClassLoader::defineClass@34
                      ; - java.net.URLClassLoader$1::run@43
  0x000001f012762808: f41a 32fe 

  0x000001f01276280c: ;   {other}
  0x000001f01276280c: 0f1f 8400 | 7c4d 0053 | baf6 ffff | ff48 8b6c | 2450 4c8b | 5c24 584c | 895c 2420 | 4c8b 5c24 
  0x000001f01276282c: 404c 895c | 2428 4c8b | 5c24 384c | 895c 2430 | 4c89 4424 | 4866 6690 

  0x000001f012762844: ;   {runtime_call UncommonTrapBlob}
  0x000001f012762844: c5f8 77e8 

  0x000001f012762848: ; ImmutableOopMap {rbp=Oop [32]=Oop [40]=Oop [72]=Oop [104]=NarrowOop [148]=NarrowOop [152]=NarrowOop [200]=Oop }
                      ;*invokevirtual get {reexecute=0 rethrow=0 return_oop=0}
                      ; - java.lang.ClassLoader::getDefinedPackage@13
                      ; - java.net.URLClassLoader::getAndVerifyPackage@2
                      ; - java.net.URLClassLoader::defineClass@46
                      ; - java.net.URLClassLoader$1::run@43
  0x000001f012762848: b41a 32fe 

  0x000001f01276284c: ;   {other}
  0x000001f01276284c: 0f1f 8400 | bc4d 0054 | bade ffff | ff48 8b6c | 2450 4889 | 7424 284c | 8b54 2438 | 4c89 5424 
  0x000001f01276286c: 3044 8944 | 2438 4889 | 7424 4890 

  0x000001f012762878: ;   {runtime_call UncommonTrapBlob}
  0x000001f012762878: c5f8 77e8 

  0x000001f01276287c: ; ImmutableOopMap {rbp=Oop [40]=Oop [56]=NarrowOop [72]=Oop [148]=NarrowOop [152]=NarrowOop [200]=Oop }
                      ;*invokevirtual getManifest {reexecute=0 rethrow=0 return_oop=0}
                      ; - java.net.URLClassLoader::defineClass@34
                      ; - java.net.URLClassLoader$1::run@43
  0x000001f01276287c: 801a 32fe 

  0x000001f012762880: ;   {other}
  0x000001f012762880: 0f1f 8400 | f04d 0055 | bade ffff | ff4c 8b5c | 2450 4c89 | 5c24 2048 | 8974 2428 | 4489 4424 
  0x000001f0127628a0: 404c 8954 | 2450 894c | 245c 6690 

  0x000001f0127628ac: ;   {runtime_call UncommonTrapBlob}
  0x000001f0127628ac: c5f8 77e8 

  0x000001f0127628b0: ; ImmutableOopMap {rbp=NarrowOop [32]=Oop [40]=Oop [64]=NarrowOop [80]=Oop [92]=NarrowOop [148]=NarrowOop [152]=NarrowOop [200]=Oop }
                      ;*invokeinterface ensureInitialization {reexecute=0 rethrow=0 return_oop=0}
                      ; - jdk.internal.loader.URLClassPath$JarLoader$2::getManifest@10
                      ; - java.net.URLClassLoader::defineClass@34
                      ; - java.net.URLClassLoader$1::run@43
  0x000001f0127628b0: 4c1a 32fe 

  0x000001f0127628b4: ;   {other}
  0x000001f0127628b4: 0f1f 8400 | 244e 0056 | 4889 7c24 | 7889 6c24 | 5c4c 8954 | 2468 4c89 | 4c24 6044 | 8944 2458 
  0x000001f0127628d4: 4889 5424 | 484c 895c | 2440 4c8b | 5424 704c | 8954 2428 | 4889 7424 | 2048 8b6c | 2450 488b 
  0x000001f0127628f4: d74c 8d84 | 24e0 0000 | 004c 8b54 | 2468 4c89 | 5424 5090 

  0x000001f012762908: ;   {runtime_call _complete_monitor_locking_Java}
  0x000001f012762908: c5f8 77e8 

  0x000001f01276290c: ; ImmutableOopMap {rbp=Oop [32]=Oop [64]=Oop [72]=Oop [80]=Oop [88]=NarrowOop [92]=NarrowOop [96]=Oop [104]=Oop [120]=Oop [148]=NarrowOop [152]=NarrowOop [200]=Oop }
                      ;*synchronization entry
                      ; - java.util.jar.JarFile::ensureInitialization@-1
                      ; - java.util.jar.JavaUtilJarAccessImpl::ensureInitialization@1
                      ; - jdk.internal.loader.URLClassPath$JarLoader$2::getManifest@10
                      ; - java.net.URLClassLoader::defineClass@34
                      ; - java.net.URLClassLoader$1::run@43
  0x000001f01276290c: f0e7 3dfe 

  0x000001f012762910: ;   {other}
  0x000001f012762910: 0f1f 8400 | 804e 0057 | 4889 6c24 | 5048 8b74 | 2420 4c8b | 5424 284c | 8954 2470 | 4c8b 5c24 
  0x000001f012762930: 4048 8b54 | 2448 448b | 4424 584c | 8b4c 2460 | 4c8b 5424 | 688b 6c24 | 5c48 8b7c | 2478 e9bd 
  0x000001f012762950: c3ff ff48 | 8bcf 4c89 | 5424 484c | 894c 2440 | 4489 4424 | 3048 8954 | 2428 4c89 | 5c24 2048 
  0x000001f012762970: 8d94 24e0 | 0000 004d | 8bc7 c5f8 | 7749 bab0 | d7e3 ceff | 7f00 0041 

  0x000001f012762988: ;   {other}
  0x000001f012762988: ffd2 0f1f | 8400 0000 | 0000 4c8b | 5c24 2048 | 8b54 2428 | 448b 4424 | 304c 8b4c | 2440 4c8b 
  0x000001f0127629a8: 5424 48e9 | 0fc4 ffff | bade ffff | ff4c 8b5c | 2450 4c89 | 5c24 2048 | 8974 2428 | 4c89 5424 
  0x000001f0127629c8: 3044 8944 | 2440 6690 

  0x000001f0127629d0: ;   {runtime_call UncommonTrapBlob}
  0x000001f0127629d0: c5f8 77e8 

  0x000001f0127629d4: ; ImmutableOopMap {rbp=NarrowOop [32]=Oop [40]=Oop [48]=Oop [64]=NarrowOop [148]=NarrowOop [152]=NarrowOop [200]=Oop }
                      ;*invokevirtual getManifest {reexecute=0 rethrow=0 return_oop=0}
                      ; - jdk.internal.loader.URLClassPath$JarLoader$2::getManifest@22
                      ; - java.net.URLClassLoader::defineClass@34
                      ; - java.net.URLClassLoader$1::run@43
  0x000001f0127629d4: 2819 32fe 

  0x000001f0127629d8: ;   {other}
  0x000001f0127629d8: 0f1f 8400 | 484f 0058 | ba45 ffff | ff49 8bee | 4c89 4424 | 2044 894c | 2428 6690 

  0x000001f0127629f4: ;   {runtime_call UncommonTrapBlob}
  0x000001f0127629f4: c5f8 77e8 

  0x000001f0127629f8: ; ImmutableOopMap {rbp=Oop [32]=Oop }
                      ;*iflt {reexecute=1 rethrow=0 return_oop=0}
                      ; - (reexecute) java.lang.StringConcatHelper::checkOverflow@2
                      ; - java.lang.StringConcatHelper::mix@23
                      ; - java.lang.StringConcatHelper::simpleConcat@46
                      ; - java.lang.String::concat@11
                      ; - java.net.URLClassLoader$1::run@13
  0x000001f0127629f8: 0419 32fe 

  0x000001f0127629fc: ;   {other}
  0x000001f0127629fc: 0f1f 8400 | 6c4f 0059 | ba45 ffff | ff4c 8974 | 2420 4c89 | 4424 2890 

  0x000001f012762a14: ;   {runtime_call UncommonTrapBlob}
  0x000001f012762a14: c5f8 77e8 

  0x000001f012762a18: ; ImmutableOopMap {[32]=Oop [40]=Oop }
                      ;*iflt {reexecute=1 rethrow=0 return_oop=0}
                      ; - (reexecute) java.lang.StringConcatHelper::checkOverflow@2
                      ; - java.lang.StringConcatHelper::mix@23
                      ; - java.lang.StringConcatHelper::simpleConcat@54
                      ; - java.lang.String::concat@11
                      ; - java.net.URLClassLoader$1::run@13
  0x000001f012762a18: e418 32fe 

  0x000001f012762a1c: ;   {other}
  0x000001f012762a1c: 0f1f 8400 | 8c4f 005a | ba45 ffff | ff49 8bee | 4c89 4424 | 2048 8944 | 2428 897c | 2430 6690 
  0x000001f012762a3c: ;   {runtime_call UncommonTrapBlob}
  0x000001f012762a3c: c5f8 77e8 

  0x000001f012762a40: ; ImmutableOopMap {rbp=Oop [32]=Oop }
                      ;*if_icmpne {reexecute=1 rethrow=0 return_oop=0}
                      ; - (reexecute) java.lang.StringConcatHelper::mix@13
                      ; - java.lang.StringConcatHelper::simpleConcat@46
                      ; - java.lang.String::concat@11
                      ; - java.net.URLClassLoader$1::run@13
  0x000001f012762a40: bc18 32fe 

  0x000001f012762a44: ;   {other}
  0x000001f012762a44: 0f1f 8400 | b44f 005b | ba45 ffff | ff49 8bee | 4c89 4424 | 2048 8974 | 2428 894c | 2430 6690 
  0x000001f012762a64: ;   {runtime_call UncommonTrapBlob}
  0x000001f012762a64: c5f8 77e8 

  0x000001f012762a68: ; ImmutableOopMap {rbp=Oop [32]=Oop }
                      ;*ifge {reexecute=1 rethrow=0 return_oop=0}
                      ; - (reexecute) java.lang.StringConcatHelper::newArray@13
                      ; - java.lang.StringConcatHelper::simpleConcat@61
                      ; - java.lang.String::concat@11
                      ; - java.net.URLClassLoader$1::run@13
  0x000001f012762a68: 9418 32fe 

  0x000001f012762a6c: ;   {other}
  0x000001f012762a6c: 0f1f 8400 | dc4f 005c | 33ed 4585 | db40 0f94 | c5ba 45ff | ffff 4889 | 7424 3044 | 8b9c 2498 
  0x000001f012762a8c: 0000 0044 | 895c 2448 | 4489 4424 | 4c66 6690 

  0x000001f012762a9c: ;   {runtime_call UncommonTrapBlob}
  0x000001f012762a9c: c5f8 77e8 

  0x000001f012762aa0: ; ImmutableOopMap {[48]=Oop [72]=NarrowOop [80]=Oop [148]=NarrowOop [152]=NarrowOop }
                      ;*ifeq {reexecute=1 rethrow=0 return_oop=0}
                      ; - (reexecute) java.lang.String::lastIndexOf@4
                      ; - java.lang.String::lastIndexOf@8
                      ; - java.net.URLClassLoader::defineClass@7
                      ; - java.net.URLClassLoader$1::run@43
  0x000001f012762aa0: 5c18 32fe 

  0x000001f012762aa4: ;   {other}
  0x000001f012762aa4: 0f1f 8400 | 1450 005d | ba45 ffff | ff48 8b6c | 2450 4889 | 7424 284c | 8b5c 2438 | 4c89 5c24 
  0x000001f012762ac4: 3044 8944 | 2438 4489 | 5424 4044 | 8954 2444 | 448b 9c24 | 9800 0000 | 4489 5c24 | 5089 5c24 
  0x000001f012762ae4: 5866 6690 

  0x000001f012762ae8: ;   {runtime_call UncommonTrapBlob}
  0x000001f012762ae8: c5f8 77e8 

  0x000001f012762aec: ; ImmutableOopMap {rbp=Oop [40]=Oop [56]=NarrowOop [80]=NarrowOop [148]=NarrowOop [152]=NarrowOop }
                      ;*if_icmpgt {reexecute=1 rethrow=0 return_oop=0}
                      ; - (reexecute) jdk.internal.util.Preconditions::checkFromToIndex@6
                      ; - java.lang.String::checkBoundsBeginEnd@6
                      ; - java.lang.String::substring@8
                      ; - java.net.URLClassLoader::defineClass@28
                      ; - java.net.URLClassLoader$1::run@43
  0x000001f012762aec: 1018 32fe 

  0x000001f012762af0: ;   {other}
  0x000001f012762af0: 0f1f 8400 | 6050 005e | ba45 ffff | ff48 8b6c | 2450 4c8b | 5c24 584c | 895c 2420 | 4c8b 5c24 
  0x000001f012762b10: 404c 895c | 2428 4c8b | 5c24 384c | 895c 2430 | 448b 5c24 | 684c 894c | 2450 4c89 | 4424 5844 
  0x000001f012762b30: 895c 243c | 4c89 4c24 | 6044 8954 | 2470 4489 | 5424 7489 | 4c24 7890 

  0x000001f012762b48: ;   {runtime_call UncommonTrapBlob}
  0x000001f012762b48: c5f8 77e8 

  0x000001f012762b4c: ; ImmutableOopMap {rbp=Oop [32]=Oop [40]=Oop [60]=NarrowOop [80]=Oop [88]=Oop [96]=Oop [112]=NarrowOop [116]=NarrowOop [152]=NarrowOop }
                      ;*ifle {reexecute=1 rethrow=0 return_oop=0}
                      ; - (reexecute) java.util.concurrent.ConcurrentHashMap::get@23
                      ; - java.lang.ClassLoader::getDefinedPackage@13
                      ; - java.net.URLClassLoader::getAndVerifyPackage@2
                      ; - java.net.URLClassLoader::defineClass@46
                      ; - java.net.URLClassLoader$1::run@43
  0x000001f012762b4c: b017 32fe 

  0x000001f012762b50: ;   {other}
  0x000001f012762b50: 0f1f 8400 | c050 005f | 498b d7c5 | f877 49ba | 002a a2ce | ff7f 0000 

  0x000001f012762b68: ;   {other}
  0x000001f012762b68: 41ff d20f | 1f84 0000 | 0000 00e9 | 35e3 ffff | ba45 ffff | ff48 8b6c | 2450 4c8b | 5424 584c 
  0x000001f012762b88: 8954 2428 | 4c8b 5424 | 384c 8954 | 2430 448b | 5c24 4044 | 895c 2438 | 4889 4424 | 5066 6690 
  0x000001f012762ba8: ;   {runtime_call UncommonTrapBlob}
  0x000001f012762ba8: c5f8 77e8 

  0x000001f012762bac: ; ImmutableOopMap {rbp=Oop [40]=Oop [56]=NarrowOop [80]=Oop [88]=Oop [148]=NarrowOop [152]=NarrowOop }
                      ;*ifnull {reexecute=1 rethrow=0 return_oop=0}
                      ; - (reexecute) java.net.URLClassLoader::defineClass@139
                      ; - java.net.URLClassLoader$1::run@43
  0x000001f012762bac: 5017 32fe 

  0x000001f012762bb0: ;   {other}
  0x000001f012762bb0: 0f1f 8400 | 2051 0060 | ba45 ffff | ff48 8b6c | 2450 4889 | 7424 284c | 8b5c 2438 | 4c89 5c24 
  0x000001f012762bd0: 3044 8944 | 2438 4489 | 5424 4044 | 8954 2444 | 448b 9424 | 9800 0000 | 458b da44 | 895c 2450 
  0x000001f012762bf0: 895c 2458 | 895c 245c 

  0x000001f012762bf8: ;   {runtime_call UncommonTrapBlob}
  0x000001f012762bf8: c5f8 77e8 

  0x000001f012762bfc: ; ImmutableOopMap {rbp=Oop [40]=Oop [56]=NarrowOop [80]=NarrowOop [148]=NarrowOop [152]=NarrowOop }
                      ;*if_icmple {reexecute=1 rethrow=0 return_oop=0}
                      ; - (reexecute) jdk.internal.util.Preconditions::checkFromToIndex@11
                      ; - java.lang.String::checkBoundsBeginEnd@6
                      ; - java.lang.String::substring@8
                      ; - java.net.URLClassLoader::defineClass@28
                      ; - java.net.URLClassLoader$1::run@43
  0x000001f012762bfc: 0017 32fe 

  0x000001f012762c00: ;   {other}
  0x000001f012762c00: 0f1f 8400 | 7051 0061 | 488b fb49 | 8bd7 c5f8 | 7749 ba00 | 2aa2 ceff | 7f00 0041 

  0x000001f012762c1c: ;   {other}
  0x000001f012762c1c: ffd2 0f1f | 8400 0000 | 0000 488b | dfe9 dcbf | ffff 4d63 | f2e9 dfbd | ffff 4983 | c2fe 498b 
  0x000001f012762c3c: ca48 8bfa | 4833 c048 | 83f9 087f | 1048 ffc9 | 784f 4889 | 04cf 48ff | c97d f7eb | 44c5 fdef 
  0x000001f012762c5c: c0e9 0d00 | 0000 c5fe | 7f07 c5fe | 7f47 2048 | 83c7 4048 | 83e9 087d | ed48 83c1 | 047c 0cc5 
  0x000001f012762c7c: fe7f 0748 | 83c7 2048 | 83e9 0448 | 83c1 047e | 1048 ffc9 | c5f9 d607 | 4883 c708 | 48ff c97d 
  0x000001f012762c9c: f3e9 88be | ffff bacc | ffff ff48 | 8b6c 2450 | 4889 7424 | 284c 8b5c | 2438 4c89 | 5c24 3044 
  0x000001f012762cbc: 8944 2438 | 8944 243c | 4489 5424 | 4448 895c | 2458 6690 

  0x000001f012762cd0: ;   {runtime_call UncommonTrapBlob}
  0x000001f012762cd0: c5f8 77e8 

  0x000001f012762cd4: ; ImmutableOopMap {rbp=Oop [40]=Oop [56]=NarrowOop [60]=NarrowOop [88]=Oop [148]=NarrowOop [152]=NarrowOop }
                      ;*newarray {reexecute=1 rethrow=0 return_oop=0}
                      ; - (reexecute) java.util.Arrays::copyOfRangeByte@10
                      ; - java.util.Arrays::copyOfRange@13
                      ; - java.lang.StringLatin1::newString@16
                      ; - java.lang.String::substring@41
                      ; - java.net.URLClassLoader::defineClass@28
                      ; - java.net.URLClassLoader$1::run@43
  0x000001f012762cd4: 2816 32fe 

  0x000001f012762cd8: ;   {other}
  0x000001f012762cd8: 0f1f 8400 | 4852 0062 | baf6 ffff | ff48 8b6c | 2450 4c8b | 5424 584c | 8954 2420 | 4c8b 5424 
  0x000001f012762cf8: 404c 8954 | 2428 4c8b | 5424 384c | 8954 2430 | 4c89 4c24 | 5066 6690 

  0x000001f012762d10: ;   {runtime_call UncommonTrapBlob}
  0x000001f012762d10: c5f8 77e8 

  0x000001f012762d14: ; ImmutableOopMap {rbp=Oop [32]=Oop [40]=Oop [80]=Oop [96]=Oop [104]=NarrowOop [148]=NarrowOop [152]=NarrowOop }
                      ;*invokevirtual get {reexecute=0 rethrow=0 return_oop=0}
                      ; - java.lang.ClassLoader::definePackage@47
                      ; - java.lang.ClassLoader::getDefinedPackage@32
                      ; - java.net.URLClassLoader::getAndVerifyPackage@2
                      ; - java.net.URLClassLoader::defineClass@46
                      ; - java.net.URLClassLoader$1::run@43
  0x000001f012762d14: e815 32fe 

  0x000001f012762d18: ;   {other}
  0x000001f012762d18: 0f1f 8400 | 8852 0063 | 4c63 d5e9 | baca ffff | ba76 ffff | ff48 8b6c | 2450 4c8b | 5424 584c 
  0x000001f012762d38: 8954 2420 | 4c8b 5424 | 404c 8954 | 2428 4c8b | 5424 384c | 8954 2430 | 448b 5c24 | 6844 895c 
  0x000001f012762d58: 2438 4c8b | 5424 704c | 8954 2448 | 4c8b 5424 | 604c 8954 | 2458 4c89 | 4c24 7089 | 4c24 3c89 
  0x000001f012762d78: 5c24 7c90 

  0x000001f012762d7c: ;   {runtime_call UncommonTrapBlob}
  0x000001f012762d7c: c5f8 77e8 

  0x000001f012762d80: ; ImmutableOopMap {rbp=Oop [32]=Oop [40]=Oop [56]=NarrowOop [60]=NarrowOop [72]=Oop [88]=Oop [112]=Oop [148]=NarrowOop [152]=NarrowOop [156]=NarrowOop }
                      ;*if_icmpge {reexecute=1 rethrow=0 return_oop=0}
                      ; - (reexecute) java.lang.StringLatin1::replace@19
                      ; - java.lang.String::replace@18
                      ; - java.net.URLClassLoader::isSealed@9
                      ; - java.net.URLClassLoader::getAndVerifyPackage@68
                      ; - java.net.URLClassLoader::defineClass@46
                      ; - java.net.URLClassLoader$1::run@43
  0x000001f012762d80: 7c15 32fe 

  0x000001f012762d84: ;   {other}
  0x000001f012762d84: 0f1f 8400 | f452 0064 | ba45 ffff | ff48 8b6c | 2450 4c8b | 5424 584c | 8954 2420 | 4c8b 5424 
  0x000001f012762da4: 404c 8954 | 2428 4c8b | 5424 384c | 8954 2430 | 448b 5c24 | 684c 8b54 | 2460 4c89 | 4c24 504c 
  0x000001f012762dc4: 8954 2458 | 4489 5c24 | 3c4c 894c | 2460 448b | 9c24 9400 | 0000 4489 | 5c24 7045 | 8bd3 4489 
  0x000001f012762de4: 5424 7490 

  0x000001f012762de8: ;   {runtime_call UncommonTrapBlob}
  0x000001f012762de8: c5f8 77e8 

  0x000001f012762dec: ; ImmutableOopMap {rbp=Oop [32]=Oop [40]=Oop [60]=NarrowOop [80]=Oop [88]=Oop [96]=Oop [112]=NarrowOop [116]=NarrowOop [128]=NarrowOop [152]=NarrowOop }
                      ;*ifeq {reexecute=1 rethrow=0 return_oop=0}
                      ; - (reexecute) java.lang.ClassLoader::definePackage@4
                      ; - java.lang.ClassLoader::getDefinedPackage@32
                      ; - java.net.URLClassLoader::getAndVerifyPackage@2
                      ; - java.net.URLClassLoader::defineClass@46
                      ; - java.net.URLClassLoader$1::run@43
  0x000001f012762dec: 1015 32fe 

  0x000001f012762df0: ;   {other}
  0x000001f012762df0: 0f1f 8400 | 6053 0065 | bade ffff | ff48 8b6c | 2450 488b | 4c24 5848 | 894c 2420 | 488b 4c24 
  0x000001f012762e10: 4048 894c | 2428 488b | 4c24 3848 | 894c 2430 | 8b4c 2468 | 894c 2438 | 4c89 4c24 | 504c 8954 
  0x000001f012762e30: 2458 4c89 | 5c24 604c | 895c 2468 | 4489 4424 | 7448 8944 | 2478 6690 

  0x000001f012762e48: ;   {runtime_call UncommonTrapBlob}
  0x000001f012762e48: c5f8 77e8 

  0x000001f012762e4c: ; ImmutableOopMap {rbp=Oop [32]=Oop [40]=Oop [56]=NarrowOop [80]=Oop [88]=Oop [96]=Oop [104]=Oop [116]=NarrowOop [120]=Oop [148]=NarrowOop [152]=NarrowOop }
                      ;*invokeinterface getTrustedAttributes {reexecute=0 rethrow=0 return_oop=0}
                      ; - java.net.URLClassLoader::isSealed@18
                      ; - java.net.URLClassLoader::getAndVerifyPackage@68
                      ; - java.net.URLClassLoader::defineClass@46
                      ; - java.net.URLClassLoader$1::run@43
  0x000001f012762e4c: b014 32fe 

  0x000001f012762e50: ;   {other}
  0x000001f012762e50: 0f1f 8400 | c053 0066 | bade ffff | ff4c 8b44 | 2450 4c89 | 4424 204c | 8b44 2458 | 4c89 4424 
  0x000001f012762e70: 284c 8b44 | 2440 4c89 | 4424 308b | 4c24 6889 | 4c24 404c | 894c 2458 | 4c89 5424 | 604c 895c 
  0x000001f012762e90: 2468 4c89 | 5c24 7048 | 8984 2488 | 0000 0090 

  0x000001f012762ea0: ;   {runtime_call UncommonTrapBlob}
  0x000001f012762ea0: c5f8 77e8 

  0x000001f012762ea4: ; ImmutableOopMap {rbp=NarrowOop [32]=Oop [40]=Oop [48]=Oop [64]=NarrowOop [88]=Oop [96]=Oop [104]=Oop [112]=Oop [136]=Oop [148]=NarrowOop [152]=NarrowOop }
                      ;*invokeinterface get {reexecute=0 rethrow=0 return_oop=0}
                      ; - java.util.jar.Manifest::getAttributes@5
                      ; - java.util.jar.Manifest::getTrustedAttributes@2
                      ; - java.util.jar.JavaUtilJarAccessImpl::getTrustedAttributes@2
                      ; - java.net.URLClassLoader::isSealed@18
                      ; - java.net.URLClassLoader::getAndVerifyPackage@68
                      ; - java.net.URLClassLoader::defineClass@46
                      ; - java.net.URLClassLoader$1::run@43
  0x000001f012762ea4: 5814 32fe 

  0x000001f012762ea8: ;   {other}
  0x000001f012762ea8: 0f1f 8400 | 1854 0067 | bade ffff | ff4c 8b44 | 2450 4c89 | 4424 204c | 8b44 2458 | 4c89 4424 
  0x000001f012762ec8: 284c 8b44 | 2440 4c89 | 4424 3044 | 8b44 2468 | 4489 4424 | 404c 895c | 2450 4c89 | 4c24 584c 
  0x000001f012762ee8: 8954 2460 

  0x000001f012762eec: ;   {runtime_call UncommonTrapBlob}
  0x000001f012762eec: c5f8 77e8 

  0x000001f012762ef0: ; ImmutableOopMap {rbp=NarrowOop [32]=Oop [40]=Oop [48]=Oop [64]=NarrowOop [80]=Oop [88]=Oop [96]=Oop [148]=NarrowOop [152]=NarrowOop }
                      ;*invokeinterface get {reexecute=0 rethrow=0 return_oop=0}
                      ; - java.util.jar.Attributes::get@5
                      ; - java.util.jar.Attributes::getValue@2
                      ; - java.net.URLClassLoader::isSealed@58
                      ; - java.net.URLClassLoader::getAndVerifyPackage@68
                      ; - java.net.URLClassLoader::defineClass@46
                      ; - java.net.URLClassLoader$1::run@43
  0x000001f012762ef0: 0c14 32fe 

  0x000001f012762ef4: ;   {other}
  0x000001f012762ef4: 0f1f 8400 | 6454 0068 | bacc ffff | ff48 8b6c | 2450 4c8b | 5424 584c | 8954 2420 | 4c8b 5424 
  0x000001f012762f14: 404c 8954 | 2428 4c8b | 5424 384c | 8954 2430 | 448b 5424 | 6844 8954 | 2438 4c8b | 5424 604c 
  0x000001f012762f34: 8954 2440 | 4c8b 5424 | 704c 8954 | 2448 4c8b | 5424 784c | 8954 2458 | 448b 9424 | 9800 0000 
  0x000001f012762f54: 4489 5424 | 7044 8b9c | 2480 0000 | 0044 895c | 2474 4c89 | 8424 9800 | 0000 6690 

  0x000001f012762f70: ;   {runtime_call UncommonTrapBlob}
  0x000001f012762f70: c5f8 77e8 

  0x000001f012762f74: ; ImmutableOopMap {rbp=Oop [32]=Oop [40]=Oop [56]=NarrowOop [64]=Oop [72]=Oop [88]=Oop [112]=NarrowOop [116]=NarrowOop [148]=NarrowOop [152]=Oop [168]=Oop }
                      ;*invokestatic arraycopy {reexecute=0 rethrow=0 return_oop=0}
                      ; - java.lang.String::getBytes@22
                      ; - java.lang.StringConcatHelper::prepend@21
                      ; - java.lang.StringConcatHelper::simpleConcat@71
                      ; - java.lang.String::concat@11
                      ; - java.net.URLClassLoader::isSealed@15
                      ; - java.net.URLClassLoader::getAndVerifyPackage@68
                      ; - java.net.URLClassLoader::defineClass@46
                      ; - java.net.URLClassLoader$1::run@43
  0x000001f012762f74: 8813 32fe 

  0x000001f012762f78: ;   {other}
  0x000001f012762f78: 0f1f 8400 | e854 0069 | bacc ffff | ff48 8b6c | 2450 4c8b | 5424 584c | 8954 2420 | 4c8b 5424 
  0x000001f012762f98: 404c 8954 | 2428 4c8b | 5424 384c | 8954 2430 | 448b 5424 | 6844 8954 | 2438 4c8b | 5424 604c 
  0x000001f012762fb8: 8954 2440 | 4c8b 5424 | 704c 8954 | 2448 4c8b | 5424 784c | 8954 2458 | 448b 9424 | 9400 0000 
  0x000001f012762fd8: 4489 5424 | 3c44 8b84 | 2480 0000 | 0044 8944 | 247c 4c89 | 9c24 9000 | 0000 6690 

  0x000001f012762ff4: ;   {runtime_call UncommonTrapBlob}
  0x000001f012762ff4: c5f8 77e8 

  0x000001f012762ff8: ; ImmutableOopMap {rbp=Oop [32]=Oop [40]=Oop [56]=NarrowOop [60]=NarrowOop [64]=Oop [72]=Oop [88]=Oop [124]=NarrowOop [144]=Oop [152]=NarrowOop [160]=Oop }
                      ;*invokestatic arraycopy {reexecute=0 rethrow=0 return_oop=0}
                      ; - java.lang.String::getBytes@22
                      ; - java.lang.StringConcatHelper::prepend@21
                      ; - java.lang.StringConcatHelper::simpleConcat@81
                      ; - java.lang.String::concat@11
                      ; - java.net.URLClassLoader::isSealed@15
                      ; - java.net.URLClassLoader::getAndVerifyPackage@68
                      ; - java.net.URLClassLoader::defineClass@46
                      ; - java.net.URLClassLoader$1::run@43
  0x000001f012762ff8: 0413 32fe 

  0x000001f012762ffc: ;   {other}
  0x000001f012762ffc: 0f1f 8400 | 6c55 006a | ba76 ffff | ff4c 8b54 | 2450 4c89 | 5424 204c | 8b54 2458 | 4c89 5424 
  0x000001f01276301c: 284c 8b54 | 2440 4c89 | 5424 3044 | 8b54 2468 | 4489 5424 | 404c 8b54 | 2478 4c89 | 5424 484c 
  0x000001f01276303c: 8b54 2470 | 4c89 5424 | 5089 4c24 | 4466 6690 

  0x000001f01276304c: ;   {runtime_call UncommonTrapBlob}
  0x000001f01276304c: c5f8 77e8 

  0x000001f012763050: ; ImmutableOopMap {[32]=Oop [40]=Oop [48]=Oop [64]=NarrowOop [68]=NarrowOop [72]=Oop [80]=Oop [96]=Oop [148]=NarrowOop [152]=NarrowOop [156]=NarrowOop [168]=Oop }
                      ;*if_icmpge {reexecute=1 rethrow=0 return_oop=0}
                      ; - (reexecute) java.lang.StringLatin1::replace@82
                      ; - java.lang.String::replace@18
                      ; - java.net.URLClassLoader::isSealed@9
                      ; - java.net.URLClassLoader::getAndVerifyPackage@68
                      ; - java.net.URLClassLoader::defineClass@46
                      ; - java.net.URLClassLoader$1::run@43
  0x000001f012763050: ac12 32fe 

  0x000001f012763054: ;   {other}
  0x000001f012763054: 0f1f 8400 | c455 006b | baf6 ffff | ff48 8b6c | 2450 4c8b | 5424 584c | 8954 2420 | 4c8b 5424 
  0x000001f012763074: 404c 8954 | 2428 4c8b | 5424 384c | 8954 2430 | 4c8b 5424 | 604c 8954 | 2448 4c89 | 4424 5089 
  0x000001f012763094: 4c24 3c4c | 894c 2460 

  0x000001f01276309c: ;   {runtime_call UncommonTrapBlob}
  0x000001f01276309c: c5f8 77e8 

  0x000001f0127630a0: ; ImmutableOopMap {rbp=Oop [32]=Oop [40]=Oop [60]=NarrowOop [72]=Oop [80]=Oop [96]=Oop [104]=NarrowOop [152]=NarrowOop }
                      ;*invokevirtual compute {reexecute=0 rethrow=0 return_oop=0}
                      ; - java.lang.ClassLoader::definePackage@78
                      ; - java.lang.ClassLoader::getDefinedPackage@32
                      ; - java.net.URLClassLoader::getAndVerifyPackage@2
                      ; - java.net.URLClassLoader::defineClass@46
                      ; - java.net.URLClassLoader$1::run@43
  0x000001f0127630a0: 5c12 32fe 

  0x000001f0127630a4: ;   {other}
  0x000001f0127630a4: 0f1f 8400 | 1456 006c | 33ed 4585 | db40 0f95 | c5ba 45ff | ffff 4c8b | 5c24 504c | 895c 2420 
  0x000001f0127630c4: 4c8b 5c24 | 584c 895c | 2428 4c8b | 5c24 404c | 895c 2430 | 448b 4424 | 684c 8b5c | 2470 4c89 
  0x000001f0127630e4: 5c24 5844 | 8944 2444 | 4c89 5424 | 6866 6690 

  0x000001f0127630f4: ;   {runtime_call UncommonTrapBlob}
  0x000001f0127630f4: c5f8 77e8 

  0x000001f0127630f8: ; ImmutableOopMap {[32]=Oop [40]=Oop [48]=Oop [68]=NarrowOop [88]=Oop [96]=Oop [104]=Oop [148]=NarrowOop [152]=NarrowOop }
                      ;*ifne {reexecute=1 rethrow=0 return_oop=0}
                      ; - (reexecute) java.lang.Package::isSealed@7
                      ; - java.net.URLClassLoader::getAndVerifyPackage@14
                      ; - java.net.URLClassLoader::defineClass@46
                      ; - java.net.URLClassLoader$1::run@43
  0x000001f0127630f8: 0412 32fe 

  0x000001f0127630fc: ;   {other}
  0x000001f0127630fc: 0f1f 8400 | 6c56 006d | 33ed 85db | 400f 94c5 | ba45 ffff | ff48 8b4c | 2450 4889 | 4c24 2048 
  0x000001f01276311c: 8b4c 2458 | 4889 4c24 | 2848 8b4c | 2440 4889 | 4c24 308b | 5c24 6889 | 5c24 4048 | ff74 2470 
  0x000001f01276313c: 488f 4424 | 584c 8954 | 2460 4c89 | 5c24 684c | 895c 2470 | 4c89 4c24 | 7844 8984 | 2484 0000 
  0x000001f01276315c: 0066 6690 

  0x000001f012763160: ;   {runtime_call UncommonTrapBlob}
  0x000001f012763160: c5f8 77e8 

  0x000001f012763164: ; ImmutableOopMap {[32]=Oop [40]=Oop [48]=Oop [64]=NarrowOop [88]=Oop [96]=Oop [104]=Oop [112]=Oop [120]=Oop [132]=NarrowOop [148]=NarrowOop [152]=NarrowOop }
                      ;*ifeq {reexecute=1 rethrow=0 return_oop=0}
                      ; - (reexecute) java.lang.String::replace@9
                      ; - java.net.URLClassLoader::isSealed@9
                      ; - java.net.URLClassLoader::getAndVerifyPackage@68
                      ; - java.net.URLClassLoader::defineClass@46
                      ; - java.net.URLClassLoader$1::run@43
  0x000001f012763164: 9811 32fe 

  0x000001f012763168: ;   {other}
  0x000001f012763168: 0f1f 8400 | d856 006e | ba45 ffff | ff48 8b6c | 2450 488b | 5c24 5848 | 895c 2420 | 488b 5c24 
  0x000001f012763188: 4048 895c | 2428 488b | 5c24 3848 | 895c 2430 | 8b5c 2468 | 895c 2438 | 4c89 4c24 | 504c 8954 
  0x000001f0127631a8: 2458 4c89 | 5c24 604c | 895c 2468 | 4489 4424 | 7448 8944 | 2478 898c | 2480 0000 | 0066 6690 
  0x000001f0127631c8: ;   {runtime_call UncommonTrapBlob}
  0x000001f0127631c8: c5f8 77e8 

  0x000001f0127631cc: ; ImmutableOopMap {rbp=Oop [32]=Oop [40]=Oop [56]=NarrowOop [80]=Oop [88]=Oop [96]=Oop [104]=Oop [116]=NarrowOop [120]=Oop [148]=NarrowOop [152]=NarrowOop }
                      ;*iflt {reexecute=1 rethrow=0 return_oop=0}
                      ; - (reexecute) java.lang.StringConcatHelper::checkOverflow@2
                      ; - java.lang.StringConcatHelper::mix@23
                      ; - java.lang.StringConcatHelper::simpleConcat@46
                      ; - java.lang.String::concat@11
                      ; - java.net.URLClassLoader::isSealed@15
                      ; - java.net.URLClassLoader::getAndVerifyPackage@68
                      ; - java.net.URLClassLoader::defineClass@46
                      ; - java.net.URLClassLoader$1::run@43
  0x000001f0127631cc: 3011 32fe 

  0x000001f0127631d0: ;   {other}
  0x000001f0127631d0: 0f1f 8400 | 4057 006f | ba45 ffff | ff4c 8b54 | 2450 4c89 | 5424 204c | 8b54 2458 | 4c89 5424 
  0x000001f0127631f0: 284c 8b54 | 2440 4c89 | 5424 3044 | 8b54 2468 | 4489 5424 | 404c 8b54 | 2460 4c89 | 5424 484c 
  0x000001f012763210: 8b54 2478 | 4c89 5424 | 604c 895c | 2468 4489 | 4424 7c90 

  0x000001f012763224: ;   {runtime_call UncommonTrapBlob}
  0x000001f012763224: c5f8 77e8 

  0x000001f012763228: ; ImmutableOopMap {[32]=Oop [40]=Oop [48]=Oop [64]=NarrowOop [72]=Oop [96]=Oop [104]=Oop [112]=Oop [124]=NarrowOop [148]=NarrowOop [152]=NarrowOop [168]=Oop }
                      ;*iflt {reexecute=1 rethrow=0 return_oop=0}
                      ; - (reexecute) java.lang.StringConcatHelper::checkOverflow@2
                      ; - java.lang.StringConcatHelper::mix@23
                      ; - java.lang.StringConcatHelper::simpleConcat@54
                      ; - java.lang.String::concat@11
                      ; - java.net.URLClassLoader::isSealed@15
                      ; - java.net.URLClassLoader::getAndVerifyPackage@68
                      ; - java.net.URLClassLoader::defineClass@46
                      ; - java.net.URLClassLoader$1::run@43
  0x000001f012763228: d410 32fe 

  0x000001f01276322c: ;   {other}
  0x000001f01276322c: 0f1f 8400 | 9c57 0070 | 8954 2478 | 4489 4424 | 6c4c 8954 | 2470 4c89 | 5c24 604c | 894c 2448 
  0x000001f01276324c: ;   {metadata('java/lang/String')}
  0x000001f01276324c: 48ba 9020 | 0400 0100 | 0000 488b | ef66 6690 

  0x000001f01276325c: ;   {runtime_call _new_instance_Java}
  0x000001f01276325c: c5f8 77e8 

  0x000001f012763260: ; ImmutableOopMap {rbp=Oop [32]=Oop [40]=Oop [48]=Oop [64]=Oop [72]=Oop [80]=Oop [88]=Oop [96]=Oop [104]=NarrowOop [108]=NarrowOop [112]=Oop [148]=NarrowOop [152]=NarrowOop }
                      ;*new {reexecute=0 rethrow=0 return_oop=1}
                      ; - java.lang.StringConcatHelper::simpleConcat@17
                      ; - java.lang.String::concat@11
                      ; - java.net.URLClassLoader::isSealed@15
                      ; - java.net.URLClassLoader::getAndVerifyPackage@68
                      ; - java.net.URLClassLoader::defineClass@46
                      ; - java.net.URLClassLoader$1::run@43
  0x000001f012763260: 1cfd 3dfe 

  0x000001f012763264: ;   {other}
  0x000001f012763264: 0f1f 8400 | d457 0071 | 4c8b 4c24 | 484c 8b5c | 2460 4c8b | 5424 7044 | 8b44 246c | 8b54 2478 
  0x000001f012763284: e99b d7ff | ffba 45ff | ffff 488b | 6c24 504c | 8b54 2458 | 4c89 5424 | 204c 8b54 | 2440 4c89 
  0x000001f0127632a4: 5424 284c | 8b54 2438 | 4c89 5424 | 3044 8b5c | 2468 4c8b | 5424 604c | 8944 2450 | 4c89 5424 
  0x000001f0127632c4: 5844 895c | 243c 4c89 | 4424 6044 | 8b94 2494 | 0000 0044 | 8954 2470 | 4489 5424 | 7444 894c 
  0x000001f0127632e4: 247c 6690 

  0x000001f0127632e8: ;   {runtime_call UncommonTrapBlob}
  0x000001f0127632e8: c5f8 77e8 

  0x000001f0127632ec: ; ImmutableOopMap {rbp=Oop [32]=Oop [40]=Oop [60]=NarrowOop [80]=Oop [88]=Oop [96]=Oop [112]=NarrowOop [116]=NarrowOop [128]=NarrowOop [152]=NarrowOop }
                      ;*ifle {reexecute=1 rethrow=0 return_oop=0}
                      ; - (reexecute) java.util.concurrent.ConcurrentHashMap::get@23
                      ; - java.lang.ClassLoader::definePackage@47
                      ; - java.lang.ClassLoader::getDefinedPackage@32
                      ; - java.net.URLClassLoader::getAndVerifyPackage@2
                      ; - java.net.URLClassLoader::defineClass@46
                      ; - java.net.URLClassLoader$1::run@43
  0x000001f0127632ec: 1010 32fe 

  0x000001f0127632f0: ;   {other}
  0x000001f0127632f0: 0f1f 8400 | 6058 0072 | ba76 ffff | ff4c 8b54 | 2450 4c89 | 5424 204c | 8b54 2458 | 4c89 5424 
  0x000001f012763310: 284c 8b54 | 2440 4c89 | 5424 3044 | 8b5c 2468 | 4489 5c24 | 404c 8b54 | 2478 4c89 | 5424 484c 
  0x000001f012763330: 8b54 2470 | 4c89 5424 | 5089 4c24 | 4444 8b9c | 2494 0000 | 0044 899c | 2490 0000 | 0044 8b9c 
  0x000001f012763350: 2498 0000 | 0044 899c | 2494 0000 | 0066 6690 

  0x000001f012763360: ;   {runtime_call UncommonTrapBlob}
  0x000001f012763360: c5f8 77e8 

  0x000001f012763364: ; ImmutableOopMap {[32]=Oop [40]=Oop [48]=Oop [64]=NarrowOop [68]=NarrowOop [72]=Oop [80]=Oop [96]=Oop [144]=NarrowOop [148]=NarrowOop [156]=NarrowOop [168]=Oop }
                      ;*if_icmpge {reexecute=1 rethrow=0 return_oop=0}
                      ; - (reexecute) java.lang.StringLatin1::replace@61
                      ; - java.lang.String::replace@18
                      ; - java.net.URLClassLoader::isSealed@9
                      ; - java.net.URLClassLoader::getAndVerifyPackage@68
                      ; - java.net.URLClassLoader::defineClass@46
                      ; - java.net.URLClassLoader$1::run@43
  0x000001f012763364: 980f 32fe 

  0x000001f012763368: ;   {other}
  0x000001f012763368: 0f1f 8400 | d858 0073 | ba01 0000 | 00e9 94cc | ffff ba45 | ffff ff4c | 8b5c 2450 | 4c89 5c24 
  0x000001f012763388: 204c 8b5c | 2458 4c89 | 5c24 284c | 8b5c 2440 | 4c89 5c24 | 3044 8b44 | 2468 4c8b | 5c24 704c 
  0x000001f0127633a8: 895c 2458 | 4489 4424 | 444c 8954 | 2468 6690 

  0x000001f0127633b8: ;   {runtime_call UncommonTrapBlob}
  0x000001f0127633b8: c5f8 77e8 

  0x000001f0127633bc: ; ImmutableOopMap {rbp=NarrowOop [32]=Oop [40]=Oop [48]=Oop [68]=NarrowOop [88]=Oop [96]=Oop [104]=Oop [148]=NarrowOop [152]=NarrowOop }
                      ;*ifnull {reexecute=1 rethrow=0 return_oop=0}
                      ; - (reexecute) java.lang.Package::isSealed@17
                      ; - java.net.URLClassLoader::getAndVerifyPackage@14
                      ; - java.net.URLClassLoader::defineClass@46
                      ; - java.net.URLClassLoader$1::run@43
  0x000001f0127633bc: 400f 32fe 

  0x000001f0127633c0: ;   {other}
  0x000001f0127633c0: 0f1f 8400 | 3059 0074 | ba45 ffff | ff48 8b6c | 2450 4c8b | 4424 584c | 8944 2420 | 4c8b 4424 
  0x000001f0127633e0: 404c 8944 | 2428 4c8b | 4424 384c | 8944 2430 | 448b 4424 | 6844 8944 | 2438 4c89 | 5c24 504c 
  0x000001f012763400: 8954 2458 

  0x000001f012763404: ;   {runtime_call UncommonTrapBlob}
  0x000001f012763404: c5f8 77e8 

  0x000001f012763408: ; ImmutableOopMap {rbp=Oop [32]=Oop [40]=Oop [56]=NarrowOop [80]=Oop [88]=Oop [96]=Oop [112]=Oop [148]=NarrowOop [152]=NarrowOop }
                      ;*ifnull {reexecute=1 rethrow=0 return_oop=0}
                      ; - (reexecute) java.net.URLClassLoader::getAndVerifyPackage@62
                      ; - java.net.URLClassLoader::defineClass@46
                      ; - java.net.URLClassLoader$1::run@43
  0x000001f012763408: f40e 32fe 

  0x000001f01276340c: ;   {other}
  0x000001f01276340c: 0f1f 8400 | 7c59 0075 | ba45 ffff | ff48 8b4c | 2450 4889 | 4c24 2048 | 8b4c 2458 | 4889 4c24 
  0x000001f01276342c: 2848 8b4c | 2440 4889 | 4c24 308b | 4c24 6889 | 4c24 404c | 894c 2458 | 4c89 5424 | 604c 895c 
  0x000001f01276344c: 2468 4c89 | 5c24 7044 | 8944 247c | 4889 8424 | 8000 0000 | 89b4 2488 | 0000 0090 

  0x000001f012763468: ;   {runtime_call UncommonTrapBlob}
  0x000001f012763468: c5f8 77e8 

  0x000001f01276346c: ; ImmutableOopMap {[32]=Oop [40]=Oop [48]=Oop [64]=NarrowOop [88]=Oop [96]=Oop [104]=Oop [112]=Oop [124]=NarrowOop [128]=Oop [148]=NarrowOop [152]=NarrowOop }
                      ;*if_icmpne {reexecute=1 rethrow=0 return_oop=0}
                      ; - (reexecute) java.lang.StringConcatHelper::mix@13
                      ; - java.lang.StringConcatHelper::simpleConcat@46
                      ; - java.lang.String::concat@11
                      ; - java.net.URLClassLoader::isSealed@15
                      ; - java.net.URLClassLoader::getAndVerifyPackage@68
                      ; - java.net.URLClassLoader::defineClass@46
                      ; - java.net.URLClassLoader$1::run@43
  0x000001f01276346c: 900e 32fe 

  0x000001f012763470: ;   {other}
  0x000001f012763470: 0f1f 8400 | e059 0076 | ba45 ffff | ff48 8b6c | 2450 4c8b | 5424 584c | 8954 2420 | 4c8b 5424 
  0x000001f012763490: 404c 8954 | 2428 4c8b | 5424 384c | 8954 2430 | 448b 5c24 | 6844 895c | 2438 4c8b | 5424 604c 
  0x000001f0127634b0: 8954 2440 | 4c8b 5424 | 704c 8954 | 2448 4c8b | 5424 784c | 8954 2458 | 4489 4424 | 744c 898c 
  0x000001f0127634d0: 2480 0000 | 0066 6690 

  0x000001f0127634d8: ;   {runtime_call UncommonTrapBlob}
  0x000001f0127634d8: c5f8 77e8 

  0x000001f0127634dc: ; ImmutableOopMap {rbp=Oop [32]=Oop [40]=Oop [56]=NarrowOop [64]=Oop [72]=Oop [88]=Oop [116]=NarrowOop [148]=NarrowOop [152]=NarrowOop [168]=Oop }
                      ;*ifge {reexecute=1 rethrow=0 return_oop=0}
                      ; - (reexecute) java.lang.StringConcatHelper::newArray@13
                      ; - java.lang.StringConcatHelper::simpleConcat@61
                      ; - java.lang.String::concat@11
                      ; - java.net.URLClassLoader::isSealed@15
                      ; - java.net.URLClassLoader::getAndVerifyPackage@68
                      ; - java.net.URLClassLoader::defineClass@46
                      ; - java.net.URLClassLoader$1::run@43
  0x000001f0127634dc: 200e 32fe 

  0x000001f0127634e0: ;   {other}
  0x000001f0127634e0: 0f1f 8400 | 505a 0077 | ba45 ffff | ff48 8b6c | 2450 4c8b | 4424 584c | 8944 2420 | 4c8b 4424 
  0x000001f012763500: 404c 8944 | 2428 4c8b | 4424 384c | 8944 2430 | 448b 4424 | 6844 8944 | 2438 4c89 | 4c24 504c 
  0x000001f012763520: 8954 2458 | 4c89 5c24 | 604c 895c | 2468 4889 | 4424 7889 | 4c24 7490 

  0x000001f012763538: ;   {runtime_call UncommonTrapBlob}
  0x000001f012763538: c5f8 77e8 

  0x000001f01276353c: ; ImmutableOopMap {rbp=Oop [32]=Oop [40]=Oop [56]=NarrowOop [80]=Oop [88]=Oop [96]=Oop [104]=Oop [120]=Oop [148]=NarrowOop [152]=NarrowOop }
                      ;*ifle {reexecute=1 rethrow=0 return_oop=0}
                      ; - (reexecute) java.util.HashMap::getNode@14
                      ; - java.util.HashMap::get@2
                      ; - java.util.jar.Manifest::getAttributes@5
                      ; - java.util.jar.Manifest::getTrustedAttributes@2
                      ; - java.util.jar.JavaUtilJarAccessImpl::getTrustedAttributes@2
                      ; - java.net.URLClassLoader::isSealed@18
                      ; - java.net.URLClassLoader::getAndVerifyPackage@68
                      ; - java.net.URLClassLoader::defineClass@46
                      ; - java.net.URLClassLoader$1::run@43
  0x000001f01276353c: c00d 32fe 

  0x000001f012763540: ;   {other}
  0x000001f012763540: 0f1f 8400 | b05a 0078 | ba45 ffff | ff4c 8b44 | 2450 4c89 | 4424 204c | 8b44 2458 | 4c89 4424 
  0x000001f012763560: 284c 8b44 | 2440 4c89 | 4424 3044 | 8b44 2468 | 4489 4424 | 404c 895c | 2450 4c89 | 4c24 584c 
  0x000001f012763580: 8954 2460 | 4889 5c24 | 7066 6690 

  0x000001f01276358c: ;   {runtime_call UncommonTrapBlob}
  0x000001f01276358c: c5f8 77e8 

  0x000001f012763590: ; ImmutableOopMap {[32]=Oop [40]=Oop [48]=Oop [64]=NarrowOop [80]=Oop [88]=Oop [96]=Oop [112]=Oop [148]=NarrowOop [152]=NarrowOop }
                      ;*ifle {reexecute=1 rethrow=0 return_oop=0}
                      ; - (reexecute) java.util.HashMap::getNode@14
                      ; - java.util.LinkedHashMap::get@2
                      ; - java.util.jar.Attributes::get@5
                      ; - java.util.jar.Attributes::getValue@2
                      ; - java.net.URLClassLoader::isSealed@58
                      ; - java.net.URLClassLoader::getAndVerifyPackage@68
                      ; - java.net.URLClassLoader::defineClass@46
                      ; - java.net.URLClassLoader$1::run@43
  0x000001f012763590: 6c0d 32fe 

  0x000001f012763594: ;   {other}
  0x000001f012763594: 0f1f 8400 | 045b 0079 | ba3f 0000 | 0048 8b6c | 2450 4c8b | 5424 584c | 8954 2420 | 4c8b 5424 
  0x000001f0127635b4: 404c 8954 | 2428 4c8b | 5424 384c | 8954 2430 | 448b 5424 | 6844 8954 | 2438 4c8b | 5424 604c 
  0x000001f0127635d4: 8954 2440 | 4c8b 5424 | 704c 8954 | 2448 6690 

  0x000001f0127635e4: ;   {runtime_call UncommonTrapBlob}
  0x000001f0127635e4: c5f8 77e8 

  0x000001f0127635e8: ; ImmutableOopMap {rbp=Oop [32]=Oop [40]=Oop [56]=NarrowOop [64]=Oop [72]=Oop [120]=Oop [128]=Oop [148]=NarrowOop [152]=NarrowOop }
                      ;*new {reexecute=0 rethrow=0 return_oop=0}
                      ; - java.util.jar.Manifest::getTrustedAttributes@28
                      ; - java.util.jar.JavaUtilJarAccessImpl::getTrustedAttributes@2
                      ; - java.net.URLClassLoader::isSealed@18
                      ; - java.net.URLClassLoader::getAndVerifyPackage@68
                      ; - java.net.URLClassLoader::defineClass@46
                      ; - java.net.URLClassLoader$1::run@43
  0x000001f0127635e8: 140d 32fe 

  0x000001f0127635ec: ;   {other}
  0x000001f0127635ec: 0f1f 8400 | 5c5b 007a | ba45 ffff | ff4c 8b54 | 2450 4c89 | 5424 204c | 8b54 2458 | 4c89 5424 
  0x000001f01276360c: 284c 8b54 | 2440 4c89 | 5424 3044 | 8b5c 2468 | 4c89 4c24 | 584c 896c | 2460 4489 | 5c24 444c 
  0x000001f01276362c: 894c 2468 | 4489 8424 | 8000 0000 | 4489 8424 | 8400 0000 | c5fa 118c | 2488 0000 | 0044 89b4 
  0x000001f01276364c: 248c 0000 | 0089 9c24 | 9000 0000 

  0x000001f012763658: ;   {runtime_call UncommonTrapBlob}
  0x000001f012763658: c5f8 77e8 

  0x000001f01276365c: ; ImmutableOopMap {[32]=Oop [40]=Oop [48]=Oop [68]=NarrowOop [88]=Oop [96]=Oop [104]=Oop [128]=NarrowOop [132]=NarrowOop [136]=NarrowOop [152]=NarrowOop }
                      ;*if_icmpne {reexecute=1 rethrow=0 return_oop=0}
                      ; - (reexecute) java.lang.String::equals@33
                      ; - java.util.concurrent.ConcurrentHashMap::get@73
                      ; - java.lang.ClassLoader::getDefinedPackage@13
                      ; - java.net.URLClassLoader::getAndVerifyPackage@2
                      ; - java.net.URLClassLoader::defineClass@46
                      ; - java.net.URLClassLoader$1::run@43
  0x000001f01276365c: a00c 32fe 

  0x000001f012763660: ;   {other}
  0x000001f012763660: 0f1f 8400 | d05b 007b 

  0x000001f012763668: ;   {metadata('java/io/ByteArrayInputStream')}
  0x000001f012763668: 48ba 7844 | 0500 0100 | 0000 6690 

  0x000001f012763674: ;   {runtime_call _new_instance_Java}
  0x000001f012763674: c5f8 77e8 

  0x000001f012763678: ; ImmutableOopMap {[32]=Oop [40]=Oop [48]=Oop [64]=Oop [72]=Oop [80]=Oop [88]=Oop [96]=Oop [104]=NarrowOop [108]=NarrowOop [120]=Oop [128]=NarrowOop [136]=Oop [148]=NarrowOop [152]=NarrowOop [200]=Oop }
                      ;*new {reexecute=0 rethrow=0 return_oop=1}
                      ; - java.util.jar.JarFile::getManifestFromReference@109
                      ; - java.util.jar.JarFile::getManifest@1
                      ; - jdk.internal.loader.URLClassPath$JarLoader$2::getManifest@22
                      ; - java.net.URLClassLoader::defineClass@34
                      ; - java.net.URLClassLoader$1::run@43
  0x000001f012763678: 04f9 3dfe 

  0x000001f01276367c: ;   {other}
  0x000001f01276367c: 0f1f 8400 | ec5b 007c | e93c d5ff 

  0x000001f012763688: ;   {metadata('java/util/jar/Manifest')}
  0x000001f012763688: ff48 ba10 | 4c05 0001 | 0000 0090 

  0x000001f012763694: ;   {runtime_call _new_instance_Java}
  0x000001f012763694: c5f8 77e8 

  0x000001f012763698: ; ImmutableOopMap {[32]=Oop [40]=Oop [48]=Oop [64]=Oop [72]=Oop [80]=Oop [88]=Oop [104]=NarrowOop [108]=NarrowOop [120]=Oop [148]=NarrowOop [152]=NarrowOop [200]=Oop }
                      ;*new {reexecute=0 rethrow=0 return_oop=1}
                      ; - java.util.jar.JarFile::getManifestFromReference@101
                      ; - java.util.jar.JarFile::getManifest@1
                      ; - jdk.internal.loader.URLClassPath$JarLoader$2::getManifest@22
                      ; - java.net.URLClassLoader::defineClass@34
                      ; - java.net.URLClassLoader$1::run@43
  0x000001f012763698: e4f8 3dfe 

  0x000001f01276369c: ;   {other}
  0x000001f01276369c: 0f1f 8400 | 0c5c 007d | e9b7 d4ff 

  0x000001f0127636a8: ;   {metadata('java/util/jar/Attributes')}
  0x000001f0127636a8: ff48 ba68 | 8409 0001 | 0000 0090 

  0x000001f0127636b4: ;   {runtime_call _new_instance_Java}
  0x000001f0127636b4: c5f8 77e8 

  0x000001f0127636b8: ; ImmutableOopMap {[32]=Oop [40]=Oop [48]=Oop [64]=Oop [72]=Oop [80]=Oop [88]=Oop [96]=Oop [104]=NarrowOop [108]=NarrowOop [128]=NarrowOop [136]=Oop [148]=NarrowOop [152]=NarrowOop [160]=Oop [200]=Oop }
                      ;*new {reexecute=0 rethrow=0 return_oop=1}
                      ; - java.util.jar.Manifest::<init>@5
                      ; - java.util.jar.JarFile::getManifestFromReference@121
                      ; - java.util.jar.JarFile::getManifest@1
                      ; - jdk.internal.loader.URLClassPath$JarLoader$2::getManifest@22
                      ; - java.net.URLClassLoader::defineClass@34
                      ; - java.net.URLClassLoader$1::run@43
  0x000001f0127636b8: c4f8 3dfe 

  0x000001f0127636bc: ;   {other}
  0x000001f0127636bc: 0f1f 8400 | 2c5c 007e | e96f d5ff 

  0x000001f0127636c8: ;   {metadata('java/util/HashMap')}
  0x000001f0127636c8: ff48 ba78 | dd06 0001 | 0000 0090 

  0x000001f0127636d4: ;   {runtime_call _new_instance_Java}
  0x000001f0127636d4: c5f8 77e8 

  0x000001f0127636d8: ; ImmutableOopMap {[32]=Oop [40]=Oop [48]=Oop [64]=Oop [72]=Oop [80]=Oop [88]=Oop [96]=Oop [104]=NarrowOop [108]=NarrowOop [120]=Oop [128]=NarrowOop [136]=Oop [148]=NarrowOop [152]=NarrowOop [160]=Oop [200]=Oop }
                      ;*new {reexecute=0 rethrow=0 return_oop=1}
                      ; - java.util.jar.Manifest::<init>@16
                      ; - java.util.jar.JarFile::getManifestFromReference@121
                      ; - java.util.jar.JarFile::getManifest@1
                      ; - jdk.internal.loader.URLClassPath$JarLoader$2::getManifest@22
                      ; - java.net.URLClassLoader::defineClass@34
                      ; - java.net.URLClassLoader$1::run@43
  0x000001f0127636d8: a4f8 3dfe 

  0x000001f0127636dc: ;   {other}
  0x000001f0127636dc: 0f1f 8400 | 4c5c 007f | 4c8b d0e9 | 45d6 ffff | 33ed 4585 | db40 0f94 | c5ba 45ff | ffff 4c8b 
  0x000001f0127636fc: 5c24 504c | 895c 2420 | 4c8b 5c24 | 584c 895c | 2428 4c8b | 5c24 404c | 895c 2430 | 448b 5c24 
  0x000001f01276371c: 684c 8944 | 2460 4489 | 5c24 4489 | bc24 9000 | 0000 6690 

  0x000001f012763730: ;   {runtime_call UncommonTrapBlob}
  0x000001f012763730: c5f8 77e8 

  0x000001f012763734: ; ImmutableOopMap {[32]=Oop [40]=Oop [48]=Oop [68]=NarrowOop [96]=Oop [144]=NarrowOop [148]=NarrowOop [152]=NarrowOop [200]=Oop }
                      ;*ifeq {reexecute=1 rethrow=0 return_oop=0}
                      ; - (reexecute) java.lang.String::hashCode@20
                      ; - java.util.concurrent.ConcurrentHashMap::get@1
                      ; - java.lang.ClassLoader::getDefinedPackage@13
                      ; - java.net.URLClassLoader::getAndVerifyPackage@2
                      ; - java.net.URLClassLoader::defineClass@46
                      ; - java.net.URLClassLoader$1::run@43
  0x000001f012763734: c80b 32fe 

  0x000001f012763738: ;   {other}
  0x000001f012763738: 0f1f 8400 | a85c 0080 | ba45 ffff | ff4c 8b5c | 2450 4c89 | 5c24 204c | 8b5c 2458 | 4c89 5c24 
  0x000001f012763758: 284c 8b5c | 2440 4c89 | 5c24 308b | 4c24 684c | 894c 2458 | 4c89 4424 | 6089 4c24 | 444c 894c 
  0x000001f012763778: 2468 4489 | 9424 8000 | 0000 4489 | 9424 8400 | 0000 4889 | bc24 8800 | 0000 899c | 2490 0000 
  0x000001f012763798: 0066 6690 

  0x000001f01276379c: ;   {runtime_call UncommonTrapBlob}
  0x000001f01276379c: c5f8 77e8 

  0x000001f0127637a0: ; ImmutableOopMap {rbp=NarrowOop [32]=Oop [40]=Oop [48]=Oop [68]=NarrowOop [88]=Oop [96]=Oop [104]=Oop [128]=NarrowOop [132]=NarrowOop [136]=Oop [152]=NarrowOop }
                      ;*ifnull {reexecute=1 rethrow=0 return_oop=0}
                      ; - (reexecute) java.util.concurrent.ConcurrentHashMap::get@143
                      ; - java.lang.ClassLoader::getDefinedPackage@13
                      ; - java.net.URLClassLoader::getAndVerifyPackage@2
                      ; - java.net.URLClassLoader::defineClass@46
                      ; - java.net.URLClassLoader$1::run@43
  0x000001f0127637a0: 5c0b 32fe 

  0x000001f0127637a4: ;   {other}
  0x000001f0127637a4: 0f1f 8400 | 145d 0081 | ba45 ffff | ff48 8b6c | 2450 4c8b | 5424 584c | 8954 2420 | 4c8b 5424 
  0x000001f0127637c4: 404c 8954 | 2428 4c8b | 5424 384c | 8954 2430 | 448b 5424 | 6844 8954 | 2438 4c8b | 5424 604c 
  0x000001f0127637e4: 8954 2440 | 4c8b 5424 | 704c 8954 | 2458 4889 | 4424 7090 

  0x000001f0127637f8: ;   {runtime_call UncommonTrapBlob}
  0x000001f0127637f8: c5f8 77e8 

  0x000001f0127637fc: ; ImmutableOopMap {rbp=Oop [32]=Oop [40]=Oop [56]=NarrowOop [64]=Oop [72]=Oop [88]=Oop [112]=Oop [148]=NarrowOop [152]=NarrowOop }
                      ;*ifnonnull {reexecute=1 rethrow=0 return_oop=0}
                      ; - (reexecute) java.net.URLClassLoader::isSealed@42
                      ; - java.net.URLClassLoader::getAndVerifyPackage@68
                      ; - java.net.URLClassLoader::defineClass@46
                      ; - java.net.URLClassLoader$1::run@43
  0x000001f0127637fc: 000b 32fe 

  0x000001f012763800: ;   {other}
  0x000001f012763800: 0f1f 8400 | 705d 0082 | ba45 ffff | ff4c 8b54 | 2450 4c89 | 5424 204c | 8b54 2458 | 4c89 5424 
  0x000001f012763820: 284c 8b54 | 2440 4c89 | 5424 3044 | 8b5c 2468 | 4c8b 5424 | 704c 8954 | 2448 4489 | 5c24 4444 
  0x000001f012763840: 8b94 2494 | 0000 0044 | 8994 2488 | 0000 0044 | 8994 248c | 0000 0044 | 8984 2490 | 0000 0044 
  0x000001f012763860: 898c 2494 | 0000 0090 

  0x000001f012763868: ;   {runtime_call UncommonTrapBlob}
  0x000001f012763868: c5f8 77e8 

  0x000001f01276386c: ; ImmutableOopMap {[32]=Oop [40]=Oop [48]=Oop [68]=NarrowOop [72]=Oop [96]=Oop [128]=NarrowOop [136]=NarrowOop [140]=NarrowOop [144]=NarrowOop [152]=NarrowOop }
                      ;*if_icmpne {reexecute=1 rethrow=0 return_oop=0}
                      ; - (reexecute) java.lang.String::equals@33
                      ; - java.util.concurrent.ConcurrentHashMap::get@73
                      ; - java.lang.ClassLoader::definePackage@47
                      ; - java.lang.ClassLoader::getDefinedPackage@32
                      ; - java.net.URLClassLoader::getAndVerifyPackage@2
                      ; - java.net.URLClassLoader::defineClass@46
                      ; - java.net.URLClassLoader$1::run@43
  0x000001f01276386c: 900a 32fe 

  0x000001f012763870: ;   {other}
  0x000001f012763870: 0f1f 8400 | e05d 0083 | 33ed 4585 | c040 0f94 | c5ba 45ff | ffff 4c8b | 5424 504c | 8954 2420 
  0x000001f012763890: 4c8b 5424 | 584c 8954 | 2428 4c8b | 5424 404c | 8954 2430 | 4c89 4c24 | 5844 8b54 | 2468 4489 
  0x000001f0127638b0: 5424 444c | 894c 2468 | 448b 9c24 | 9400 0000 | 4489 9c24 | 9000 0000 

  0x000001f0127638c8: ;   {runtime_call UncommonTrapBlob}
  0x000001f0127638c8: c5f8 77e8 

  0x000001f0127638cc: ; ImmutableOopMap {[32]=Oop [40]=Oop [48]=Oop [68]=NarrowOop [88]=Oop [96]=Oop [104]=Oop [128]=NarrowOop [132]=NarrowOop [144]=NarrowOop [148]=NarrowOop [152]=NarrowOop }
                      ;*ifeq {reexecute=1 rethrow=0 return_oop=0}
                      ; - (reexecute) java.lang.String::hashCode@20
                      ; - java.util.concurrent.ConcurrentHashMap::get@1
                      ; - java.lang.ClassLoader::definePackage@47
                      ; - java.lang.ClassLoader::getDefinedPackage@32
                      ; - java.net.URLClassLoader::getAndVerifyPackage@2
                      ; - java.net.URLClassLoader::defineClass@46
                      ; - java.net.URLClassLoader$1::run@43
  0x000001f0127638cc: 300a 32fe 

  0x000001f0127638d0: ;   {other}
  0x000001f0127638d0: 0f1f 8400 | 405e 0084 | ba45 ffff | ff4c 8b54 | 2450 4c89 | 5424 204c | 8b54 2458 | 4c89 5424 
  0x000001f0127638f0: 284c 8b54 | 2440 4c89 | 5424 304c | 895c 2448 | 448b 5c24 | 6844 895c | 2444 448b | 9424 9400 
  0x000001f012763910: 0000 4489 | 9424 9000 | 0000 6690 

  0x000001f01276391c: ;   {runtime_call UncommonTrapBlob}
  0x000001f01276391c: c5f8 77e8 

  0x000001f012763920: ; ImmutableOopMap {rbp=NarrowOop [32]=Oop [40]=Oop [48]=Oop [68]=NarrowOop [72]=Oop [96]=Oop [128]=NarrowOop [136]=Oop [144]=NarrowOop [148]=NarrowOop [152]=NarrowOop }
                      ;*ifnull {reexecute=1 rethrow=0 return_oop=0}
                      ; - (reexecute) java.util.concurrent.ConcurrentHashMap::get@143
                      ; - java.lang.ClassLoader::definePackage@47
                      ; - java.lang.ClassLoader::getDefinedPackage@32
                      ; - java.net.URLClassLoader::getAndVerifyPackage@2
                      ; - java.net.URLClassLoader::defineClass@46
                      ; - java.net.URLClassLoader$1::run@43
  0x000001f012763920: dc09 32fe 

  0x000001f012763924: ;   {other}
  0x000001f012763924: 0f1f 8400 | 945e 0085 | 33ed 4585 | c040 0f94 | c5ba 45ff | ffff 4c8b | 4424 504c | 8944 2420 
  0x000001f012763944: 4c8b 4424 | 584c 8944 | 2428 4c8b | 4424 404c | 8944 2430 | 448b 4424 | 6844 8944 | 2440 4c89 
  0x000001f012763964: 4c24 584c | 8954 2460 | 4c89 5c24 | 684c 895c | 2470 448b | 9424 9800 | 0000 4489 | 5424 7848 
  0x000001f012763984: 8984 2488 | 0000 0089 | 7424 7c89 | 8c24 9000 | 0000 4889 | 8424 9800 | 0000 6690 

  0x000001f0127639a0: ;   {runtime_call UncommonTrapBlob}
  0x000001f0127639a0: c5f8 77e8 

  0x000001f0127639a4: ; ImmutableOopMap {[32]=Oop [40]=Oop [48]=Oop [64]=NarrowOop [88]=Oop [96]=Oop [104]=Oop [112]=Oop [120]=NarrowOop [124]=NarrowOop [136]=Oop [148]=NarrowOop [152]=Oop }
                      ;*ifeq {reexecute=1 rethrow=0 return_oop=0}
                      ; - (reexecute) java.lang.String::hashCode@20
                      ; - java.util.HashMap::hash@9
                      ; - java.util.HashMap::getNode@23
                      ; - java.util.HashMap::get@2
                      ; - java.util.jar.Manifest::getAttributes@5
                      ; - java.util.jar.Manifest::getTrustedAttributes@2
                      ; - java.util.jar.JavaUtilJarAccessImpl::getTrustedAttributes@2
                      ; - java.net.URLClassLoader::isSealed@18
                      ; - java.net.URLClassLoader::getAndVerifyPackage@68
                      ; - java.net.URLClassLoader::defineClass@46
                      ; - java.net.URLClassLoader$1::run@43
  0x000001f0127639a4: 5809 32fe 

  0x000001f0127639a8: ;   {other}
  0x000001f0127639a8: 0f1f 8400 | 185f 0086 | 498b d7c5 | f877 49ba | 002a a2ce | ff7f 0000 

  0x000001f0127639c0: ;   {other}
  0x000001f0127639c0: 41ff d20f | 1f84 0000 | 0000 00e9 | 19cd ffff | 498b d7c5 | f877 49ba | 002a a2ce | ff7f 0000 
  0x000001f0127639e0: ;   {other}
  0x000001f0127639e0: 41ff d20f | 1f84 0000 | 0000 00e9 | aacc ffff | 498b d7c5 | f877 49ba | 002a a2ce | ff7f 0000 
  0x000001f012763a00: ;   {other}
  0x000001f012763a00: 41ff d20f | 1f84 0000 | 0000 00e9 | aaca ffff | 498b d7c5 | f877 49ba | 002a a2ce | ff7f 0000 
  0x000001f012763a20: ;   {other}
  0x000001f012763a20: 41ff d20f | 1f84 0000 | 0000 00e9 | e0ca ffff | 498b d7c5 | f877 49ba | 002a a2ce | ff7f 0000 
  0x000001f012763a40: ;   {other}
  0x000001f012763a40: 41ff d20f | 1f84 0000 | 0000 00e9 | 8ee6 ffff | 498b d849 | 8bd7 c5f8 | 7749 ba00 | 2aa2 ceff 
  0x000001f012763a60: 7f00 0041 

  0x000001f012763a64: ;   {other}
  0x000001f012763a64: ffd2 0f1f | 8400 0000 | 0000 e914 | e7ff ffba | 45ff ffff | 488b 6c24 | 504c 8b54 | 2458 4c89 
  0x000001f012763a84: 5424 204c | 8b54 2468 | 4c89 5424 | 284c 8b54 | 2438 4c89 | 5424 3044 | 8b5c 2440 | 4489 5c24 
  0x000001f012763aa4: 3844 8b5c | 2460 4489 | 5c24 3c44 | 8b5c 2478 | 4489 5c24 | 5844 895c | 245c 4889 | 4424 6090 
  0x000001f012763ac4: ;   {runtime_call UncommonTrapBlob}
  0x000001f012763ac4: c5f8 77e8 

  0x000001f012763ac8: ; ImmutableOopMap {rbp=Oop [32]=Oop [40]=Oop [56]=NarrowOop [60]=NarrowOop [88]=NarrowOop [92]=NarrowOop [96]=Oop [152]=NarrowOop [200]=Oop }
                      ;*ifnull {reexecute=1 rethrow=0 return_oop=0}
                      ; - (reexecute) java.util.jar.JarFile::maybeInstantiateVerifier@27
                      ; - java.util.jar.JarFile::ensureInitialization@1
                      ; - java.util.jar.JavaUtilJarAccessImpl::ensureInitialization@1
                      ; - jdk.internal.loader.URLClassPath$JarLoader$2::getManifest@10
                      ; - java.net.URLClassLoader::defineClass@34
                      ; - java.net.URLClassLoader$1::run@43
  0x000001f012763ac8: 3408 32fe 

  0x000001f012763acc: ;   {other}
  0x000001f012763acc: 0f1f 8400 | 3c60 0087 | 4c8b 5424 | 4845 8b52 | 3045 85d2 | 0f84 61e1 | ffff 4d8b | 5f28 498b 
  0x000001f012763aec: ca4d 85db | 0f84 aa09 | 0000 4d8b | 5738 4b89 | 4c1a f849 | 83c3 f84d | 895f 28e9 | 3be1 ffff 
  0x000001f012763b0c: 4c8b 9424 | 8000 0000 | 458b 5238 | 4585 d20f | 84e0 e0ff | ff4d 8b5f | 2849 8bca | 4d85 db0f 
  0x000001f012763b2c: 84cf 0900 | 004d 8b57 | 384b 894c | 1af8 4983 | c3f8 4d89 | 5f28 e9ba | e0ff ff4c | 8b94 2480 
  0x000001f012763b4c: 0000 0045 | 8b52 1c45 | 85d2 0f84 | 4dde ffff | 4d8b 5f28 | 498b ca4d | 85db 0f84 | d409 0000 
  0x000001f012763b6c: 4d8b 5738 | 4b89 4c1a | f849 83c3 | f84d 895f | 28e9 27de | ffff 4c8b | 9424 8000 | 0000 458b 
  0x000001f012763b8c: 5224 4585 | d20f 843c | dfff ff4d | 8b5f 2849 | 8bca 4d85 | db0f 8419 | 0900 004d | 8b57 384b 
  0x000001f012763bac: 894c 1af8 | 4983 c3f8 | 4d89 5f28 | e916 dfff | ff4c 8b94 | 2480 0000 | 0045 8b52 

  0x000001f012763bc8: ;   {no_reloc}
  0x000001f012763bc8: 3445 85d2 | 0f84 95df | ffff 4d8b | 5f28 498b | ca4d 85db | 0f84 3e09 | 0000 4d8b | 5738 4b89 
  0x000001f012763be8: 4c1a f849 | 83c3 f84d | 895f 28e9 | 6fdf ffff | 4c8b 9424 | 8000 0000 | 458b 5210 | 4585 d20f 
  0x000001f012763c08: 84b6 dbff | ff4d 8b5f | 2849 8bca | 4d85 db0f | 8463 0900 | 004d 8b57 | 384b 894c | 1af8 4983 
  0x000001f012763c28: c3f8 4d89 | 5f28 e990 | dbff ff4c | 8b94 2480 | 0000 0045 | 8b52 1845 | 85d2 0f84 | c5dc ffff 
  0x000001f012763c48: 4d8b 5f28 | 498b ca4d | 85db 0f84 | 8808 0000 | 4d8b 5738 | 4b89 4c1a | f849 83c3 | f84d 895f 
  0x000001f012763c68: 28e9 9fdc | ffff 4c8b | 9424 8000 | 0000 458b | 5a2c 4585 | db0f 84a1 | d8ff ff4d | 8b57 2849 
  0x000001f012763c88: 8bcb 4d85 | d20f 840d | 0900 004d | 8b5f 384b | 894c 13f8 | 4983 c2f8 | 4d89 5728 | e97b d8ff 
  0x000001f012763ca8: ff4c 8b94 | 2480 0000 | 0045 8b5a | 1445 85db | 0f84 b5d9 | ffff 4d8b | 5728 498b | cb4d 85d2 
  0x000001f012763cc8: ;   {no_reloc}
  0x000001f012763cc8: 0f84 9208 | 0000 4d8b | 5f38 4b89 | 4c13 f849 | 83c2 f84d | 8957 28e9 | 8fd9 ffff | 4d8b 5758 
  0x000001f012763ce8: 4d8b 5f48 | f083 4424 | c000 8039 | 000f 84a7 | deff ff44 | 8821 4d85 | db75 2049 | 8bd7 c5f8 
  0x000001f012763d08: 7749 bae0 | 29a2 ceff | 7f00 0041 

  0x000001f012763d14: ;   {other}
  0x000001f012763d14: ffd2 0f1f | 8400 0000 | 0000 e97f | deff ff4b | 894c 1af8 | 4983 c3f8 | 4d89 5f48 | e96d deff 
  0x000001f012763d34: ff4d 8b57 | 584d 8b5f | 48f0 8344 | 24c0 0080 | 3900 0f84 | f0de ffff | 4488 214d | 85db 7520 
  0x000001f012763d54: 498b d7c5 | f877 49ba | e029 a2ce | ff7f 0000 

  0x000001f012763d64: ;   {other}
  0x000001f012763d64: 41ff d20f | 1f84 0000 | 0000 00e9 | c8de ffff | 4b89 4c1a | f849 83c3 | f84d 895f | 48e9 b6de 
  0x000001f012763d84: ffff 4d8b | 5748 4d8b | 5f58 f083 | 4424 c000 | 8039 000f | 84b5 dbff | ff44 8821 | 4d85 d275 
  0x000001f012763da4: 2049 8bd7 | c5f8 7749 | bae0 29a2 | ceff 7f00 | 0041 ffd2 

  0x000001f012763db8: ;   {other}
  0x000001f012763db8: 0f1f 8400 | 0000 0000 | e98d dbff | ff4b 894c | 13f8 4983 | c2f8 4d89 | 5748 e97b | dbff ff4d 
  0x000001f012763dd8: 8b57 484d | 8b5f 58f0 | 8344 24c0 | 0080 3900 | 0f84 22dd | ffff 4488 | 214d 85d2 | 7520 498b 
  0x000001f012763df8: d7c5 f877 | 49ba e029 | a2ce ff7f | 0000 41ff 

  0x000001f012763e08: ;   {other}
  0x000001f012763e08: d20f 1f84 | 0000 0000 | 00e9 fadc | ffff 4b89 | 4c13 f849 | 83c2 f84d | 8957 48e9 | e8dc ffff 
  0x000001f012763e28: 4d8b 5758 | 4d8b 5f48 | f083 4424 | c000 8039 | 000f 84a5 | dbff ff44 | 8821 4d85 | db75 2049 
  0x000001f012763e48: 8bd7 c5f8 | 7749 bae0 | 29a2 ceff | 7f00 0041 

  0x000001f012763e58: ;   {other}
  0x000001f012763e58: ffd2 0f1f | 8400 0000 | 0000 e97d | dbff ff4b | 894c 1af8 | 4983 c3f8 | 4d89 5f48 | e96b dbff 
  0x000001f012763e78: ff4d 8b57 | 484d 8b5f | 58f0 8344 | 24c0 0080 | 3900 0f84 | 7ad9 ffff | 4488 214d | 85d2 7520 
  0x000001f012763e98: 498b d7c5 | f877 49ba | e029 a2ce | ff7f 0000 

  0x000001f012763ea8: ;   {other}
  0x000001f012763ea8: 41ff d20f | 1f84 0000 | 0000 00e9 | 52d9 ffff | 4b89 4c13 | f849 83c2 | f84d 8957 | 48e9 40d9 
  0x000001f012763ec8: ffff 4d8b | 5758 4d8b | 5f48 f083 | 4424 c000 | 8039 000f | 8421 daff | ff44 8821 | 4d85 db75 
  0x000001f012763ee8: 2049 8bd7 | c5f8 7749 | bae0 29a2 | ceff 7f00 | 0041 ffd2 

  0x000001f012763efc: ;   {other}
  0x000001f012763efc: 0f1f 8400 | 0000 0000 | e9f9 d9ff | ff4b 894c | 1af8 4983 | c3f8 4d89 | 5f48 e9e7 | d9ff ff4d 
  0x000001f012763f1c: 8b57 584d | 8b5f 48f0 | 8344 24c0 | 0080 3900 | 0f84 96db | ffff 4488 | 214d 85db | 7520 498b 
  0x000001f012763f3c: d7c5 f877 | 49ba e029 | a2ce ff7f | 0000 41ff 

  0x000001f012763f4c: ;   {other}
  0x000001f012763f4c: d20f 1f84 | 0000 0000 | 00e9 6edb | ffff 4b89 | 4c1a f849 | 83c3 f84d | 895f 48e9 | 5cdb ffff 
  0x000001f012763f6c: 4d8b 5758 | 4d8b 5f48 | f083 4424 | c000 8039 | 000f 8435 | d8ff ff44 | 8821 4d85 | db75 2049 
  0x000001f012763f8c: 8bd7 c5f8 | 7749 bae0 | 29a2 ceff | 7f00 0041 

  0x000001f012763f9c: ;   {other}
  0x000001f012763f9c: ffd2 0f1f | 8400 0000 | 0000 e90d | d8ff ff4b | 894c 1af8 | 4983 c3f8 | 4d89 5f48 | e9fb d7ff 
  0x000001f012763fbc: ff4d 8b57 | 484d 8b5f | 58f0 8344 | 24c0 0080 | 3900 0f84 | e6d6 ffff | 4488 214d | 85d2 7520 
  0x000001f012763fdc: 498b d7c5 | f877 49ba | e029 a2ce | ff7f 0000 

  0x000001f012763fec: ;   {other}
  0x000001f012763fec: 41ff d20f | 1f84 0000 | 0000 00e9 | bed6 ffff | 4b89 4c13 | f849 83c2 | f84d 8957 | 48e9 acd6 
  0x000001f01276400c: ffff 4d8b | 5758 4d8b | 5f48 f083 | 4424 c000 | 8039 000f | 8443 d6ff | ff44 8821 | 4d85 db75 
  0x000001f01276402c: 2049 8bd7 | c5f8 7749 | bae0 29a2 | ceff 7f00 | 0041 ffd2 

  0x000001f012764040: ;   {other}
  0x000001f012764040: 0f1f 8400 | 0000 0000 | e91b d6ff | ff4b 894c | 1af8 4983 | c3f8 4d89 | 5f48 e909 | d6ff ff4d 
  0x000001f012764060: 8b57 584d | 8b5f 48f0 | 8344 24c0 | 0080 3900 | 0f84 f4d4 | ffff 4488 | 214d 85db | 7520 498b 
  0x000001f012764080: d7c5 f877 | 49ba e029 | a2ce ff7f | 0000 41ff 

  0x000001f012764090: ;   {other}
  0x000001f012764090: d20f 1f84 | 0000 0000 | 00e9 ccd4 | ffff 4b89 | 4c1a f849 | 83c3 f84d | 895f 48e9 | bad4 ffff 
  0x000001f0127640b0: 4d8b 5758 | 4d8b 5f48 | f083 4424 | c000 8039 | 000f 8452 | d4ff ff44 | 8821 4d85 | db75 2049 
  0x000001f0127640d0: 8bd7 c5f8 | 7749 bae0 | 29a2 ceff | 7f00 0041 

  0x000001f0127640e0: ;   {other}
  0x000001f0127640e0: ffd2 0f1f | 8400 0000 | 0000 e92a | d4ff ff4b | 894c 1af8 | 4983 c3f8 | 4d89 5f48 | e918 d4ff 
  0x000001f012764100: ffba c6ff | ffff 488b | 6c24 5048 | 8974 2428 | 4c8b 5c24 | 384c 895c | 2430 4489 | 5424 3848 
  0x000001f012764120: 8974 2440 

  0x000001f012764124: ;   {runtime_call UncommonTrapBlob}
  0x000001f012764124: c5f8 77e8 

  0x000001f012764128: ; ImmutableOopMap {rbp=Oop [40]=Oop [64]=Oop [148]=NarrowOop [152]=NarrowOop }
                      ;*invokevirtual getCodeSourceURL {reexecute=0 rethrow=0 return_oop=0}
                      ; - java.net.URLClassLoader::defineClass@13
                      ; - java.net.URLClassLoader$1::run@43
  0x000001f012764128: d401 32fe 

  0x000001f01276412c: ;   {other}
  0x000001f01276412c: 0f1f 8400 | 9c66 0088 | bac6 ffff | ff4c 8b54 | 2438 4c89 | 5424 2844 | 8b44 2440 | 4489 4424 
  0x000001f01276414c: 304c 895c | 2438 6690 

  0x000001f012764154: ;   {runtime_call UncommonTrapBlob}
  0x000001f012764154: c5f8 77e8 

  0x000001f012764158: ; ImmutableOopMap {[48]=NarrowOop [56]=Oop [72]=Oop [80]=Oop [88]=Oop [148]=NarrowOop [152]=NarrowOop }
                      ;*invokevirtual getCodeSigners {reexecute=0 rethrow=0 return_oop=0}
                      ; - java.net.URLClassLoader::defineClass@185
                      ; - java.net.URLClassLoader$1::run@43
  0x000001f012764158: a401 32fe 

  0x000001f01276415c: ;   {other}
  0x000001f01276415c: 0f1f 8400 | cc66 0089 

  0x000001f012764164: ;   {metadata('java/util/jar/JarVerifier')}
  0x000001f012764164: 48ba f87e | 0900 0100 | 0000 6690 

  0x000001f012764170: ;   {runtime_call _new_instance_Java}
  0x000001f012764170: c5f8 77e8 

  0x000001f012764174: ; ImmutableOopMap {[32]=Oop [40]=Oop [48]=Oop [64]=Oop [72]=Oop [80]=Oop [88]=Oop [96]=Oop [104]=NarrowOop [108]=NarrowOop [120]=Oop [148]=NarrowOop [152]=NarrowOop [200]=Oop }
                      ;*new {reexecute=0 rethrow=0 return_oop=1}
                      ; - java.util.jar.JarFile::getManifestFromReference@69
                      ; - java.util.jar.JarFile::getManifest@1
                      ; - jdk.internal.loader.URLClassPath$JarLoader$2::getManifest@22
                      ; - java.net.URLClassLoader::defineClass@34
                      ; - java.net.URLClassLoader$1::run@43
  0x000001f012764174: 08ee 3dfe 

  0x000001f012764178: ;   {other}
  0x000001f012764178: 0f1f 8400 | e866 008a | 4c8b d0e9 | 06d3 ffff 

  0x000001f012764188: ;   {metadata('java/util/HashMap')}
  0x000001f012764188: 48ba 78dd | 0600 0100 | 0000 6690 

  0x000001f012764194: ;   {runtime_call _new_instance_Java}
  0x000001f012764194: c5f8 77e8 

  0x000001f012764198: ; ImmutableOopMap {[32]=Oop [40]=Oop [48]=Oop [64]=Oop [72]=Oop [80]=Oop [88]=Oop [104]=NarrowOop [108]=NarrowOop [120]=Oop [128]=Oop [144]=NarrowOop [148]=NarrowOop [152]=NarrowOop [200]=Oop }
                      ;*new {reexecute=0 rethrow=0 return_oop=1}
                      ; - java.util.jar.JarVerifier::<init>@103
                      ; - java.util.jar.JarFile::getManifestFromReference@78
                      ; - java.util.jar.JarFile::getManifest@1
                      ; - jdk.internal.loader.URLClassPath$JarLoader$2::getManifest@22
                      ; - java.net.URLClassLoader::defineClass@34
                      ; - java.net.URLClassLoader$1::run@43
  0x000001f012764198: e4ed 3dfe 

  0x000001f01276419c: ;   {other}
  0x000001f01276419c: 0f1f 8400 | 0c67 008b | 4c8b d0e9 | 3fda ffff 

  0x000001f0127641ac: ;   {metadata('java/util/Hashtable$Entry'[])}
  0x000001f0127641ac: 48ba 08f1 | 0700 0100 | 0000 41b8 | 0b00 0000 

  0x000001f0127641bc: ;   {runtime_call _new_array_Java}
  0x000001f0127641bc: c5f8 77e8 

  0x000001f0127641c0: ; ImmutableOopMap {rbp=Oop [32]=Oop [40]=Oop [48]=Oop [64]=Oop [72]=Oop [80]=Oop [88]=Oop [104]=NarrowOop [108]=NarrowOop [120]=Oop [128]=Oop [144]=NarrowOop [148]=NarrowOop [152]=NarrowOop [200]=Oop }
                      ;*anewarray {reexecute=0 rethrow=0 return_oop=1}
                      ; - java.util.Hashtable::<init>@93
                      ; - java.util.Hashtable::<init>@4
                      ; - java.util.jar.JarVerifier::<init>@63
                      ; - java.util.jar.JarFile::getManifestFromReference@78
                      ; - java.util.jar.JarFile::getManifest@1
                      ; - jdk.internal.loader.URLClassPath$JarLoader$2::getManifest@22
                      ; - java.net.URLClassLoader::defineClass@34
                      ; - java.net.URLClassLoader$1::run@43
  0x000001f0127641c0: bcf0 3dfe 

  0x000001f0127641c4: ;   {other}
  0x000001f0127641c4: 0f1f 8400 | 3467 008c | e9f8 d6ff 

  0x000001f0127641d0: ;   {metadata('java/util/ArrayList')}
  0x000001f0127641d0: ff48 ba10 | 7e05 0001 | 0000 0090 

  0x000001f0127641dc: ;   {runtime_call _new_instance_Java}
  0x000001f0127641dc: c5f8 77e8 

  0x000001f0127641e0: ; ImmutableOopMap {[32]=Oop [40]=Oop [48]=Oop [64]=Oop [72]=Oop [80]=Oop [88]=Oop [104]=NarrowOop [108]=NarrowOop [120]=Oop [128]=Oop [144]=NarrowOop [148]=NarrowOop [152]=NarrowOop [200]=Oop }
                      ;*new {reexecute=0 rethrow=0 return_oop=1}
                      ; - java.util.jar.JarVerifier::<init>@70
                      ; - java.util.jar.JarFile::getManifestFromReference@78
                      ; - java.util.jar.JarFile::getManifest@1
                      ; - jdk.internal.loader.URLClassPath$JarLoader$2::getManifest@22
                      ; - java.net.URLClassLoader::defineClass@34
                      ; - java.net.URLClassLoader$1::run@43
  0x000001f0127641e0: 9ced 3dfe 

  0x000001f0127641e4: ;   {other}
  0x000001f0127641e4: 0f1f 8400 | 5467 008d | 4c8b d0e9 | 9fd7 ffff 

  0x000001f0127641f4: ;   {metadata('java/util/ArrayList')}
  0x000001f0127641f4: 48ba 107e | 0500 0100 | 0000 6690 

  0x000001f012764200: ;   {runtime_call _new_instance_Java}
  0x000001f012764200: c5f8 77e8 

  0x000001f012764204: ; ImmutableOopMap {[32]=Oop [40]=Oop [48]=Oop [64]=Oop [72]=Oop [80]=Oop [88]=Oop [104]=NarrowOop [108]=NarrowOop [120]=Oop [128]=Oop [144]=NarrowOop [148]=NarrowOop [152]=NarrowOop [200]=Oop }
                      ;*new {reexecute=0 rethrow=0 return_oop=1}
                      ; - java.util.jar.JarVerifier::<init>@92
                      ; - java.util.jar.JarFile::getManifestFromReference@78
                      ; - java.util.jar.JarFile::getManifest@1
                      ; - jdk.internal.loader.URLClassPath$JarLoader$2::getManifest@22
                      ; - java.net.URLClassLoader::defineClass@34
                      ; - java.net.URLClassLoader$1::run@43
  0x000001f012764204: 78ed 3dfe 

  0x000001f012764208: ;   {other}
  0x000001f012764208: 0f1f 8400 | 7867 008e | 4c8b d0e9 | 39d9 ffff 

  0x000001f012764218: ;   {metadata('java/io/ByteArrayOutputStream')}
  0x000001f012764218: 48ba 7881 | 0900 0100 | 0000 6690 

  0x000001f012764224: ;   {runtime_call _new_instance_Java}
  0x000001f012764224: c5f8 77e8 

  0x000001f012764228: ; ImmutableOopMap {[32]=Oop [40]=Oop [48]=Oop [64]=Oop [72]=Oop [80]=Oop [88]=Oop [104]=NarrowOop [108]=NarrowOop [120]=Oop [128]=Oop [144]=NarrowOop [148]=NarrowOop [152]=NarrowOop [200]=Oop }
                      ;*new {reexecute=0 rethrow=0 return_oop=1}
                      ; - java.util.jar.JarVerifier::<init>@81
                      ; - java.util.jar.JarFile::getManifestFromReference@78
                      ; - java.util.jar.JarFile::getManifest@1
                      ; - jdk.internal.loader.URLClassPath$JarLoader$2::getManifest@22
                      ; - java.net.URLClassLoader::defineClass@34
                      ; - java.net.URLClassLoader$1::run@43
  0x000001f012764228: 54ed 3dfe 

  0x000001f01276422c: ;   {other}
  0x000001f01276422c: 0f1f 8400 | 9c67 008f | 4c8b d0e9 | e9d7 ffff 

  0x000001f01276423c: ;   {metadata('java/util/Hashtable')}
  0x000001f01276423c: 48ba 509b | 0400 0100 | 0000 6690 

  0x000001f012764248: ;   {runtime_call _new_instance_Java}
  0x000001f012764248: c5f8 77e8 

  0x000001f01276424c: ; ImmutableOopMap {[32]=Oop [40]=Oop [48]=Oop [64]=Oop [72]=Oop [80]=Oop [88]=Oop [104]=NarrowOop [108]=NarrowOop [120]=Oop [128]=Oop [144]=NarrowOop [148]=NarrowOop [152]=NarrowOop [200]=Oop }
                      ;*new {reexecute=0 rethrow=0 return_oop=1}
                      ; - java.util.jar.JarVerifier::<init>@46
                      ; - java.util.jar.JarFile::getManifestFromReference@78
                      ; - java.util.jar.JarFile::getManifest@1
                      ; - jdk.internal.loader.URLClassPath$JarLoader$2::getManifest@22
                      ; - java.net.URLClassLoader::defineClass@34
                      ; - java.net.URLClassLoader$1::run@43
  0x000001f01276424c: 30ed 3dfe 

  0x000001f012764250: ;   {other}
  0x000001f012764250: 0f1f 8400 | c067 0090 | 4c8b d0e9 | a3d4 ffff 

  0x000001f012764260: ;   {metadata('java/util/Hashtable')}
  0x000001f012764260: 48ba 509b | 0400 0100 | 0000 6690 

  0x000001f01276426c: ;   {runtime_call _new_instance_Java}
  0x000001f01276426c: c5f8 77e8 

  0x000001f012764270: ; ImmutableOopMap {[32]=Oop [40]=Oop [48]=Oop [64]=Oop [72]=Oop [80]=Oop [88]=Oop [104]=NarrowOop [108]=NarrowOop [120]=Oop [128]=Oop [144]=NarrowOop [148]=NarrowOop [152]=NarrowOop [200]=Oop }
                      ;*new {reexecute=0 rethrow=0 return_oop=1}
                      ; - java.util.jar.JarVerifier::<init>@57
                      ; - java.util.jar.JarFile::getManifestFromReference@78
                      ; - java.util.jar.JarFile::getManifest@1
                      ; - jdk.internal.loader.URLClassPath$JarLoader$2::getManifest@22
                      ; - java.net.URLClassLoader::defineClass@34
                      ; - java.net.URLClassLoader$1::run@43
  0x000001f012764270: 0ced 3dfe 

  0x000001f012764274: ;   {other}
  0x000001f012764274: 0f1f 8400 | e467 0091 | 4c8b d0e9 | cfd5 ffff 

  0x000001f012764284: ;   {metadata('java/util/Hashtable$Entry'[])}
  0x000001f012764284: 48ba 08f1 | 0700 0100 | 0000 41b8 | 0b00 0000 

  0x000001f012764294: ;   {runtime_call _new_array_Java}
  0x000001f012764294: c5f8 77e8 

  0x000001f012764298: ; ImmutableOopMap {[32]=Oop [40]=Oop [48]=Oop [64]=Oop [72]=Oop [80]=Oop [88]=Oop [96]=Oop [104]=NarrowOop [108]=NarrowOop [120]=Oop [128]=Oop [144]=NarrowOop [148]=NarrowOop [152]=NarrowOop [200]=Oop }
                      ;*anewarray {reexecute=0 rethrow=0 return_oop=1}
                      ; - java.util.Hashtable::<init>@93
                      ; - java.util.Hashtable::<init>@5
                      ; - java.util.jar.JarVerifier::<init>@50
                      ; - java.util.jar.JarFile::getManifestFromReference@78
                      ; - java.util.jar.JarFile::getManifest@1
                      ; - jdk.internal.loader.URLClassPath$JarLoader$2::getManifest@22
                      ; - java.net.URLClassLoader::defineClass@34
                      ; - java.net.URLClassLoader$1::run@43
  0x000001f012764298: e4ef 3dfe 

  0x000001f01276429c: ;   {other}
  0x000001f01276429c: 0f1f 8400 | 0c68 0092 | e9d2 d4ff 

  0x000001f0127642a8: ;   {metadata({type array byte})}
  0x000001f0127642a8: ff48 bac8 | 0a04 0001 | 0000 0041 | b820 0000 | 0066 6690 

  0x000001f0127642bc: ;   {runtime_call _new_array_Java}
  0x000001f0127642bc: c5f8 77e8 

  0x000001f0127642c0: ; ImmutableOopMap {rbp=Oop [32]=Oop [40]=Oop [48]=Oop [64]=Oop [72]=Oop [80]=Oop [88]=Oop [104]=NarrowOop [108]=NarrowOop [120]=Oop [128]=Oop [144]=NarrowOop [148]=NarrowOop [152]=NarrowOop [200]=Oop }
                      ;*newarray {reexecute=0 rethrow=0 return_oop=1}
                      ; - java.io.ByteArrayOutputStream::<init>@37
                      ; - java.io.ByteArrayOutputStream::<init>@3
                      ; - java.util.jar.JarVerifier::<init>@85
                      ; - java.util.jar.JarFile::getManifestFromReference@78
                      ; - java.util.jar.JarFile::getManifest@1
                      ; - jdk.internal.loader.URLClassPath$JarLoader$2::getManifest@22
                      ; - java.net.URLClassLoader::defineClass@34
                      ; - java.net.URLClassLoader$1::run@43
  0x000001f0127642c0: bcef 3dfe 

  0x000001f0127642c4: ;   {other}
  0x000001f0127642c4: 0f1f 8400 | 3468 0093 | e9be d7ff 

  0x000001f0127642d0: ;   {metadata('java/util/Hashtable')}
  0x000001f0127642d0: ff48 ba50 | 9b04 0001 | 0000 0090 

  0x000001f0127642dc: ;   {runtime_call _new_instance_Java}
  0x000001f0127642dc: c5f8 77e8 

  0x000001f0127642e0: ; ImmutableOopMap {[32]=Oop [40]=Oop [48]=Oop [64]=Oop [72]=Oop [80]=Oop [88]=Oop [104]=NarrowOop [108]=NarrowOop [120]=Oop [128]=Oop [144]=NarrowOop [148]=NarrowOop [152]=NarrowOop [200]=Oop }
                      ;*new {reexecute=0 rethrow=0 return_oop=1}
                      ; - java.util.jar.JarVerifier::<init>@35
                      ; - java.util.jar.JarFile::getManifestFromReference@78
                      ; - java.util.jar.JarFile::getManifest@1
                      ; - jdk.internal.loader.URLClassPath$JarLoader$2::getManifest@22
                      ; - java.net.URLClassLoader::defineClass@34
                      ; - java.net.URLClassLoader$1::run@43
  0x000001f0127642e0: 9cec 3dfe 

  0x000001f0127642e4: ;   {other}
  0x000001f0127642e4: 0f1f 8400 | 5468 0094 | 4c8b d0e9 | bfd2 ffff 

  0x000001f0127642f4: ;   {metadata('java/util/Hashtable$Entry'[])}
  0x000001f0127642f4: 48ba 08f1 | 0700 0100 | 0000 41b8 | 0b00 0000 

  0x000001f012764304: ;   {runtime_call _new_array_Java}
  0x000001f012764304: c5f8 77e8 

  0x000001f012764308: ; ImmutableOopMap {[32]=Oop [40]=Oop [48]=Oop [64]=Oop [72]=Oop [80]=Oop [88]=Oop [96]=Oop [104]=NarrowOop [108]=NarrowOop [120]=Oop [128]=Oop [144]=NarrowOop [148]=NarrowOop [152]=NarrowOop [200]=Oop }
                      ;*anewarray {reexecute=0 rethrow=0 return_oop=1}
                      ; - java.util.Hashtable::<init>@93
                      ; - java.util.Hashtable::<init>@5
                      ; - java.util.jar.JarVerifier::<init>@39
                      ; - java.util.jar.JarFile::getManifestFromReference@78
                      ; - java.util.jar.JarFile::getManifest@1
                      ; - jdk.internal.loader.URLClassPath$JarLoader$2::getManifest@22
                      ; - java.net.URLClassLoader::defineClass@34
                      ; - java.net.URLClassLoader$1::run@43
  0x000001f012764308: 74ef 3dfe 

  0x000001f01276430c: ;   {other}
  0x000001f01276430c: 0f1f 8400 | 7c68 0095 | e912 d3ff | ff49 8bd7 | c5f8 7749 | ba00 2aa2 | ceff 7f00 | 0041 ffd2 
  0x000001f01276432c: ;   {other}
  0x000001f01276432c: 0f1f 8400 | 0000 0000 | e90e caff | ff49 8bd7 | c5f8 7749 | ba00 2aa2 | ceff 7f00 | 0041 ffd2 
  0x000001f01276434c: ;   {other}
  0x000001f01276434c: 0f1f 8400 | 0000 0000 | e905 c9ff | ff49 8bd7 | c5f8 7749 | ba00 2aa2 | ceff 7f00 | 0041 ffd2 
  0x000001f01276436c: ;   {other}
  0x000001f01276436c: 0f1f 8400 | 0000 0000 | e938 c9ff | ff49 8bd7 | c5f8 7749 | ba00 2aa2 | ceff 7f00 | 0041 ffd2 
  0x000001f01276438c: ;   {other}
  0x000001f01276438c: 0f1f 8400 | 0000 0000 | e916 caff | ffba ceff | ffff 498b | ee4c 895c | 2420 4889 | 5c24 3044 
  0x000001f0127643ac: 8954 2438 

  0x000001f0127643b0: ;   {runtime_call UncommonTrapBlob}
  0x000001f0127643b0: c5f8 77e8 

  0x000001f0127643b4: ; ImmutableOopMap {rbp=Oop [32]=Oop [48]=Oop }
                      ;*invokestatic inflate {reexecute=0 rethrow=0 return_oop=0}
                      ; - java.lang.String::getBytes@40
                      ; - java.lang.StringConcatHelper::prepend@21
                      ; - java.lang.StringConcatHelper::simpleConcat@81
                      ; - java.lang.String::concat@11
                      ; - java.net.URLClassLoader$1::run@13
  0x000001f0127643b4: 48ff 31fe 

  0x000001f0127643b8: ;   {other}
  0x000001f0127643b8: 0f1f 8400 | 2869 0096 | bace ffff | ff48 8b6c | 2450 4c8b | 5424 584c | 8954 2420 | 4c8b 5424 
  0x000001f0127643d8: 404c 8954 | 2428 4c8b | 5424 384c | 8954 2430 | 448b 4424 | 6844 8944 | 2438 4c8b | 5424 604c 
  0x000001f0127643f8: 8954 2440 | 4c8b 5424 | 704c 8954 | 2448 4c8b | 5424 784c | 8954 2458 | 448b 8424 | 9400 0000 
  0x000001f012764418: 4489 4424 | 3c44 8b84 | 2480 0000 | 0044 8944 | 247c 4c89 | 9c24 9000 | 0000 6690 

  0x000001f012764434: ;   {runtime_call UncommonTrapBlob}
  0x000001f012764434: c5f8 77e8 

  0x000001f012764438: ; ImmutableOopMap {rbp=Oop [32]=Oop [40]=Oop [56]=NarrowOop [60]=NarrowOop [64]=Oop [72]=Oop [88]=Oop [124]=NarrowOop [144]=Oop [152]=NarrowOop [160]=Oop }
                      ;*invokestatic inflate {reexecute=0 rethrow=0 return_oop=0}
                      ; - java.lang.String::getBytes@40
                      ; - java.lang.StringConcatHelper::prepend@21
                      ; - java.lang.StringConcatHelper::simpleConcat@81
                      ; - java.lang.String::concat@11
                      ; - java.net.URLClassLoader::isSealed@15
                      ; - java.net.URLClassLoader::getAndVerifyPackage@68
                      ; - java.net.URLClassLoader::defineClass@46
                      ; - java.net.URLClassLoader$1::run@43
  0x000001f012764438: c4fe 31fe 

  0x000001f01276443c: ;   {other}
  0x000001f01276443c: 0f1f 8400 | ac69 0097 | bade ffff | ff48 8b6c | 2450 4c8b | 5424 584c | 8954 2420 | 4c8b 5424 
  0x000001f01276445c: 404c 8954 | 2428 4c8b | 5424 384c | 8954 2430 | 448b 5424 | 6844 8954 | 2438 4c8b | 5424 784c 
  0x000001f01276447c: 8954 2468 | 4c8b 9424 | 8000 0000 | 4c89 5424 | 7866 6690 

  0x000001f012764490: ;   {runtime_call UncommonTrapBlob}
  0x000001f012764490: c5f8 77e8 

  0x000001f012764494: ; ImmutableOopMap {rbp=Oop [32]=Oop [40]=Oop [56]=NarrowOop [72]=Oop [96]=Oop [104]=Oop [120]=Oop [128]=Oop [148]=NarrowOop [152]=NarrowOop [200]=Oop }
                      ;*invokevirtual getName {reexecute=0 rethrow=0 return_oop=0}
                      ; - java.util.jar.JarFile::getManifestFromReference@74
                      ; - java.util.jar.JarFile::getManifest@1
                      ; - jdk.internal.loader.URLClassPath$JarLoader$2::getManifest@22
                      ; - java.net.URLClassLoader::defineClass@34
                      ; - java.net.URLClassLoader$1::run@43
  0x000001f012764494: 68fe 31fe 

  0x000001f012764498: ;   {other}
  0x000001f012764498: 0f1f 8400 | 086a 0098 | 498b d7c5 | f877 49ba | 002a a2ce | ff7f 0000 

  0x000001f0127644b0: ;   {other}
  0x000001f0127644b0: 41ff d20f | 1f84 0000 | 0000 00e9 | 87d7 ffff | 498b d7c5 | f877 49ba | 002a a2ce | ff7f 0000 
  0x000001f0127644d0: ;   {other}
  0x000001f0127644d0: 41ff d20f | 1f84 0000 | 0000 00e9 | f3d5 ffff | 498b d7c5 | f877 49ba | 002a a2ce | ff7f 0000 
  0x000001f0127644f0: ;   {other}
  0x000001f0127644f0: 41ff d20f | 1f84 0000 | 0000 00e9 | 0dd4 ffff | 498b d7c5 | f877 49ba | 002a a2ce | ff7f 0000 
  0x000001f012764510: ;   {other}
  0x000001f012764510: 41ff d20f | 1f84 0000 | 0000 00e9 | e1d6 ffff | 498b d7c5 | f877 49ba | 002a a2ce | ff7f 0000 
  0x000001f012764530: ;   {other}
  0x000001f012764530: 41ff d20f | 1f84 0000 | 0000 00e9 | 27d6 ffff | 498b d7c5 | f877 49ba | 002a a2ce | ff7f 0000 
  0x000001f012764550: ;   {other}
  0x000001f012764550: 41ff d20f | 1f84 0000 | 0000 00e9 | 49d4 ffff | 498b d7c5 | f877 49ba | 002a a2ce | ff7f 0000 
  0x000001f012764570: ;   {other}
  0x000001f012764570: 41ff d20f | 1f84 0000 | 0000 00e9 | f3d0 ffff | 498b d7c5 | f877 49ba | 002a a2ce | ff7f 0000 
  0x000001f012764590: ;   {other}
  0x000001f012764590: 41ff d20f | 1f84 0000 | 0000 00e9 | 23d2 ffff | 498b d7c5 | f877 49ba | 002a a2ce | ff7f 0000 
  0x000001f0127645b0: ;   {other}
  0x000001f0127645b0: 41ff d20f | 1f84 0000 | 0000 00e9 | 64cf ffff | bade ffff | ff4c 8b5c | 2450 4c89 | 5c24 204c 
  0x000001f0127645d0: 8b5c 2458 | 4c89 5c24 | 284c 8b5c | 2440 4c89 | 5c24 3044 | 8b5c 2468 | 4c89 4c24 | 584c 8944 
  0x000001f0127645f0: 2460 4489 | 5c24 444c | 894c 2468 | 4489 5424 | 7844 8954 | 247c 6690 

  0x000001f012764608: ;   {runtime_call UncommonTrapBlob}
  0x000001f012764608: c5f8 77e8 

  0x000001f01276460c: ; ImmutableOopMap {rbp=NarrowOop [32]=Oop [40]=Oop [48]=Oop [68]=NarrowOop [88]=Oop [96]=Oop [104]=Oop [120]=NarrowOop [124]=NarrowOop [152]=NarrowOop }
                      ;*checkcast {reexecute=0 rethrow=0 return_oop=0}
                      ; - java.lang.ClassLoader::getDefinedPackage@16
                      ; - java.net.URLClassLoader::getAndVerifyPackage@2
                      ; - java.net.URLClassLoader::defineClass@46
                      ; - java.net.URLClassLoader$1::run@43
  0x000001f01276460c: f0fc 31fe 

  0x000001f012764610: ;   {other}
  0x000001f012764610: 0f1f 8400 | 806b 0099 | bade ffff | ff48 8b6c | 2450 4c8b | 5424 584c | 8954 2420 | 4c8b 5424 
  0x000001f012764630: 404c 8954 | 2428 4c8b | 5424 384c | 8954 2430 | 448b 5c24 | 684c 8b54 | 2448 4c89 | 5424 404c 
  0x000001f012764650: 8b54 2460 | 4c89 5424 | 4844 895c | 243c 448b | 9424 9400 | 0000 4489 | 5424 6848 | 8944 2470 
  0x000001f012764670: ;   {runtime_call UncommonTrapBlob}
  0x000001f012764670: c5f8 77e8 

  0x000001f012764674: ; ImmutableOopMap {rbp=Oop [32]=Oop [40]=Oop [60]=NarrowOop [64]=Oop [72]=Oop [104]=NarrowOop [112]=Oop [148]=NarrowOop [152]=NarrowOop }
                      ;*checkcast {reexecute=0 rethrow=0 return_oop=0}
                      ; - java.lang.ClassLoader::definePackage@81
                      ; - java.lang.ClassLoader::getDefinedPackage@32
                      ; - java.net.URLClassLoader::getAndVerifyPackage@2
                      ; - java.net.URLClassLoader::defineClass@46
                      ; - java.net.URLClassLoader$1::run@43
  0x000001f012764674: 88fc 31fe 

  0x000001f012764678: ;   {other}
  0x000001f012764678: 0f1f 8400 | e86b 009a | bade ffff | ff4c 8b44 | 2450 4c89 | 4424 204c | 8b44 2458 | 4c89 4424 
  0x000001f012764698: 284c 8b44 | 2440 4c89 | 4424 3044 | 8b44 2468 | 4489 4424 | 404c 894c | 2458 4c89 | 5424 604c 
  0x000001f0127646b8: 895c 2468 | 4c89 5c24 | 7048 899c | 2480 0000 | 0066 6690 

  0x000001f0127646cc: ;   {runtime_call UncommonTrapBlob}
  0x000001f0127646cc: c5f8 77e8 

  0x000001f0127646d0: ; ImmutableOopMap {rbp=NarrowOop [32]=Oop [40]=Oop [48]=Oop [64]=NarrowOop [88]=Oop [96]=Oop [104]=Oop [112]=Oop [128]=Oop [148]=NarrowOop [152]=NarrowOop }
                      ;*checkcast {reexecute=0 rethrow=0 return_oop=0}
                      ; - java.util.jar.Manifest::getAttributes@10
                      ; - java.util.jar.Manifest::getTrustedAttributes@2
                      ; - java.util.jar.JavaUtilJarAccessImpl::getTrustedAttributes@2
                      ; - java.net.URLClassLoader::isSealed@18
                      ; - java.net.URLClassLoader::getAndVerifyPackage@68
                      ; - java.net.URLClassLoader::defineClass@46
                      ; - java.net.URLClassLoader$1::run@43
  0x000001f0127646d0: 2cfc 31fe 

  0x000001f0127646d4: ;   {other}
  0x000001f0127646d4: 0f1f 8400 | 446c 009b | bade ffff | ff4c 8b44 | 2450 4c89 | 4424 204c | 8b44 2458 | 4c89 4424 
  0x000001f0127646f4: 284c 8b44 | 2440 4c89 | 4424 3044 | 8b44 2468 | 4489 4424 | 404c 895c | 2450 4c89 | 4c24 584c 
  0x000001f012764714: 8954 2460 

  0x000001f012764718: ;   {runtime_call UncommonTrapBlob}
  0x000001f012764718: c5f8 77e8 

  0x000001f01276471c: ; ImmutableOopMap {rbp=NarrowOop [32]=Oop [40]=Oop [48]=Oop [64]=NarrowOop [80]=Oop [88]=Oop [96]=Oop [148]=NarrowOop [152]=NarrowOop }
                      ;*checkcast {reexecute=0 rethrow=0 return_oop=0}
                      ; - java.util.jar.Attributes::getValue@5
                      ; - java.net.URLClassLoader::isSealed@58
                      ; - java.net.URLClassLoader::getAndVerifyPackage@68
                      ; - java.net.URLClassLoader::defineClass@46
                      ; - java.net.URLClassLoader$1::run@43
  0x000001f01276471c: e0fb 31fe 

  0x000001f012764720: ;   {other}
  0x000001f012764720: 0f1f 8400 | 906c 009c | bade ffff | ff4c 8b54 | 2450 4c89 | 5424 2048 | 8974 2428 | 4c8b 5424 
  0x000001f012764740: 404c 8954 | 2430 4889 | 4c24 5890 

  0x000001f01276474c: ;   {runtime_call UncommonTrapBlob}
  0x000001f01276474c: c5f8 77e8 

  0x000001f012764750: ; ImmutableOopMap {rbp=NarrowOop [32]=Oop [40]=Oop [48]=Oop [88]=Oop [104]=NarrowOop [148]=NarrowOop [152]=NarrowOop [200]=Oop }
                      ;*checkcast {reexecute=0 rethrow=0 return_oop=0}
                      ; - java.util.jar.JarFile::getManifestFromReference@14
                      ; - java.util.jar.JarFile::getManifest@1
                      ; - jdk.internal.loader.URLClassPath$JarLoader$2::getManifest@22
                      ; - java.net.URLClassLoader::defineClass@34
                      ; - java.net.URLClassLoader$1::run@43
  0x000001f012764750: acfb 31fe 

  0x000001f012764754: ;   {other}
  0x000001f012764754: 0f1f 8400 | c46c 009d | bade ffff | ff4c 8b54 | 2450 4c89 | 5424 204c | 8b54 2458 | 4c89 5424 
  0x000001f012764774: 284c 8b54 | 2440 4c89 | 5424 3044 | 8b5c 2468 | 4c8b 5424 | 704c 8954 | 2448 4489 | 5c24 4444 
  0x000001f012764794: 8b9c 2494 | 0000 0044 | 895c 2478 | 458b d344 | 8954 247c 

  0x000001f0127647a8: ;   {runtime_call UncommonTrapBlob}
  0x000001f0127647a8: c5f8 77e8 

  0x000001f0127647ac: ; ImmutableOopMap {rbp=NarrowOop [32]=Oop [40]=Oop [48]=Oop [68]=NarrowOop [72]=Oop [96]=Oop [120]=NarrowOop [124]=NarrowOop [128]=NarrowOop [152]=NarrowOop }
                      ;*checkcast {reexecute=0 rethrow=0 return_oop=0}
                      ; - java.lang.ClassLoader::definePackage@50
                      ; - java.lang.ClassLoader::getDefinedPackage@32
                      ; - java.net.URLClassLoader::getAndVerifyPackage@2
                      ; - java.net.URLClassLoader::defineClass@46
                      ; - java.net.URLClassLoader$1::run@43
  0x000001f0127647ac: 50fb 31fe 

  0x000001f0127647b0: ;   {other}
  0x000001f0127647b0: 0f1f 8400 | 206d 009e | baf6 ffff | ff49 8bee 

  0x000001f0127647c0: ;   {runtime_call UncommonTrapBlob}
  0x000001f0127647c0: c5f8 77e8 

  0x000001f0127647c4: ; ImmutableOopMap {rbp=Oop }
                      ;*invokevirtual replace {reexecute=0 rethrow=0 return_oop=0}
                      ; - java.net.URLClassLoader$1::run@8
  0x000001f0127647c4: 38fb 31fe 

  0x000001f0127647c8: ;   {other}
  0x000001f0127647c8: 0f1f 8400 | 386d 009f | baf6 ffff | ff49 8bee 

  0x000001f0127647d8: ;   {runtime_call UncommonTrapBlob}
  0x000001f0127647d8: c5f8 77e8 

  0x000001f0127647dc: ; ImmutableOopMap {rbp=Oop }
                      ;*arraylength {reexecute=0 rethrow=0 return_oop=0}
                      ; - java.lang.StringLatin1::replace@8
                      ; - java.lang.String::replace@18
                      ; - java.net.URLClassLoader$1::run@8
  0x000001f0127647dc: 20fb 31fe 

  0x000001f0127647e0: ;   {other}
  0x000001f0127647e0: 0f1f 8400 | 506d 00a0 | baf6 ffff | ff49 8bee | 4889 4424 | 2066 6690 

  0x000001f0127647f8: ;   {runtime_call UncommonTrapBlob}
  0x000001f0127647f8: c5f8 77e8 

  0x000001f0127647fc: ; ImmutableOopMap {rbp=Oop [32]=Oop }
                      ;*getfield ucp {reexecute=1 rethrow=0 return_oop=0}
                      ; - (reexecute) java.net.URLClassLoader$1::run@21
  0x000001f0127647fc: 00fb 31fe 

  0x000001f012764800: ;   {other}
  0x000001f012764800: 0f1f 8400 | 706d 00a1 | baf6 ffff | ff48 8b6c | 2450 4889 | 7424 284c | 8b54 2438 | 4c89 5424 
  0x000001f012764820: 3066 6690 

  0x000001f012764824: ;   {runtime_call UncommonTrapBlob}
  0x000001f012764824: c5f8 77e8 

  0x000001f012764828: ; ImmutableOopMap {rbp=Oop [40]=Oop [148]=NarrowOop }
                      ;*invokevirtual lastIndexOf {reexecute=0 rethrow=0 return_oop=0}
                      ; - java.net.URLClassLoader::defineClass@7
                      ; - java.net.URLClassLoader$1::run@43
  0x000001f012764828: d4fa 31fe 

  0x000001f01276482c: ;   {other}
  0x000001f01276482c: 0f1f 8400 | 9c6d 00a2 | baf6 ffff | ff48 8b6c | 2450 4889 | 7424 284c | 8b54 2438 | 4c89 5424 
  0x000001f01276484c: 3066 6690 

  0x000001f012764850: ;   {runtime_call UncommonTrapBlob}
  0x000001f012764850: c5f8 77e8 

  0x000001f012764854: ; ImmutableOopMap {rbp=Oop [40]=Oop [148]=NarrowOop [152]=NarrowOop }
                      ;*arraylength {reexecute=0 rethrow=0 return_oop=0}
                      ; - java.lang.String::length@4
                      ; - java.lang.String::lastIndexOf@3
                      ; - java.net.URLClassLoader::defineClass@7
                      ; - java.net.URLClassLoader$1::run@43
  0x000001f012764854: a8fa 31fe 

  0x000001f012764858: ;   {other}
  0x000001f012764858: 0f1f 8400 | c86d 00a3 | baf6 ffff | ff66 6690 

  0x000001f012764868: ;   {runtime_call UncommonTrapBlob}
  0x000001f012764868: c5f8 77e8 

  0x000001f01276486c: ; ImmutableOopMap {[64]=Oop [80]=Oop [88]=Oop [148]=NarrowOop [152]=NarrowOop }
                      ;*arraylength {reexecute=0 rethrow=0 return_oop=0}
                      ; - java.net.URLClassLoader::defineClass@217
                      ; - java.net.URLClassLoader$1::run@43
  0x000001f01276486c: 90fa 31fe 

  0x000001f012764870: ;   {other}
  0x000001f012764870: 0f1f 8400 | e06d 00a4 | baf6 ffff | ff48 8b6c | 2450 4889 | 7424 204c | 8954 2428 | 4c8b 5424 
  0x000001f012764890: 384c 8954 | 2430 4489 | 4424 3890 

  0x000001f01276489c: ;   {runtime_call UncommonTrapBlob}
  0x000001f01276489c: c5f8 77e8 

  0x000001f0127648a0: ; ImmutableOopMap {rbp=Oop [32]=Oop [40]=Oop [56]=NarrowOop [148]=NarrowOop [152]=NarrowOop [200]=Oop }
                      ;*getfield jar {reexecute=1 rethrow=0 return_oop=0}
                      ; - (reexecute) jdk.internal.loader.URLClassPath$JarLoader$2::getManifest@7
                      ; - java.net.URLClassLoader::defineClass@34
                      ; - java.net.URLClassLoader$1::run@43
  0x000001f0127648a0: 5cfa 31fe 

  0x000001f0127648a4: ;   {other}
  0x000001f0127648a4: 0f1f 8400 | 146e 00a5 | baf6 ffff | ff48 8974 | 2420 4c89 | 5424 284c | 8b54 2438 | 4c89 5424 
  0x000001f0127648c4: 3044 8944 | 2438 6690 

  0x000001f0127648cc: ;   {runtime_call UncommonTrapBlob}
  0x000001f0127648cc: c5f8 77e8 

  0x000001f0127648d0: ; ImmutableOopMap {[32]=Oop [40]=Oop [56]=NarrowOop [80]=Oop [148]=NarrowOop [152]=NarrowOop [200]=Oop }
                      ;*getfield jar {reexecute=1 rethrow=0 return_oop=0}
                      ; - (reexecute) jdk.internal.loader.URLClassPath$JarLoader$2::getManifest@19
                      ; - java.net.URLClassLoader::defineClass@34
                      ; - java.net.URLClassLoader$1::run@43
  0x000001f0127648d0: 2cfa 31fe 

  0x000001f0127648d4: ;   {other}
  0x000001f0127648d4: 0f1f 8400 | 446e 00a6 | baf6 ffff | ff48 8974 | 2420 4c89 | 5424 284c | 8b54 2438 | 4c89 5424 
  0x000001f0127648f4: 3044 8944 | 2438 6690 

  0x000001f0127648fc: ;   {runtime_call UncommonTrapBlob}
  0x000001f0127648fc: c5f8 77e8 

  0x000001f012764900: ; ImmutableOopMap {[32]=Oop [40]=Oop [56]=NarrowOop [80]=Oop [148]=NarrowOop [152]=NarrowOop [200]=Oop }
                      ;*invokevirtual getManifest {reexecute=0 rethrow=0 return_oop=0}
                      ; - jdk.internal.loader.URLClassPath$JarLoader$2::getManifest@22
                      ; - java.net.URLClassLoader::defineClass@34
                      ; - java.net.URLClassLoader$1::run@43
  0x000001f012764900: fcf9 31fe 

  0x000001f012764904: ;   {other}
  0x000001f012764904: 0f1f 8400 | 746e 00a7 | baf6 ffff | ff48 8b6c | 2450 4889 | 7424 204c | 8b5c 2438 | 4c89 5c24 
  0x000001f012764924: 2844 8954 | 2430 4c89 | 4c24 4090 

  0x000001f012764930: ;   {runtime_call UncommonTrapBlob}
  0x000001f012764930: c5f8 77e8 

  0x000001f012764934: ; ImmutableOopMap {rbp=Oop [32]=Oop [64]=Oop [148]=NarrowOop [152]=NarrowOop }
                      ;*getfield csu {reexecute=1 rethrow=0 return_oop=0}
                      ; - (reexecute) jdk.internal.loader.URLClassPath$JarLoader$2::getCodeSourceURL@4
                      ; - java.net.URLClassLoader::defineClass@13
                      ; - java.net.URLClassLoader$1::run@43
  0x000001f012764934: c8f9 31fe 

  0x000001f012764938: ;   {other}
  0x000001f012764938: 0f1f 8400 | a86e 00a8 | ba45 ffff | ff48 8b6c | 2450 4889 | 7424 204c | 8b5c 2438 | 4c89 5c24 
  0x000001f012764958: 3044 8944 | 2438 4c89 | 5424 4889 | 4c24 5890 

  0x000001f012764968: ;   {runtime_call UncommonTrapBlob}
  0x000001f012764968: c5f8 77e8 

  0x000001f01276496c: ; ImmutableOopMap {rbp=Oop [32]=Oop [56]=NarrowOop [72]=Oop [88]=NarrowOop [148]=NarrowOop [152]=NarrowOop [200]=Oop }
                      ;*ifnonnull {reexecute=1 rethrow=0 return_oop=0}
                      ; - (reexecute) jdk.internal.access.SharedSecrets::javaUtilJarAccess@5
                      ; - jdk.internal.loader.URLClassPath$JarLoader$2::getManifest@0
                      ; - java.net.URLClassLoader::defineClass@34
                      ; - java.net.URLClassLoader$1::run@43
  0x000001f01276496c: 90f9 31fe 

  0x000001f012764970: ;   {other}
  0x000001f012764970: 0f1f 8400 | e06e 00a9 | ba45 ffff | ff4c 8b5c | 2450 4c89 | 5c24 2048 | 8974 2428 | 4c89 5424 
  0x000001f012764990: 3044 8944 | 2440 4889 | 4c24 5890 

  0x000001f01276499c: ;   {runtime_call UncommonTrapBlob}
  0x000001f01276499c: c5f8 77e8 

  0x000001f0127649a0: ; ImmutableOopMap {rbp=NarrowOop [32]=Oop [40]=Oop [48]=Oop [64]=NarrowOop [88]=Oop [148]=NarrowOop [152]=NarrowOop [200]=Oop }
                      ;*ifnull {reexecute=1 rethrow=0 return_oop=0}
                      ; - (reexecute) java.lang.ref.SoftReference::get@6
                      ; - java.util.jar.JarFile::getManifestFromReference@11
                      ; - java.util.jar.JarFile::getManifest@1
                      ; - jdk.internal.loader.URLClassPath$JarLoader$2::getManifest@22
                      ; - java.net.URLClassLoader::defineClass@34
                      ; - java.net.URLClassLoader$1::run@43
  0x000001f0127649a0: 5cf9 31fe 

  0x000001f0127649a4: ;   {other}
  0x000001f0127649a4: 0f1f 8400 | 146f 00aa | baf6 ffff | ff48 8b6c | 2450 4c8b | 5424 404c | 8954 2428 | 4c8b 5424 
  0x000001f0127649c4: 384c 8954 | 2430 4c89 | 4c24 4090 

  0x000001f0127649d0: ;   {runtime_call UncommonTrapBlob}
  0x000001f0127649d0: c5f8 77e8 

  0x000001f0127649d4: ; ImmutableOopMap {rbp=Oop [40]=Oop [64]=Oop [88]=Oop [96]=Oop [104]=NarrowOop [148]=NarrowOop [152]=NarrowOop }
                      ;*arraylength {reexecute=0 rethrow=0 return_oop=0}
                      ; - java.lang.String::isEmpty@4
                      ; - java.lang.ClassLoader::definePackage@1
                      ; - java.lang.ClassLoader::getDefinedPackage@32
                      ; - java.net.URLClassLoader::getAndVerifyPackage@2
                      ; - java.net.URLClassLoader::defineClass@46
                      ; - java.net.URLClassLoader$1::run@43
  0x000001f0127649d4: 28f9 31fe 

  0x000001f0127649d8: ;   {other}
  0x000001f0127649d8: 0f1f 8400 | 486f 00ab | baf6 ffff | ff48 8b6c | 2450 4c8b | 5424 404c | 8954 2428 | 4c8b 5424 
  0x000001f0127649f8: 384c 8954 | 2430 6690 

  0x000001f012764a00: ;   {runtime_call UncommonTrapBlob}
  0x000001f012764a00: c5f8 77e8 

  0x000001f012764a04: ; ImmutableOopMap {rbp=Oop [40]=Oop [88]=Oop [96]=Oop [104]=NarrowOop [112]=Oop [148]=NarrowOop [152]=NarrowOop }
                      ;*invokevirtual isNamed {reexecute=0 rethrow=0 return_oop=0}
                      ; - java.lang.Package::isSealed@4
                      ; - java.net.URLClassLoader::getAndVerifyPackage@14
                      ; - java.net.URLClassLoader::defineClass@46
                      ; - java.net.URLClassLoader$1::run@43
  0x000001f012764a04: f8f8 31fe 

  0x000001f012764a08: ;   {other}
  0x000001f012764a08: 0f1f 8400 | 786f 00ac | baf6 ffff | ff48 8b6c | 2450 4c8b | 5424 404c | 8954 2428 | 4c8b 5424 
  0x000001f012764a28: 384c 8954 | 2430 6690 

  0x000001f012764a30: ;   {runtime_call UncommonTrapBlob}
  0x000001f012764a30: c5f8 77e8 

  0x000001f012764a34: ; ImmutableOopMap {rbp=Oop [40]=Oop [88]=Oop [96]=Oop [104]=NarrowOop [112]=Oop [148]=NarrowOop [152]=NarrowOop }
                      ;*getfield sealBase {reexecute=1 rethrow=0 return_oop=0}
                      ; - (reexecute) java.lang.Package::isSealed@14
                      ; - java.net.URLClassLoader::getAndVerifyPackage@14
                      ; - java.net.URLClassLoader::defineClass@46
                      ; - java.net.URLClassLoader$1::run@43
  0x000001f012764a34: c8f8 31fe 

  0x000001f012764a38: ;   {other}
  0x000001f012764a38: 0f1f 8400 | a86f 00ad | baf6 ffff | ff48 8b6c | 2450 4c8b | 5424 404c | 8954 2428 | 4c8b 5424 
  0x000001f012764a58: 384c 8954 | 2430 6690 

  0x000001f012764a60: ;   {runtime_call UncommonTrapBlob}
  0x000001f012764a60: c5f8 77e8 

  0x000001f012764a64: ; ImmutableOopMap {rbp=Oop [40]=Oop [88]=Oop [96]=Oop [104]=NarrowOop [112]=Oop [148]=NarrowOop [152]=NarrowOop }
                      ;*arraylength {reexecute=0 rethrow=0 return_oop=0}
                      ; - java.lang.StringLatin1::replace@8
                      ; - java.lang.String::replace@18
                      ; - java.net.URLClassLoader::isSealed@9
                      ; - java.net.URLClassLoader::getAndVerifyPackage@68
                      ; - java.net.URLClassLoader::defineClass@46
                      ; - java.net.URLClassLoader$1::run@43
  0x000001f012764a64: 98f8 31fe 

  0x000001f012764a68: ;   {other}
  0x000001f012764a68: 0f1f 8400 | d86f 00ae | baf6 ffff | ff48 8b6c | 2450 4c8b | 5424 584c | 8954 2420 | 4c8b 5424 
  0x000001f012764a88: 404c 8954 | 2428 4c8b | 5424 384c | 8954 2430 | 4c89 4c24 | 404c 895c | 2448 4889 | 4424 5890 
  0x000001f012764aa8: ;   {runtime_call UncommonTrapBlob}
  0x000001f012764aa8: c5f8 77e8 

  0x000001f012764aac: ; ImmutableOopMap {rbp=Oop [32]=Oop [40]=Oop [64]=Oop [72]=Oop [88]=Oop [104]=NarrowOop [148]=NarrowOop [152]=NarrowOop }
                      ;*invokeinterface get {reexecute=0 rethrow=0 return_oop=0}
                      ; - java.util.jar.Manifest::getAttributes@5
                      ; - java.util.jar.Manifest::getTrustedAttributes@2
                      ; - java.util.jar.JavaUtilJarAccessImpl::getTrustedAttributes@2
                      ; - java.net.URLClassLoader::isSealed@18
                      ; - java.net.URLClassLoader::getAndVerifyPackage@68
                      ; - java.net.URLClassLoader::defineClass@46
                      ; - java.net.URLClassLoader$1::run@43
  0x000001f012764aac: 50f8 31fe 

  0x000001f012764ab0: ;   {other}
  0x000001f012764ab0: 0f1f 8400 | 2070 00af | baf6 ffff | ff48 8b6c | 2450 4c8b | 5424 404c | 8954 2428 | 4c8b 5424 
  0x000001f012764ad0: 384c 8954 | 2430 4c89 | 4c24 404c | 895c 2448 

  0x000001f012764ae0: ;   {runtime_call UncommonTrapBlob}
  0x000001f012764ae0: c5f8 77e8 

  0x000001f012764ae4: ; ImmutableOopMap {rbp=Oop [40]=Oop [64]=Oop [72]=Oop [88]=Oop [104]=NarrowOop [148]=NarrowOop [152]=NarrowOop }
                      ;*invokeinterface get {reexecute=0 rethrow=0 return_oop=0}
                      ; - java.util.jar.Attributes::get@5
                      ; - java.util.jar.Attributes::getValue@2
                      ; - java.net.URLClassLoader::isSealed@58
                      ; - java.net.URLClassLoader::getAndVerifyPackage@68
                      ; - java.net.URLClassLoader::defineClass@46
                      ; - java.net.URLClassLoader$1::run@43
  0x000001f012764ae4: 18f8 31fe 

  0x000001f012764ae8: ;   {other}
  0x000001f012764ae8: 0f1f 8400 | 5870 00b0 | baf4 ffff | ff48 8b6c | 2450 4c8b | 5424 584c | 8954 2420 | 4c8b 5424 
  0x000001f012764b08: 404c 8954 | 2428 4c8b | 5424 384c | 8954 2430 | 4c8b 5424 | 484c 8954 | 2440 4c8b | 5424 604c 
  0x000001f012764b28: 8954 2448 | 448b 5424 | 6844 8954 | 243c 448b | 9c24 9400 | 0000 4489 | 5c24 6890 

  0x000001f012764b44: ;   {runtime_call UncommonTrapBlob}
  0x000001f012764b44: c5f8 77e8 

  0x000001f012764b48: ; ImmutableOopMap {rbp=Oop [32]=Oop [40]=Oop [60]=NarrowOop [64]=Oop [72]=Oop [104]=NarrowOop [148]=NarrowOop [152]=NarrowOop }
                      ;*checkcast {reexecute=0 rethrow=0 return_oop=0}
                      ; - java.lang.ClassLoader::definePackage@81
                      ; - java.lang.ClassLoader::getDefinedPackage@32
                      ; - java.net.URLClassLoader::getAndVerifyPackage@2
                      ; - java.net.URLClassLoader::defineClass@46
                      ; - java.net.URLClassLoader$1::run@43
  0x000001f012764b48: b4f7 31fe 

  0x000001f012764b4c: ;   {other}
  0x000001f012764b4c: 0f1f 8400 | bc70 00b1 | ba45 ffff | ff48 8b6c | 2450 4c8b | 4c24 584c | 894c 2420 | 4c8b 4c24 
  0x000001f012764b6c: 404c 894c | 2428 4c8b | 4c24 384c | 894c 2430 | 448b 4c24 | 6844 894c | 2438 4c8b | 4c24 704c 
  0x000001f012764b8c: 894c 2450 | 4c89 5424 | 584c 894c | 2460 4c89 | 5c24 6844 | 8944 2478 

  0x000001f012764ba4: ;   {runtime_call UncommonTrapBlob}
  0x000001f012764ba4: c5f8 77e8 

  0x000001f012764ba8: ; ImmutableOopMap {rbp=Oop [32]=Oop [40]=Oop [56]=NarrowOop [80]=Oop [88]=Oop [96]=Oop [104]=Oop [120]=NarrowOop [148]=NarrowOop [152]=NarrowOop }
                      ;*ifnonnull {reexecute=1 rethrow=0 return_oop=0}
                      ; - (reexecute) jdk.internal.access.SharedSecrets::javaUtilJarAccess@5
                      ; - java.net.URLClassLoader::isSealed@0
                      ; - java.net.URLClassLoader::getAndVerifyPackage@68
                      ; - java.net.URLClassLoader::defineClass@46
                      ; - java.net.URLClassLoader$1::run@43
  0x000001f012764ba8: 54f7 31fe 

  0x000001f012764bac: ;   {other}
  0x000001f012764bac: 0f1f 8400 | 1c71 00b2 | ba45 ffff | ff48 8b6c | 2450 4c8b | 4424 584c | 8944 2420 | 4c8b 4424 
  0x000001f012764bcc: 404c 8944 | 2428 4c8b | 4424 384c | 8944 2430 | 8b5c 2468 | 895c 2438 | 4c89 5c24 | 484c 894c 
  0x000001f012764bec: 2450 4c89 | 5424 5889 | 4c24 6890 

  0x000001f012764bf8: ;   {runtime_call UncommonTrapBlob}
  0x000001f012764bf8: c5f8 77e8 

  0x000001f012764bfc: ; ImmutableOopMap {rbp=Oop [32]=Oop [40]=Oop [56]=NarrowOop [72]=Oop [80]=Oop [88]=Oop [104]=NarrowOop [148]=NarrowOop [152]=NarrowOop }
                      ;*ifnull {reexecute=1 rethrow=0 return_oop=0}
                      ; - (reexecute) java.net.URLClassLoader::isSealed@51
                      ; - java.net.URLClassLoader::getAndVerifyPackage@68
                      ; - java.net.URLClassLoader::defineClass@46
                      ; - java.net.URLClassLoader$1::run@43
  0x000001f012764bfc: 00f7 31fe 

  0x000001f012764c00: ;   {other}
  0x000001f012764c00: 0f1f 8400 | 7071 00b3 | ba45 ffff | ff4c 8b5c | 2450 4c89 | 5c24 204c | 8b5c 2458 | 4c89 5c24 
  0x000001f012764c20: 284c 8b5c | 2440 4c89 | 5c24 308b | 4c24 684c | 894c 2458 | 4c89 4424 | 6089 4c24 | 444c 894c 
  0x000001f012764c40: 2468 4489 | 9424 8000 | 0000 4489 | 9424 8400 | 0000 4489 | ac24 8800 | 0000 899c | 248c 0000 
  0x000001f012764c60: 0066 6690 

  0x000001f012764c64: ;   {runtime_call UncommonTrapBlob}
  0x000001f012764c64: c5f8 77e8 

  0x000001f012764c68: ; ImmutableOopMap {rbp=NarrowOop [32]=Oop [40]=Oop [48]=Oop [68]=NarrowOop [88]=Oop [96]=Oop [104]=Oop [128]=NarrowOop [132]=NarrowOop [136]=NarrowOop [152]=NarrowOop }
                      ;*ifnull {reexecute=1 rethrow=0 return_oop=0}
                      ; - (reexecute) java.util.concurrent.ConcurrentHashMap::get@67
                      ; - java.lang.ClassLoader::getDefinedPackage@13
                      ; - java.net.URLClassLoader::getAndVerifyPackage@2
                      ; - java.net.URLClassLoader::defineClass@46
                      ; - java.net.URLClassLoader$1::run@43
  0x000001f012764c68: 94f6 31fe 

  0x000001f012764c6c: ;   {other}
  0x000001f012764c6c: 0f1f 8400 | dc71 00b4 | baf6 ffff | ff48 8b6c | 2450 4c8b | 5424 404c | 8954 2428 | 4c8b 5424 
  0x000001f012764c8c: 384c 8954 | 2430 4c89 | 4c24 404c | 895c 2448 

  0x000001f012764c9c: ;   {runtime_call UncommonTrapBlob}
  0x000001f012764c9c: c5f8 77e8 

  0x000001f012764ca0: ; ImmutableOopMap {rbp=Oop [40]=Oop [64]=Oop [72]=Oop [88]=Oop [104]=NarrowOop [148]=NarrowOop [152]=NarrowOop }
                      ;*arraylength {reexecute=0 rethrow=0 return_oop=0}
                      ; - java.lang.String::length@4
                      ; - java.lang.String::equalsIgnoreCase@14
                      ; - java.net.URLClassLoader::isSealed@68
                      ; - java.net.URLClassLoader::getAndVerifyPackage@68
                      ; - java.net.URLClassLoader::defineClass@46
                      ; - java.net.URLClassLoader$1::run@43
  0x000001f012764ca0: 5cf6 31fe 

  0x000001f012764ca4: ;   {other}
  0x000001f012764ca4: 0f1f 8400 | 1472 00b5 | ba45 ffff | ff4c 8b54 | 2450 4c89 | 5424 204c | 8b54 2458 | 4c89 5424 
  0x000001f012764cc4: 284c 8b54 | 2440 4c89 | 5424 3044 | 8b5c 2468 | 4c8b 5424 | 704c 8954 | 2448 4489 | 5c24 4444 
  0x000001f012764ce4: 8b9c 2494 | 0000 0044 | 899c 2488 | 0000 0045 | 8bd3 4489 | 9424 8c00 | 0000 4489 | 8424 9000 
  0x000001f012764d04: 0000 6690 

  0x000001f012764d08: ;   {runtime_call UncommonTrapBlob}
  0x000001f012764d08: c5f8 77e8 

  0x000001f012764d0c: ; ImmutableOopMap {rbp=NarrowOop [32]=Oop [40]=Oop [48]=Oop [68]=NarrowOop [72]=Oop [96]=Oop [128]=NarrowOop [136]=NarrowOop [140]=NarrowOop [144]=NarrowOop [152]=NarrowOop }
                      ;*ifnull {reexecute=1 rethrow=0 return_oop=0}
                      ; - (reexecute) java.util.concurrent.ConcurrentHashMap::get@67
                      ; - java.lang.ClassLoader::definePackage@47
                      ; - java.lang.ClassLoader::getDefinedPackage@32
                      ; - java.net.URLClassLoader::getAndVerifyPackage@2
                      ; - java.net.URLClassLoader::defineClass@46
                      ; - java.net.URLClassLoader$1::run@43
  0x000001f012764d0c: f0f5 31fe 

  0x000001f012764d10: ;   {other}
  0x000001f012764d10: 0f1f 8400 | 8072 00b6 | ba45 ffff | ff48 8b6c | 2450 4c8b | 5424 584c | 8954 2420 | 4c8b 5424 
  0x000001f012764d30: 404c 8954 | 2428 4c8b | 5424 384c | 8954 2430 | 448b 5424 | 6844 8954 | 2438 4c89 | 4424 5890 
  0x000001f012764d50: ;   {runtime_call UncommonTrapBlob}
  0x000001f012764d50: c5f8 77e8 

  0x000001f012764d54: ; ImmutableOopMap {rbp=Oop [32]=Oop [40]=Oop [56]=NarrowOop [72]=Oop [88]=Oop [96]=Oop [148]=NarrowOop [152]=NarrowOop [200]=Oop }
                      ;*ifnull {reexecute=1 rethrow=0 return_oop=0}
                      ; - (reexecute) java.util.jar.JarFile::getManifestFromReference@148
                      ; - java.util.jar.JarFile::getManifest@1
                      ; - jdk.internal.loader.URLClassPath$JarLoader$2::getManifest@22
                      ; - java.net.URLClassLoader::defineClass@34
                      ; - java.net.URLClassLoader$1::run@43
  0x000001f012764d54: a8f5 31fe 

  0x000001f012764d58: ;   {other}
  0x000001f012764d58: 0f1f 8400 | c872 00b7 | baf6 ffff | ff48 8b6c | 2450 4889 | 7424 204c | 8b5c 2438 | 4c89 5c24 
  0x000001f012764d78: 2844 8954 | 2430 4c89 | 4c24 4090 

  0x000001f012764d84: ;   {runtime_call UncommonTrapBlob}
  0x000001f012764d84: c5f8 77e8 

  0x000001f012764d88: ; ImmutableOopMap {rbp=Oop [32]=Oop [64]=Oop [148]=NarrowOop [152]=NarrowOop }
                      ;*invokevirtual getBaseURL {reexecute=0 rethrow=0 return_oop=0}
                      ; - jdk.internal.loader.URLClassPath$FileLoader$1::getCodeSourceURL@4
                      ; - java.net.URLClassLoader::defineClass@13
                      ; - java.net.URLClassLoader$1::run@43
  0x000001f012764d88: 74f5 31fe 

  0x000001f012764d8c: ;   {other}
  0x000001f012764d8c: 0f1f 8400 | fc72 00b8 | baf6 ffff | ff48 8b6c | 2450 4c8b | 5424 584c | 8954 2420 | 4c8b 5424 
  0x000001f012764dac: 404c 8954 | 2428 4c8b | 5424 384c | 8954 2430 | 448b 5424 | 6844 8954 | 2438 6690 

  0x000001f012764dc8: ;   {runtime_call UncommonTrapBlob}
  0x000001f012764dc8: c5f8 77e8 

  0x000001f012764dcc: ; ImmutableOopMap {rbp=Oop [32]=Oop [40]=Oop [56]=NarrowOop [72]=Oop [96]=Oop [128]=NarrowOop [148]=NarrowOop [152]=NarrowOop [160]=Oop [200]=Oop }
                      ;*arraylength {reexecute=0 rethrow=0 return_oop=0}
                      ; - java.io.ByteArrayInputStream::<init>@21
                      ; - java.util.jar.JarFile::getManifestFromReference@114
                      ; - java.util.jar.JarFile::getManifest@1
                      ; - jdk.internal.loader.URLClassPath$JarLoader$2::getManifest@22
                      ; - java.net.URLClassLoader::defineClass@34
                      ; - java.net.URLClassLoader$1::run@43
  0x000001f012764dcc: 30f5 31fe 

  0x000001f012764dd0: ;   {other}
  0x000001f012764dd0: 0f1f 8400 | 4073 00b9 | ba97 ffff | ff48 8b6c | 2450 4c8b | 5424 384c | 8954 2430 | 448b 5c24 
  0x000001f012764df0: 4444 895c | 2438 448b | 5424 4044 | 8954 243c 

  0x000001f012764e00: ;   {runtime_call UncommonTrapBlob}
  0x000001f012764e00: c5f8 77e8 

  0x000001f012764e04: ; ImmutableOopMap {rbp=Oop [56]=NarrowOop [60]=NarrowOop [88]=Oop [96]=Oop [148]=NarrowOop [152]=NarrowOop }
                      ;*invokevirtual clone {reexecute=1 rethrow=0 return_oop=0}
                      ; - (reexecute) java.util.Arrays::copyOfRange@18
                      ; - java.lang.StringLatin1::newString@16
                      ; - java.lang.String::substring@41
                      ; - java.net.URLClassLoader::defineClass@28
                      ; - java.net.URLClassLoader$1::run@43
  0x000001f012764e04: f8f4 31fe 

  0x000001f012764e08: ;   {other}
  0x000001f012764e08: 0f1f 8400 | 7873 00ba | 4c8b d0e9 | 7d04 0000 | 488b d8e9 | a802 0000 | 4c8b d0e9 | 6d04 0000 
  0x000001f012764e28: 4c8b d0e9 | 6504 0000 | 4c8b d0e9 | 5d04 0000 | 4c8b d0e9 | 5504 0000 | 4c8b d0e9 | 4d04 0000 
  0x000001f012764e48: 4c8b d0e9 | 4504 0000 | 4c8b d0e9 | 3d04 0000 | 4c8b d0e9 | 3504 0000 | 4c8b d0e9 | 2d04 0000 
  0x000001f012764e68: 4c8b d0e9 | 2504 0000 | 4c8b d0e9 | 1d04 0000 | 4c8b d0e9 | 1504 0000 | 4c8b d0e9 | 0d04 0000 
  0x000001f012764e88: 4c8b d0e9 | 0504 0000 | 4c8b d0e9 | fd03 0000 | 4c8b d0e9 | f503 0000 | 4c8b d0e9 | 6304 0000 
  0x000001f012764ea8: 488b 6c24 | 204c 8b5c | 2428 4c89 | 5c24 204c | 8b5c 2440 | 4c89 5c24 | 284c 8b5c | 2438 4c89 
  0x000001f012764ec8: 5c24 3048 | 8b94 2480 | 0000 004c | 8bc0 6690 

  0x000001f012764ed8: ;   {optimized virtual_call}
  0x000001f012764ed8: c5f8 77e8 

  0x000001f012764edc: ; ImmutableOopMap {rbp=Oop [32]=Oop [40]=Oop [80]=Oop [88]=Oop [104]=NarrowOop [128]=Oop [200]=Oop }
                      ;*invokevirtual addSuppressed {reexecute=0 rethrow=0 return_oop=0}
                      ; - java.util.jar.JarFile::getManifestFromReference@177
                      ; - java.util.jar.JarFile::getManifest@1
                      ; - jdk.internal.loader.URLClassPath$JarLoader$2::getManifest@22
                      ; - java.net.URLClassLoader::defineClass@34
                      ; - java.net.URLClassLoader$1::run@43
  0x000001f012764edc: a09b 31fe 

  0x000001f012764ee0: ;   {other}
  0x000001f012764ee0: 0f1f 8400 | 5074 00bb | e99b 0300 | 00e9 6503 | 0000 4889 | 8424 8000 | 0000 e960 | 0300 00e9 
  0x000001f012764f00: 5303 0000 | 4c8b d0e9 | 8903 0000 | 488b d844 | 8b50 084d | 33c0 4f8d | 04d0 e9fa | 0300 0048 
  0x000001f012764f20: 8944 2470 | 488b 6c24 | 304c 8b54 | 2428 4c89 | 5424 204c | 8b54 2460 | 4c89 5424 | 284c 8b54 
  0x000001f012764f40: 2438 4c89 | 5424 3044 | 8b5c 2440 | 4489 5c24 | 3848 8b54 | 2468 6690 

  0x000001f012764f58: ;   {static_call}
  0x000001f012764f58: c5f8 77e8 

  0x000001f012764f5c: ; ImmutableOopMap {rbp=Oop [32]=Oop [40]=Oop [56]=NarrowOop [80]=Oop [88]=Oop [112]=Oop [128]=Oop [200]=Oop }
                      ;*invokestatic endInit {reexecute=0 rethrow=0 return_oop=0}
                      ; - java.util.jar.JarFile::ensureInitialization@53
                      ; - java.util.jar.JavaUtilJarAccessImpl::ensureInitialization@1
                      ; - jdk.internal.loader.URLClassPath$JarLoader$2::getManifest@10
                      ; - java.net.URLClassLoader::defineClass@34
                      ; - java.net.URLClassLoader$1::run@43
  0x000001f012764f5c: 20a1 31fe 

  0x000001f012764f60: ;   {other}
  0x000001f012764f60: 0f1f 8400 | d074 00bc | 4c8b 5424 | 7049 8bda | e953 0100 | 0048 8bd8 | e94b 0100 | 0048 8bd8 
  0x000001f012764f80: e943 0100 | 004c 8bd0 | e97e 0300 | 004c 8bd0 | e976 0300 | 004c 8bd0 | e96e 0300 | 004c 8bd0 
  0x000001f012764fa0: eb76 4c8b | d0e9 6103 | 0000 4c8b | d0e9 5903 | 0000 488b | d8e9 f203 | 0000 488b | d8e9 ea03 
  0x000001f012764fc0: 0000 488b | d8e9 e203 | 0000 488b | d844 8b50 | 084d 33c0 | 4f8d 04d0 | e93c 0300 | 004c 8bd0 
  0x000001f012764fe0: e9b0 0200 | 004c 8bd0 | eb03 4c8b | d049 8bda | 458b 5a08 | 4d33 c04f | 8d04 d8e9 | 1903 0000 
  0x000001f012765000: 4c8b d0eb | 034c 8bd0 | 498b dae9 | 9c03 0000 | 4c8b d0eb | 034c 8bd0 | 498b dae9 | 8c03 0000 
  0x000001f012765020: 4c8b d0e9 | e302 0000 | 488b d844 | 8b58 084d | 33c0 4f8d | 04d8 4d8b | 5050 4c3b | d50f 85d6 
  0x000001f012765040: 0200 0045 | 33c9 e9a0 | 0100 004c | 8bd0 e942 | 0200 004c | 8bd0 e93a | 0200 004c 

  0x000001f01276505c: ;   {no_reloc}
  0x000001f01276505c: 8bd0 e932 | 0200 004c | 8bd0 e92a | 0200 004c | 8bd0 e975 | 0200 004c | 8bd0 e990 | 0200 004c 
  0x000001f01276507c: 8bd0 e988 | 0200 004c | 8bd0 e980 | 0200 004c | 8bd0 e978 | 0200 004c | 8bd0 e970 | 0200 004c 
  0x000001f01276509c: 8bd0 e9f2 | 0100 0048 | 8bd8 448b | 5008 4d33 | db4f 8d1c | d34d 8b53 

  0x000001f0127650b4: ;   {metadata('java/io/IOException')}
  0x000001f0127650b4: 4849 bb00 | f009 0001 | 0000 004d | 3bd3 0f84 | 2803 0000 | 4c8b 9c24 | 8000 0000 | 488d 8424 
  0x000001f0127650d4: e000 0000 | 4883 3800 | 0f84 7900 | 0000 4d8b | 1341 f6c2 | 020f 8462 | 0000 0049 | 83ba 8600 
  0x000001f0127650f4: 0000 0074 | 0949 ff8a | 8600 0000 | eb4b 498b | 8296 0000 | 0049 0b82 | 8e00 0000 | 750a 49c7 
  0x000001f012765114: 423e 0000 | 0000 eb3d | 4983 ba9e | 0000 0000 | 7422 4833 | c049 c742 | 3e00 0000 | 00f0 8304 
  0x000001f012765134: 2400 4983 | ba9e 0000 | 0000 750d | f04d 0fb1 | 7a3e 7505 | 83c8 01eb | 0ca8 00eb | 084c 8b10 
  0x000001f012765154: f04d 0fb1 | 1375 0a49 | ff8f 5005 | 0000 4533 | d20f 842d | 0100 0048 | 8b8c 2480 | 0000 0048 
  0x000001f012765174: 8d94 24e0 | 0000 004d | 8bc7 c5f8 | 7749 bab0 | d7e3 ceff | 7f00 0041 

  0x000001f01276518c: ;   {other}
  0x000001f01276518c: ffd2 0f1f | 8400 0000 | 0000 e9fd | 0000 004c | 8bd0 e9f2 | 0000 004c | 8bd0 e960 | 0100 004c 
  0x000001f0127651ac: 8bd0 e958 | 0100 004c | 8bd0 e950 | 0100 004c | 8bd0 e948 | 0100 004c | 8bd0 e940 | 0100 0048 
  0x000001f0127651cc: 8bd8 448b | 5008 4d33 | c04f 8d04 | d04d 8b50 | 504c 3bd5 | 0f85 3301 | 0000 4c8b | 4c24 6044 
  0x000001f0127651ec: 8b94 2494 | 0000 0049 | 8bd2 488b | 6c24 404c | 8b44 2448 | 488b 7c24 | 3066 6690 

  0x000001f012765208: ;   {optimized virtual_call}
  0x000001f012765208: c5f8 77e8 

  0x000001f01276520c: ; ImmutableOopMap {rbp=Oop [40]=Oop [48]=Oop [72]=Oop [80]=Oop [88]=Oop [104]=NarrowOop [148]=NarrowOop [152]=NarrowOop }
                      ;*invokevirtual getAndVerifyPackage {reexecute=0 rethrow=0 return_oop=1}
                      ; - java.net.URLClassLoader::defineClass@97
                      ; - java.net.URLClassLoader$1::run@43
  0x000001f01276520c: 7098 31fe 

  0x000001f012765210: ;   {other}
  0x000001f012765210: 0f1f 8400 | 8077 00bd | 4885 c00f | 84b7 0100 | 0048 8b74 | 2458 4c8b | 5c24 2844 | 8b44 2468 
  0x000001f012765230: e9c4 a9ff | ff4c 8bd0 | e9ce 0000 | 004c 8bd0 | e9c6 0000 | 004c 8bd0 | e9be 0000 | 004c 8bd0 
  0x000001f012765250: e9b6 0000 | 00eb 0048 | 8984 2480 | 0000 004c | 8b54 2460 | 4d85 d274 | 1f49 8bd2 | 6690 c5f8 
  0x000001f012765270: 7748 b8ff | ffff ffff 

  0x000001f012765278: ;   {virtual_call}
  0x000001f012765278: ffff ffe8 

  0x000001f01276527c: ; ImmutableOopMap {[32]=Oop [40]=Oop [64]=Oop [80]=Oop [88]=Oop [104]=NarrowOop [128]=Oop [200]=Oop }
                      ;*invokevirtual close {reexecute=0 rethrow=0 return_oop=0}
                      ; - java.util.jar.JarFile::getManifestFromReference@165
                      ; - java.util.jar.JarFile::getManifest@1
                      ; - jdk.internal.loader.URLClassPath$JarLoader$2::getManifest@22
                      ; - java.net.URLClassLoader::defineClass@34
                      ; - java.net.URLClassLoader$1::run@43
  0x000001f01276527c: 009b 31fe 

  0x000001f012765280: ;   {other}
  0x000001f012765280: 0f1f 8400 | f077 00be | 4c8b 9424 | 8000 0000 | eb03 4c8b | d049 8bda | 448b 5b08 | 4d33 c04f 
  0x000001f0127652a0: 8d04 d8eb | 7448 8bd8 | 448b 5008 | 4d33 c04f | 8d04 d0eb | 6448 8bd8 | 448b 5008 | 4d33 c04f 
  0x000001f0127652c0: 8d04 d0eb | 5448 8bd8 | 448b 5008 | 4d33 c04f | 8d04 d0eb | 4448 8bd8 | 448b 5008 | 4d33 c04f 
  0x000001f0127652e0: 8d04 d0eb | 344c 8bd0 | 498b da45 | 8b52 084d | 33c0 4f8d | 04d0 eb21 | 488b d844 | 8b50 084d 
  0x000001f012765300: 33c0 4f8d | 04d0 eb11 | 4c8b d049 | 8bda 458b | 5208 4d33 | c04f 8d04 | d04d 8b50 

  0x000001f01276531c: ;   {metadata('java/io/IOException')}
  0x000001f01276531c: 4849 bb00 | f009 0001 | 0000 004d | 3bd3 0f84 | 8f00 0000 | 4d8b 5050 

  0x000001f012765334: ;   {metadata('java/lang/ClassFormatError')}
  0x000001f012765334: 49bb 00f0 | 3c00 0100 | 0000 4d3b | d375 6948 | 8beb 488b | 5424 5866 | 6690 c5f8 | 7748 b8ff 
  0x000001f012765354: ffff ffff 

  0x000001f012765358: ;   {virtual_call}
  0x000001f012765358: ffff ffe8 

  0x000001f01276535c: ; ImmutableOopMap {rbp=Oop [88]=Oop }
                      ;*invokevirtual getDataError {reexecute=0 rethrow=0 return_oop=1}
                      ; - java.net.URLClassLoader$1::run@63
  0x000001f01276535c: 209a 31fe 

  0x000001f012765360: ;   {other}
  0x000001f012765360: 0f1f 8400 | d078 00bf | 4885 c074 | 3748 8b54 | 2458 c5f8 | 7748 b8ff | ffff ffff 

  0x000001f01276537c: ;   {virtual_call}
  0x000001f01276537c: ffff ffe8 

  0x000001f012765380: ; ImmutableOopMap {rbp=Oop }
                      ;*invokevirtual getDataError {reexecute=0 rethrow=0 return_oop=1}
                      ; - java.net.URLClassLoader$1::run@71
  0x000001f012765380: fc99 31fe 

  0x000001f012765384: ;   {other}
  0x000001f012765384: 0f1f 8400 | f478 00c0 | 488b d54c | 8bc0 6690 

  0x000001f012765394: ;   {optimized virtual_call}
  0x000001f012765394: c5f8 77e8 

  0x000001f012765398: ; ImmutableOopMap {rbp=Oop }
                      ;*invokevirtual addSuppressed {reexecute=0 rethrow=0 return_oop=0}
                      ; - java.net.URLClassLoader$1::run@74
  0x000001f012765398: e496 31fe 

  0x000001f01276539c: ;   {other}
  0x000001f01276539c: 0f1f 8400 | 0c79 00c1 | 488b d5eb | 0648 8bd8 | 488b d3c5 | f877 4881 | c4f0 0000 

  0x000001f0127653b8: ;   {runtime_call _rethrow_Java}
  0x000001f0127653b8: 005d e941 | 2b3e fe48 | 8beb ba2f | 0000 0090 

  0x000001f0127653c8: ;   {runtime_call UncommonTrapBlob}
  0x000001f0127653c8: c5f8 77e8 

  0x000001f0127653cc: ; ImmutableOopMap {rbp=Oop [80]=Oop }
                      ;*new {reexecute=0 rethrow=0 return_oop=0}
                      ; - java.net.URLClassLoader$1::run@48
  0x000001f0127653cc: 30ef 31fe 

  0x000001f0127653d0: ;   {other}
  0x000001f0127653d0: 0f1f 8400 | 4079 00c2 | bafd 0000 | 0066 6690 

  0x000001f0127653e0: ;   {runtime_call UncommonTrapBlob}
  0x000001f0127653e0: c5f8 77e8 

  0x000001f0127653e4: ; ImmutableOopMap {[72]=Oop [80]=Oop [88]=Oop }
                      ;*new {reexecute=0 rethrow=0 return_oop=0}
                      ; - java.net.URLClassLoader::defineClass@103
                      ; - java.net.URLClassLoader$1::run@43
  0x000001f0127653e4: 18ef 31fe 

  0x000001f0127653e8: ;   {other}
  0x000001f0127653e8: 0f1f 8400 | 5879 00c3 | 488b e8ba | f201 0000 | 4c8b 5424 | 504c 8954 | 2420 4c8b | 5424 584c 
  0x000001f012765408: 8954 2428 | 4c8b 5424 | 684c 8954 | 2430 6690 

  0x000001f012765418: ;   {runtime_call UncommonTrapBlob}
  0x000001f012765418: c5f8 77e8 

  0x000001f01276541c: ; ImmutableOopMap {rbp=Oop [32]=Oop [40]=Oop [48]=Oop [64]=NarrowOop [96]=NarrowOop [120]=NarrowOop [152]=NarrowOop [200]=Oop }
                      ;*new {reexecute=0 rethrow=0 return_oop=0}
                      ; - java.util.jar.JarFile::ensureInitialization@8
                      ; - java.util.jar.JavaUtilJarAccessImpl::ensureInitialization@1
                      ; - jdk.internal.loader.URLClassPath$JarLoader$2::getManifest@10
                      ; - java.net.URLClassLoader::defineClass@34
                      ; - java.net.URLClassLoader$1::run@43
  0x000001f01276541c: e0ee 31fe 

  0x000001f012765420: ;   {other}
  0x000001f012765420: 0f1f 8400 | 9079 00c4 

  0x000001f012765428: ;   {internal_word}
  0x000001f012765428: 49ba 5ffd | 7512 f001 | 0000 4d89 | 9768 0400 

  0x000001f012765438: ;   {runtime_call SafepointBlob}
  0x000001f012765438: 00e9 c2ff 

  0x000001f01276543c: ;   {runtime_call StubRoutines (final stubs)}
  0x000001f01276543c: 31fe e8bd | 6230 fee9 | 768e ffff 
[Stub Code]
  0x000001f012765448: ;   {no_reloc}
  0x000001f012765448: 48bb 0000 | 0000 0000 

  0x000001f012765450: ;   {runtime_call nmethod}
  0x000001f012765450: 0000 e9fb 

  0x000001f012765454: ;   {static_stub}
  0x000001f012765454: ffff ff48 | bb00 0000 | 0000 0000 

  0x000001f012765460: ;   {runtime_call nmethod}
  0x000001f012765460: 00e9 fbff 

  0x000001f012765464: ;   {static_stub}
  0x000001f012765464: ffff 48bb | 0000 0000 | 0000 0000 

  0x000001f012765470: ;   {runtime_call nmethod}
  0x000001f012765470: e9fb ffff 

  0x000001f012765474: ;   {static_stub}
  0x000001f012765474: ff48 bb00 | 0000 0000 

  0x000001f01276547c: ;   {runtime_call nmethod}
  0x000001f01276547c: 0000 00e9 | fbff ffff 

  0x000001f012765484: ;   {static_stub}
  0x000001f012765484: 48bb 0000 | 0000 0000 

  0x000001f01276548c: ;   {runtime_call nmethod}
  0x000001f01276548c: 0000 e9fb 

  0x000001f012765490: ;   {static_stub}
  0x000001f012765490: ffff ff48 | bb00 0000 | 0000 0000 

  0x000001f01276549c: ;   {runtime_call nmethod}
  0x000001f01276549c: 00e9 fbff 

  0x000001f0127654a0: ;   {static_stub}
  0x000001f0127654a0: ffff 48bb | 0000 0000 | 0000 0000 

  0x000001f0127654ac: ;   {runtime_call nmethod}
  0x000001f0127654ac: e9fb ffff 

  0x000001f0127654b0: ;   {static_stub}
  0x000001f0127654b0: ff48 bb00 | 0000 0000 

  0x000001f0127654b8: ;   {runtime_call nmethod}
  0x000001f0127654b8: 0000 00e9 | fbff ffff 

  0x000001f0127654c0: ;   {static_stub}
  0x000001f0127654c0: 48bb 0000 | 0000 0000 

  0x000001f0127654c8: ;   {runtime_call nmethod}
  0x000001f0127654c8: 0000 e9fb 

  0x000001f0127654cc: ;   {static_stub}
  0x000001f0127654cc: ffff ff48 | bb00 0000 | 0000 0000 

  0x000001f0127654d8: ;   {runtime_call nmethod}
  0x000001f0127654d8: 00e9 fbff 

  0x000001f0127654dc: ;   {static_stub}
  0x000001f0127654dc: ffff 48bb | 0000 0000 | 0000 0000 

  0x000001f0127654e8: ;   {runtime_call nmethod}
  0x000001f0127654e8: e9fb ffff 

  0x000001f0127654ec: ;   {static_stub}
  0x000001f0127654ec: ff48 bb00 | 0000 0000 

  0x000001f0127654f4: ;   {runtime_call nmethod}
  0x000001f0127654f4: 0000 00e9 | fbff ffff 

  0x000001f0127654fc: ;   {static_stub}
  0x000001f0127654fc: 48bb 0000 | 0000 0000 

  0x000001f012765504: ;   {runtime_call nmethod}
  0x000001f012765504: 0000 e9fb 

  0x000001f012765508: ;   {static_stub}
  0x000001f012765508: ffff ff48 | bb00 0000 | 0000 0000 

  0x000001f012765514: ;   {runtime_call nmethod}
  0x000001f012765514: 00e9 fbff 

  0x000001f012765518: ;   {static_stub}
  0x000001f012765518: ffff 48bb | 0000 0000 | 0000 0000 

  0x000001f012765524: ;   {runtime_call nmethod}
  0x000001f012765524: e9fb ffff 

  0x000001f012765528: ;   {static_stub}
  0x000001f012765528: ff48 bb00 | 0000 0000 

  0x000001f012765530: ;   {runtime_call nmethod}
  0x000001f012765530: 0000 00e9 | fbff ffff 

  0x000001f012765538: ;   {static_stub}
  0x000001f012765538: 48bb 80b0 | 4f1f f001 

  0x000001f012765540: ;   {runtime_call I2C/C2I adapters}
  0x000001f012765540: 0000 e992 

  0x000001f012765544: ;   {static_stub}
  0x000001f012765544: e231 fe48 | bbf8 d655 | 1ff0 0100 

  0x000001f012765550: ;   {runtime_call I2C/C2I adapters}
  0x000001f012765550: 00e9 8089 

  0x000001f012765554: ;   {static_stub}
  0x000001f012765554: 31fe 48bb | 58cd 551f | f001 0000 

  0x000001f012765560: ;   {runtime_call I2C/C2I adapters}
  0x000001f012765560: e9f5 de31 

  0x000001f012765564: ;   {static_stub}
  0x000001f012765564: fe48 bba8 | d755 1ff0 

  0x000001f01276556c: ;   {runtime_call I2C/C2I adapters}
  0x000001f01276556c: 0100 00e9 | e6de 31fe 

  0x000001f012765574: ;   {static_stub}
  0x000001f012765574: 48bb 0000 | 0000 0000 

  0x000001f01276557c: ;   {runtime_call nmethod}
  0x000001f01276557c: 0000 e9fb 

  0x000001f012765580: ;   {static_stub}
  0x000001f012765580: ffff ff48 | bb00 0000 | 0000 0000 

  0x000001f01276558c: ;   {runtime_call nmethod}
  0x000001f01276558c: 00e9 fbff 

  0x000001f012765590: ;   {static_stub}
  0x000001f012765590: ffff 48bb | 0000 0000 | 0000 0000 

  0x000001f01276559c: ;   {runtime_call nmethod}
  0x000001f01276559c: e9fb ffff 

  0x000001f0127655a0: ;   {static_stub}
  0x000001f0127655a0: ff48 bb00 | 0000 0000 

  0x000001f0127655a8: ;   {runtime_call nmethod}
  0x000001f0127655a8: 0000 00e9 | fbff ffff 

  0x000001f0127655b0: ;   {static_stub}
  0x000001f0127655b0: 48bb 0000 | 0000 0000 

  0x000001f0127655b8: ;   {runtime_call nmethod}
  0x000001f0127655b8: 0000 e9fb 

  0x000001f0127655bc: ;   {static_stub}
  0x000001f0127655bc: ffff ff48 | bb00 0000 | 0000 0000 

  0x000001f0127655c8: ;   {runtime_call nmethod}
  0x000001f0127655c8: 00e9 fbff 

  0x000001f0127655cc: ;   {static_stub}
  0x000001f0127655cc: ffff 48bb | 0000 0000 | 0000 0000 

  0x000001f0127655d8: ;   {runtime_call nmethod}
  0x000001f0127655d8: e9fb ffff 

  0x000001f0127655dc: ;   {static_stub}
  0x000001f0127655dc: ff48 bb48 | ad0f 1ff0 

  0x000001f0127655e4: ;   {runtime_call I2C/C2I adapters}
  0x000001f0127655e4: 0100 00e9 | 7658 31fe 

  0x000001f0127655ec: ;   {static_stub}
  0x000001f0127655ec: 48bb a8d7 | 031f f001 

  0x000001f0127655f4: ;   {runtime_call I2C/C2I adapters}
  0x000001f0127655f4: 0000 e971 

  0x000001f0127655f8: ;   {static_stub}
  0x000001f0127655f8: d830 fe48 | bb00 0000 | 0000 0000 

  0x000001f012765604: ;   {runtime_call nmethod}
  0x000001f012765604: 00e9 fbff 

  0x000001f012765608: ;   {static_stub}
  0x000001f012765608: ffff 48bb | 0000 0000 | 0000 0000 

  0x000001f012765614: ;   {runtime_call nmethod}
  0x000001f012765614: e9fb ffff 

  0x000001f012765618: ;   {static_stub}
  0x000001f012765618: ff48 bb00 | 0000 0000 

  0x000001f012765620: ;   {runtime_call nmethod}
  0x000001f012765620: 0000 00e9 | fbff ffff 
[Exception Handler]
  0x000001f012765628: ;   {runtime_call ExceptionBlob}
  0x000001f012765628: e953 913d | fee8 0000 | 0000 4883 

  0x000001f012765634: ;   {runtime_call DeoptimizationBlob}
  0x000001f012765634: 2c24 05e9 | 64f0 31fe | f4f4 f4f4 
[/MachCode]


---------------  P R O C E S S  ---------------

Threads class SMR info:
_java_thread_list=0x000001f031983d00, length=67, elements={
0x000001f00b4962a0, 0x000001f01e475440, 0x000001f01e4b5550, 0x000001f01e478990,
0x000001f01e47ae10, 0x000001f01e49e9c0, 0x000001f01e4a0430, 0x000001f01e4a0e90,
0x000001f01e4a1c20, 0x000001f01e4a26c0, 0x000001f01e672690, 0x000001f01e674d50,
0x000001f01e896910, 0x000001f0267926f0, 0x000001f0238d6fd0, 0x000001f0251a3240,
0x000001f025f16f30, 0x000001f024287950, 0x000001f024e92d50, 0x000001f024e933e0,
0x000001f024e93a70, 0x000001f024e94100, 0x000001f0252daed0, 0x000001f0252df070,
0x000001f0252dfd90, 0x000001f0252db560, 0x000001f0252da840, 0x000001f0252da1b0,
0x000001f0252dbbf0, 0x000001f0252ddcc0, 0x000001f0252e1140, 0x000001f0252dcfa0,
0x000001f0252dd630, 0x000001f0252e0ab0, 0x000001f0252e17d0, 0x000001f029fb1ec0,
0x000001f029faea40, 0x000001f029fb2550, 0x000001f029fb2be0, 0x000001f029fb3900,
0x000001f029fb3270, 0x000001f029fad690, 0x000001f029fb4620, 0x000001f029fadd20,
0x000001f029fafdf0, 0x000001f029fb0480, 0x000001f028131a70, 0x000001f0281313e0,
0x000001f024bdcd40, 0x000001f0281a61c0, 0x000001f0297be190, 0x000001f0297bfbd0,
0x000001f0297c0f80, 0x000001f0297c1610, 0x000001f0297bad10, 0x000001f02a3ab700,
0x000001f02a3a6ed0, 0x000001f02a3a8fa0, 0x000001f02a3a7bf0, 0x000001f02b7cc420,
0x000001f02b7c9630, 0x000001f02a3a5b20, 0x000001f02a3a40e0, 0x000001f02bada5a0,
0x000001f0310c5470, 0x000001f03cb078f0, 0x000001f03cb09430
}

Java Threads: ( => current thread )
  0x000001f00b4962a0 JavaThread "main"                              [_thread_blocked, id=9000, stack(0x000000ce79600000,0x000000ce79700000) (1024K)]
  0x000001f01e475440 JavaThread "Common-Cleaner"             daemon [_thread_blocked, id=6624, stack(0x000000ce79e00000,0x000000ce79f00000) (1024K)]
  0x000001f01e4b5550 JavaThread "Reference Handler"          daemon [_thread_blocked, id=18224, stack(0x000000ce79f00000,0x000000ce7a000000) (1024K)]
  0x000001f01e478990 JavaThread "Finalizer"                  daemon [_thread_blocked, id=4336, stack(0x000000ce7a000000,0x000000ce7a100000) (1024K)]
  0x000001f01e47ae10 JavaThread "Signal Dispatcher"          daemon [_thread_blocked, id=3944, stack(0x000000ce7a100000,0x000000ce7a200000) (1024K)]
  0x000001f01e49e9c0 JavaThread "Attach Listener"            daemon [_thread_blocked, id=20100, stack(0x000000ce7a200000,0x000000ce7a300000) (1024K)]
  0x000001f01e4a0430 JavaThread "Service Thread"             daemon [_thread_blocked, id=17048, stack(0x000000ce7a300000,0x000000ce7a400000) (1024K)]
  0x000001f01e4a0e90 JavaThread "Monitor Deflation Thread"   daemon [_thread_blocked, id=19016, stack(0x000000ce7a400000,0x000000ce7a500000) (1024K)]
  0x000001f01e4a1c20 JavaThread "C2 CompilerThread0"         daemon [_thread_blocked, id=12748, stack(0x000000ce7a500000,0x000000ce7a600000) (1024K)]
  0x000001f01e4a26c0 JavaThread "C1 CompilerThread0"         daemon [_thread_blocked, id=8204, stack(0x000000ce7a600000,0x000000ce7a700000) (1024K)]
  0x000001f01e672690 JavaThread "C1 CompilerThread1"         daemon [_thread_blocked, id=17176, stack(0x000000ce7a700000,0x000000ce7a800000) (1024K)]
  0x000001f01e674d50 JavaThread "C1 CompilerThread2"         daemon [_thread_blocked, id=11376, stack(0x000000ce7a800000,0x000000ce7a900000) (1024K)]
  0x000001f01e896910 JavaThread "Notification Thread"        daemon [_thread_blocked, id=13600, stack(0x000000ce7a900000,0x000000ce7aa00000) (1024K)]
  0x000001f0267926f0 JavaThread "Daemon health stats"               [_thread_blocked, id=20952, stack(0x000000ce7b300000,0x000000ce7b400000) (1024K)]
  0x000001f0238d6fd0 JavaThread "Incoming local TCP Connector on port 52977"        [_thread_in_native, id=7956, stack(0x000000ce7b400000,0x000000ce7b500000) (1024K)]
  0x000001f0251a3240 JavaThread "Daemon periodic checks"            [_thread_blocked, id=5672, stack(0x000000ce7b500000,0x000000ce7b600000) (1024K)]
  0x000001f025f16f30 JavaThread "Daemon"                            [_thread_blocked, id=11864, stack(0x000000ce7ad00000,0x000000ce7ae00000) (1024K)]
  0x000001f024287950 JavaThread "Handler for socket connection from /127.0.0.1:52977 to /127.0.0.1:52978"        [_thread_in_native, id=9140, stack(0x000000ce7ae00000,0x000000ce7af00000) (1024K)]
  0x000001f024e92d50 JavaThread "Cancel handler"                    [_thread_blocked, id=19084, stack(0x000000ce7c200000,0x000000ce7c300000) (1024K)]
  0x000001f024e933e0 JavaThread "Daemon worker"                     [_thread_blocked, id=7940, stack(0x000000ce7c300000,0x000000ce7c400000) (1024K)]
  0x000001f024e93a70 JavaThread "Asynchronous log dispatcher for DefaultDaemonConnection: socket connection from /127.0.0.1:52977 to /127.0.0.1:52978"        [_thread_blocked, id=18624, stack(0x000000ce7c400000,0x000000ce7c500000) (1024K)]
  0x000001f024e94100 JavaThread "Stdin handler"                     [_thread_blocked, id=4556, stack(0x000000ce7c500000,0x000000ce7c600000) (1024K)]
  0x000001f0252daed0 JavaThread "Daemon client event forwarder"        [_thread_blocked, id=9820, stack(0x000000ce7c600000,0x000000ce7c700000) (1024K)]
  0x000001f0252df070 JavaThread "Cache worker for journal cache (C:\Users\owner\.gradle\caches\journal-1)"        [_thread_blocked, id=17812, stack(0x000000ce7c700000,0x000000ce7c800000) (1024K)]
  0x000001f0252dfd90 JavaThread "File lock request listener"        [_thread_in_native, id=1356, stack(0x000000ce7c800000,0x000000ce7c900000) (1024K)]
  0x000001f0252db560 JavaThread "Cache worker for file hash cache (C:\Users\owner\.gradle\caches\9.5.1\fileHashes)"        [_thread_blocked, id=3008, stack(0x000000ce7c900000,0x000000ce7ca00000) (1024K)]
  0x000001f0252da840 JavaThread "Cache worker for file hash cache (C:\Users\owner\Downloads\MISSXXX\PipePipe-main\PipePipe-main\PipePipeClient\.gradle\9.5.1\fileHashes)"        [_thread_blocked, id=11768, stack(0x000000ce7cb00000,0x000000ce7cc00000) (1024K)]
  0x000001f0252da1b0 JavaThread "Cache worker for Build Output Cleanup Cache (C:\Users\owner\Downloads\MISSXXX\PipePipe-main\PipePipe-main\PipePipeClient\.gradle\buildOutputCleanup)"        [_thread_blocked, id=200, stack(0x000000ce7cc00000,0x000000ce7cd00000) (1024K)]
  0x000001f0252dbbf0 JavaThread "Cache worker for file content cache (C:\Users\owner\.gradle\caches\9.5.1\fileContent)"        [_thread_blocked, id=17680, stack(0x000000ce7cd00000,0x000000ce7ce00000) (1024K)]
  0x000001f0252ddcc0 JavaThread "Cache worker for checksums cache (C:\Users\owner\Downloads\MISSXXX\PipePipe-main\PipePipe-main\PipePipeClient\.gradle\9.5.1\checksums)"        [_thread_blocked, id=12264, stack(0x000000ce7ce00000,0x000000ce7cf00000) (1024K)]
  0x000001f0252e1140 JavaThread "Cache worker for cache directory md-supplier (C:\Users\owner\.gradle\caches\9.5.1\md-supplier)"        [_thread_blocked, id=20464, stack(0x000000ce7cf00000,0x000000ce7d000000) (1024K)]
  0x000001f0252dcfa0 JavaThread "Cache worker for cache directory md-rule (C:\Users\owner\.gradle\caches\9.5.1\md-rule)"        [_thread_blocked, id=17264, stack(0x000000ce7d000000,0x000000ce7d100000) (1024K)]
  0x000001f0252dd630 JavaThread "jar transforms"                    [_thread_blocked, id=4440, stack(0x000000ce7d100000,0x000000ce7d200000) (1024K)]
  0x000001f0252e0ab0 JavaThread "Build operations"                  [_thread_blocked, id=19520, stack(0x000000ce7d200000,0x000000ce7d300000) (1024K)]
  0x000001f0252e17d0 JavaThread "jar transforms Thread 2"           [_thread_blocked, id=10340, stack(0x000000ce7d300000,0x000000ce7d400000) (1024K)]
  0x000001f029fb1ec0 JavaThread "Problems report writer"            [_thread_blocked, id=18772, stack(0x000000ce7d400000,0x000000ce7d500000) (1024K)]
  0x000001f029faea40 JavaThread "Cache worker for Build Output Cleanup Cache (C:\Users\owner\Downloads\MISSXXX\PipePipe-main\PipePipe-main\PipePipeExtractor\.gradle\buildOutputCleanup)"        [_thread_blocked, id=7824, stack(0x000000ce7d500000,0x000000ce7d600000) (1024K)]
  0x000001f029fb2550 JavaThread "jar transforms Thread 3"           [_thread_blocked, id=16820, stack(0x000000ce7d600000,0x000000ce7d700000) (1024K)]
  0x000001f029fb2be0 JavaThread "jar transforms Thread 4"           [_thread_blocked, id=18372, stack(0x000000ce7d700000,0x000000ce7d800000) (1024K)]
  0x000001f029fb3900 JavaThread "jar transforms Thread 5"           [_thread_blocked, id=9684, stack(0x000000ce7d800000,0x000000ce7d900000) (1024K)]
  0x000001f029fb3270 JavaThread "jar transforms Thread 6"           [_thread_blocked, id=5920, stack(0x000000ce7d900000,0x000000ce7da00000) (1024K)]
  0x000001f029fad690 JavaThread "Memory manager"                    [_thread_blocked, id=20396, stack(0x000000ce7da00000,0x000000ce7db00000) (1024K)]
  0x000001f029fb4620 JavaThread "jar transforms Thread 7"           [_thread_blocked, id=8616, stack(0x000000ce7db00000,0x000000ce7dc00000) (1024K)]
  0x000001f029fadd20 JavaThread "jar transforms Thread 8"           [_thread_blocked, id=10420, stack(0x000000ce7dc00000,0x000000ce7dd00000) (1024K)]
  0x000001f029fafdf0 JavaThread "jar transforms Thread 9"           [_thread_blocked, id=2524, stack(0x000000ce7dd00000,0x000000ce7de00000) (1024K)]
  0x000001f029fb0480 JavaThread "jar transforms Thread 10"          [_thread_blocked, id=9716, stack(0x000000ce7de00000,0x000000ce7df00000) (1024K)]
  0x000001f028131a70 JavaThread "jar transforms Thread 11"          [_thread_blocked, id=2364, stack(0x000000ce7e000000,0x000000ce7e100000) (1024K)]
  0x000001f0281313e0 JavaThread "build event listener"              [_thread_blocked, id=17808, stack(0x000000ce7aa00000,0x000000ce7ab00000) (1024K)]
  0x000001f024bdcd40 JavaThread "build event listener"              [_thread_blocked, id=9664, stack(0x000000ce7df00000,0x000000ce7e000000) (1024K)]
  0x000001f0281a61c0 JavaThread "jar transforms Thread 12"          [_thread_blocked, id=4716, stack(0x000000ce7e100000,0x000000ce7e200000) (1024K)]
  0x000001f0297be190 JavaThread "ForkJoinPool.commonPool-worker-7" daemon [_thread_blocked, id=11096, stack(0x000000ce7e800000,0x000000ce7e900000) (1024K)]
  0x000001f0297bfbd0 JavaThread "ForkJoinPool.commonPool-worker-10" daemon [_thread_blocked, id=11144, stack(0x000000ce7ea00000,0x000000ce7eb00000) (1024K)]
  0x000001f0297c0f80 JavaThread "Exec process"               daemon [_thread_blocked, id=6992, stack(0x000000ce7ec00000,0x000000ce7ed00000) (1024K)]
  0x000001f0297c1610 JavaThread "Exec process Thread 2"      daemon [_thread_blocked, id=17524, stack(0x000000ce7ed00000,0x000000ce7ee00000) (1024K)]
  0x000001f0297bad10 JavaThread "Exec process Thread 3"      daemon [_thread_blocked, id=2564, stack(0x000000ce7ee00000,0x000000ce7ef00000) (1024K)]
  0x000001f02a3ab700 JavaThread "included builds"                   [_thread_blocked, id=17116, stack(0x000000ce7ef00000,0x000000ce7f000000) (1024K)]
  0x000001f02a3a6ed0 JavaThread "included builds Thread 2"          [_thread_blocked, id=9648, stack(0x000000ce7f000000,0x000000ce7f100000) (1024K)]
  0x000001f02a3a8fa0 JavaThread "Cache worker for execution history cache (C:\Users\owner\Downloads\MISSXXX\PipePipe-main\PipePipe-main\PipePipeExtractor\.gradle\9.5.1\executionHistory)"        [_thread_blocked, id=20968, stack(0x000000ce7f100000,0x000000ce7f200000) (1024K)]
  0x000001f02a3a7bf0 JavaThread "Cache worker for execution history cache (C:\Users\owner\Downloads\MISSXXX\PipePipe-main\PipePipe-main\PipePipeClient\.gradle\9.5.1\executionHistory)"        [_thread_blocked, id=15680, stack(0x000000ce7f700000,0x000000ce7f800000) (1024K)]
  0x000001f02b7cc420 JavaThread "pool-3-thread-1"                   [_thread_blocked, id=16556, stack(0x000000ce7ac00000,0x000000ce7ad00000) (1024K)]
=>0x000001f02b7c9630 JavaThread "WorkerExecutor Queue"              [_thread_in_vm, id=12320, stack(0x000000ce7f600000,0x000000ce7f700000) (1024K)]
  0x000001f02a3a5b20 JavaThread "RMI Scheduler(0)"           daemon [_thread_blocked, id=21072, stack(0x000000ce7ab00000,0x000000ce7ac00000) (1024K)]
  0x000001f02a3a40e0 JavaThread "RMI RenewClean-[127.0.0.1:17167,org.jetbrains.kotlin.daemon.common.LoopbackNetworkInterface$ClientLoopbackSocketFactory@53fbf2fe]" daemon [_thread_blocked, id=10948, stack(0x000000ce7ca00000,0x000000ce7cb00000) (1024K)]
  0x000001f02bada5a0 JavaThread "C1 CompilerThread3"         daemon [_thread_blocked, id=3776, stack(0x000000ce7e900000,0x000000ce7ea00000) (1024K)]
  0x000001f0310c5470 JavaThread "C2 CompilerThread1"         daemon [_thread_blocked, id=9308, stack(0x000000ce7e200000,0x000000ce7e300000) (1024K)]
  0x000001f03cb078f0 JavaThread "C2 CompilerThread2"         daemon [_thread_blocked, id=12508, stack(0x000000ce7e300000,0x000000ce7e400000) (1024K)]
  0x000001f03cb09430 JavaThread "C2 CompilerThread3"         daemon [_thread_blocked, id=3332, stack(0x000000ce7e400000,0x000000ce7e500000) (1024K)]
Total: 67

Other Threads:
  0x000001f01e414b90 VMThread "VM Thread"                           [id=19168, stack(0x000000ce79d00000,0x000000ce79e00000) (1024K)]
  0x000001f01e24d600 WatcherThread "VM Periodic Task Thread"        [id=1780, stack(0x000000ce79c00000,0x000000ce79d00000) (1024K)]
  0x000001f00d91ad50 WorkerThread "GC Thread#0"                     [id=21464, stack(0x000000ce79700000,0x000000ce79800000) (1024K)]
  0x000001f0233c2240 WorkerThread "GC Thread#1"                     [id=10540, stack(0x000000ce7af00000,0x000000ce7b000000) (1024K)]
  0x000001f0233bd160 WorkerThread "GC Thread#2"                     [id=19128, stack(0x000000ce7b000000,0x000000ce7b100000) (1024K)]
  0x000001f0233bd920 WorkerThread "GC Thread#3"                     [id=19984, stack(0x000000ce7b100000,0x000000ce7b200000) (1024K)]
  0x000001f023239480 WorkerThread "GC Thread#4"                     [id=8568, stack(0x000000ce7b200000,0x000000ce7b300000) (1024K)]
  0x000001f025f13f60 WorkerThread "GC Thread#5"                     [id=16888, stack(0x000000ce7b600000,0x000000ce7b700000) (1024K)]
  0x000001f025f14a70 WorkerThread "GC Thread#6"                     [id=16280, stack(0x000000ce7b700000,0x000000ce7b800000) (1024K)]
  0x000001f025f146c0 WorkerThread "GC Thread#7"                     [id=19840, stack(0x000000ce7b800000,0x000000ce7b900000) (1024K)]
  0x000001f025f14310 WorkerThread "GC Thread#8"                     [id=4724, stack(0x000000ce7b900000,0x000000ce7ba00000) (1024K)]
  0x000001f025f14e20 WorkerThread "GC Thread#9"                     [id=2732, stack(0x000000ce7ba00000,0x000000ce7bb00000) (1024K)]
  0x000001f025f151d0 WorkerThread "GC Thread#10"                    [id=5412, stack(0x000000ce7bb00000,0x000000ce7bc00000) (1024K)]
  0x000001f025f15580 WorkerThread "GC Thread#11"                    [id=8896, stack(0x000000ce7bc00000,0x000000ce7bd00000) (1024K)]
  0x000001f02506bcb0 WorkerThread "GC Thread#12"                    [id=20940, stack(0x000000ce7bd00000,0x000000ce7be00000) (1024K)]
  0x000001f02506c060 WorkerThread "GC Thread#13"                    [id=1564, stack(0x000000ce7be00000,0x000000ce7bf00000) (1024K)]
  0x000001f00d927d40 ConcurrentGCThread "G1 Main Marker"            [id=16596, stack(0x000000ce79800000,0x000000ce79900000) (1024K)]
  0x000001f00d9289c0 WorkerThread "G1 Conc#0"                       [id=6584, stack(0x000000ce79900000,0x000000ce79a00000) (1024K)]
  0x000001f02506e540 WorkerThread "G1 Conc#1"                       [id=18896, stack(0x000000ce7bf00000,0x000000ce7c000000) (1024K)]
  0x000001f02506cf20 WorkerThread "G1 Conc#2"                       [id=19512, stack(0x000000ce7c000000,0x000000ce7c100000) (1024K)]
  0x000001f02506d2d0 WorkerThread "G1 Conc#3"                       [id=7632, stack(0x000000ce7c100000,0x000000ce7c200000) (1024K)]
  0x000001f01e125ac0 ConcurrentGCThread "G1 Refine#0"               [id=12556, stack(0x000000ce79a00000,0x000000ce79b00000) (1024K)]
  0x000001f01e126450 ConcurrentGCThread "G1 Service"                [id=5020, stack(0x000000ce79b00000,0x000000ce79c00000) (1024K)]
Total: 23

Threads with active compile tasks:
Total: 0

VM state: not at safepoint (normal execution)

VM Mutex/Monitor currently owned by a thread:  ([mutex/lock_event])
[0x00007fffcf2b64d0] Metaspace_lock - owner thread: 0x000001f02b7c9630

Heap address: 0x00000000a0000000, size: 1536 MB, Compressed Oops mode: 32-bit

CDS archive(s) not mapped
Compressed class space mapped at: 0x0000000100000000-0x000000011a000000, reserved size: 436207616
Narrow klass base: 0x0000000000000000, Narrow klass shift: 3, Narrow klass range: 0x11a000000

GC Precious Log:
 CardTable entry size: 512
 Card Set container configuration: InlinePtr #cards 5 size 8 Array Of Cards #cards 12 size 40 Howl #buckets 4 coarsen threshold 1843 Howl Bitmap #cards 512 size 80 coarsen threshold 460 Card regions per heap region 1 cards per card region 2048
 CPUs: 18 total, 18 available
 Memory: 15743M
 Large Page Support: Disabled
 NUMA Support: Disabled
 Compressed Oops: Enabled (32-bit)
 Heap Region Size: 1M
 Heap Min Capacity: 8M
 Heap Initial Capacity: 246M
 Heap Max Capacity: 1536M
 Pre-touch: Disabled
 Parallel Workers: 14
 Concurrent Workers: 4
 Concurrent Refinement Workers: 14
 Periodic GC: Disabled

Heap:
 garbage-first heap   total 670720K, used 413221K [0x00000000a0000000, 0x0000000100000000)
  region size 1024K, 24 young (24576K), 12 survivors (12288K)
 Metaspace       used 245673K, committed 248448K, reserved 688128K
  class space    used 31055K, committed 32384K, reserved 425984K

Heap Regions: E=young(eden), S=young(survivor), O=old, HS=humongous(starts), HC=humongous(continues), CS=collection set, F=free, TAMS=top-at-mark-start, PB=parsable bottom
|   0|0x00000000a0000000, 0x00000000a0100000, 0x00000000a0100000|100%|HS|  |TAMS 0x00000000a0000000| PB 0x00000000a0000000| Complete 
|   1|0x00000000a0100000, 0x00000000a0200000, 0x00000000a0200000|100%|HC|  |TAMS 0x00000000a0100000| PB 0x00000000a0100000| Complete 
|   2|0x00000000a0200000, 0x00000000a0300000, 0x00000000a0300000|100%|HC|  |TAMS 0x00000000a0200000| PB 0x00000000a0200000| Complete 
|   3|0x00000000a0300000, 0x00000000a0400000, 0x00000000a0400000|100%|HC|  |TAMS 0x00000000a0300000| PB 0x00000000a0300000| Complete 
|   4|0x00000000a0400000, 0x00000000a0500000, 0x00000000a0500000|100%| O|  |TAMS 0x00000000a0400000| PB 0x00000000a0400000| Untracked 
|   5|0x00000000a0500000, 0x00000000a0600000, 0x00000000a0600000|100%| O|  |TAMS 0x00000000a0500000| PB 0x00000000a0500000| Untracked 
|   6|0x00000000a0600000, 0x00000000a0700000, 0x00000000a0700000|100%| O|  |TAMS 0x00000000a0600000| PB 0x00000000a0600000| Untracked 
|   7|0x00000000a0700000, 0x00000000a0800000, 0x00000000a0800000|100%| O|  |TAMS 0x00000000a0700000| PB 0x00000000a0700000| Untracked 
|   8|0x00000000a0800000, 0x00000000a0900000, 0x00000000a0900000|100%| O|  |TAMS 0x00000000a0800000| PB 0x00000000a0800000| Untracked 
|   9|0x00000000a0900000, 0x00000000a0a00000, 0x00000000a0a00000|100%| O|  |TAMS 0x00000000a0900000| PB 0x00000000a0900000| Untracked 
|  10|0x00000000a0a00000, 0x00000000a0b00000, 0x00000000a0b00000|100%| O|  |TAMS 0x00000000a0a00000| PB 0x00000000a0a00000| Untracked 
|  11|0x00000000a0b00000, 0x00000000a0c00000, 0x00000000a0c00000|100%|HS|  |TAMS 0x00000000a0b00000| PB 0x00000000a0b00000| Complete 
|  12|0x00000000a0c00000, 0x00000000a0d00000, 0x00000000a0d00000|100%| O|  |TAMS 0x00000000a0c00000| PB 0x00000000a0c00000| Untracked 
|  13|0x00000000a0d00000, 0x00000000a0e00000, 0x00000000a0e00000|100%| O|  |TAMS 0x00000000a0d00000| PB 0x00000000a0d00000| Untracked 
|  14|0x00000000a0e00000, 0x00000000a0f00000, 0x00000000a0f00000|100%| O|  |TAMS 0x00000000a0e00000| PB 0x00000000a0e00000| Untracked 
|  15|0x00000000a0f00000, 0x00000000a1000000, 0x00000000a1000000|100%| O|  |TAMS 0x00000000a0f00000| PB 0x00000000a0f00000| Untracked 
|  16|0x00000000a1000000, 0x00000000a1100000, 0x00000000a1100000|100%| O|  |TAMS 0x00000000a1000000| PB 0x00000000a1000000| Untracked 
|  17|0x00000000a1100000, 0x00000000a1200000, 0x00000000a1200000|100%| O|  |TAMS 0x00000000a1100000| PB 0x00000000a1100000| Untracked 
|  18|0x00000000a1200000, 0x00000000a1300000, 0x00000000a1300000|100%| O|  |TAMS 0x00000000a1200000| PB 0x00000000a1200000| Untracked 
|  19|0x00000000a1300000, 0x00000000a1400000, 0x00000000a1400000|100%| O|  |TAMS 0x00000000a1300000| PB 0x00000000a1300000| Untracked 
|  20|0x00000000a1400000, 0x00000000a1500000, 0x00000000a1500000|100%| O|  |TAMS 0x00000000a1400000| PB 0x00000000a1400000| Untracked 
|  21|0x00000000a1500000, 0x00000000a1600000, 0x00000000a1600000|100%| O|  |TAMS 0x00000000a1500000| PB 0x00000000a1500000| Untracked 
|  22|0x00000000a1600000, 0x00000000a1700000, 0x00000000a1700000|100%| O|  |TAMS 0x00000000a1600000| PB 0x00000000a1600000| Untracked 
|  23|0x00000000a1700000, 0x00000000a1800000, 0x00000000a1800000|100%| O|  |TAMS 0x00000000a1700000| PB 0x00000000a1700000| Untracked 
|  24|0x00000000a1800000, 0x00000000a1900000, 0x00000000a1900000|100%| O|  |TAMS 0x00000000a1800000| PB 0x00000000a1800000| Untracked 
|  25|0x00000000a1900000, 0x00000000a1a00000, 0x00000000a1a00000|100%| O|  |TAMS 0x00000000a1900000| PB 0x00000000a1900000| Untracked 
|  26|0x00000000a1a00000, 0x00000000a1b00000, 0x00000000a1b00000|100%| O|  |TAMS 0x00000000a1a00000| PB 0x00000000a1a00000| Untracked 
|  27|0x00000000a1b00000, 0x00000000a1c00000, 0x00000000a1c00000|100%| O|  |TAMS 0x00000000a1b00000| PB 0x00000000a1b00000| Untracked 
|  28|0x00000000a1c00000, 0x00000000a1d00000, 0x00000000a1d00000|100%| O|  |TAMS 0x00000000a1c00000| PB 0x00000000a1c00000| Untracked 
|  29|0x00000000a1d00000, 0x00000000a1e00000, 0x00000000a1e00000|100%| O|  |TAMS 0x00000000a1d00000| PB 0x00000000a1d00000| Untracked 
|  30|0x00000000a1e00000, 0x00000000a1f00000, 0x00000000a1f00000|100%| O|  |TAMS 0x00000000a1e00000| PB 0x00000000a1e00000| Untracked 
|  31|0x00000000a1f00000, 0x00000000a2000000, 0x00000000a2000000|100%| O|  |TAMS 0x00000000a1f00000| PB 0x00000000a1f00000| Untracked 
|  32|0x00000000a2000000, 0x00000000a2100000, 0x00000000a2100000|100%| O|  |TAMS 0x00000000a2000000| PB 0x00000000a2000000| Untracked 
|  33|0x00000000a2100000, 0x00000000a2200000, 0x00000000a2200000|100%| O|  |TAMS 0x00000000a2100000| PB 0x00000000a2100000| Untracked 
|  34|0x00000000a2200000, 0x00000000a2300000, 0x00000000a2300000|100%| O|  |TAMS 0x00000000a2200000| PB 0x00000000a2200000| Untracked 
|  35|0x00000000a2300000, 0x00000000a2400000, 0x00000000a2400000|100%| O|  |TAMS 0x00000000a2300000| PB 0x00000000a2300000| Untracked 
|  36|0x00000000a2400000, 0x00000000a2500000, 0x00000000a2500000|100%| O|  |TAMS 0x00000000a2400000| PB 0x00000000a2400000| Untracked 
|  37|0x00000000a2500000, 0x00000000a2600000, 0x00000000a2600000|100%| O|  |TAMS 0x00000000a2500000| PB 0x00000000a2500000| Untracked 
|  38|0x00000000a2600000, 0x00000000a2700000, 0x00000000a2700000|100%| O|  |TAMS 0x00000000a2600000| PB 0x00000000a2600000| Untracked 
|  39|0x00000000a2700000, 0x00000000a2800000, 0x00000000a2800000|100%| O|  |TAMS 0x00000000a2700000| PB 0x00000000a2700000| Untracked 
|  40|0x00000000a2800000, 0x00000000a2900000, 0x00000000a2900000|100%| O|  |TAMS 0x00000000a2800000| PB 0x00000000a2800000| Untracked 
|  41|0x00000000a2900000, 0x00000000a2a00000, 0x00000000a2a00000|100%| O|  |TAMS 0x00000000a2900000| PB 0x00000000a2900000| Untracked 
|  42|0x00000000a2a00000, 0x00000000a2b00000, 0x00000000a2b00000|100%| O|  |TAMS 0x00000000a2a00000| PB 0x00000000a2a00000| Untracked 
|  43|0x00000000a2b00000, 0x00000000a2c00000, 0x00000000a2c00000|100%| O|  |TAMS 0x00000000a2b00000| PB 0x00000000a2b00000| Untracked 
|  44|0x00000000a2c00000, 0x00000000a2d00000, 0x00000000a2d00000|100%| O|  |TAMS 0x00000000a2c00000| PB 0x00000000a2c00000| Untracked 
|  45|0x00000000a2d00000, 0x00000000a2e00000, 0x00000000a2e00000|100%| O|  |TAMS 0x00000000a2d00000| PB 0x00000000a2d00000| Untracked 
|  46|0x00000000a2e00000, 0x00000000a2f00000, 0x00000000a2f00000|100%| O|  |TAMS 0x00000000a2e00000| PB 0x00000000a2e00000| Untracked 
|  47|0x00000000a2f00000, 0x00000000a3000000, 0x00000000a3000000|100%|HS|  |TAMS 0x00000000a2f00000| PB 0x00000000a2f00000| Complete 
|  48|0x00000000a3000000, 0x00000000a3100000, 0x00000000a3100000|100%|HC|  |TAMS 0x00000000a3000000| PB 0x00000000a3000000| Complete 
|  49|0x00000000a3100000, 0x00000000a3200000, 0x00000000a3200000|100%| O|  |TAMS 0x00000000a3100000| PB 0x00000000a3100000| Untracked 
|  50|0x00000000a3200000, 0x00000000a3300000, 0x00000000a3300000|100%| O|  |TAMS 0x00000000a3200000| PB 0x00000000a3200000| Untracked 
|  51|0x00000000a3300000, 0x00000000a3400000, 0x00000000a3400000|100%| O|  |TAMS 0x00000000a3300000| PB 0x00000000a3300000| Untracked 
|  52|0x00000000a3400000, 0x00000000a3500000, 0x00000000a3500000|100%| O|  |TAMS 0x00000000a3400000| PB 0x00000000a3400000| Untracked 
|  53|0x00000000a3500000, 0x00000000a3600000, 0x00000000a3600000|100%| O|  |TAMS 0x00000000a3500000| PB 0x00000000a3500000| Untracked 
|  54|0x00000000a3600000, 0x00000000a3700000, 0x00000000a3700000|100%|HS|  |TAMS 0x00000000a3600000| PB 0x00000000a3600000| Complete 
|  55|0x00000000a3700000, 0x00000000a3800000, 0x00000000a3800000|100%|HC|  |TAMS 0x00000000a3700000| PB 0x00000000a3700000| Complete 
|  56|0x00000000a3800000, 0x00000000a3900000, 0x00000000a3900000|100%| O|  |TAMS 0x00000000a3800000| PB 0x00000000a3800000| Untracked 
|  57|0x00000000a3900000, 0x00000000a3a00000, 0x00000000a3a00000|100%| O|  |TAMS 0x00000000a3900000| PB 0x00000000a3900000| Untracked 
|  58|0x00000000a3a00000, 0x00000000a3b00000, 0x00000000a3b00000|100%| O|  |TAMS 0x00000000a3a00000| PB 0x00000000a3a00000| Untracked 
|  59|0x00000000a3b00000, 0x00000000a3c00000, 0x00000000a3c00000|100%|HS|  |TAMS 0x00000000a3b00000| PB 0x00000000a3b00000| Complete 
|  60|0x00000000a3c00000, 0x00000000a3d00000, 0x00000000a3d00000|100%|HS|  |TAMS 0x00000000a3c00000| PB 0x00000000a3c00000| Complete 
|  61|0x00000000a3d00000, 0x00000000a3e00000, 0x00000000a3e00000|100%|HS|  |TAMS 0x00000000a3d00000| PB 0x00000000a3d00000| Complete 
|  62|0x00000000a3e00000, 0x00000000a3f00000, 0x00000000a3f00000|100%|HC|  |TAMS 0x00000000a3e00000| PB 0x00000000a3e00000| Complete 
|  63|0x00000000a3f00000, 0x00000000a4000000, 0x00000000a4000000|100%|HS|  |TAMS 0x00000000a3f00000| PB 0x00000000a3f00000| Complete 
|  64|0x00000000a4000000, 0x00000000a4100000, 0x00000000a4100000|100%| O|  |TAMS 0x00000000a4000000| PB 0x00000000a4000000| Untracked 
|  65|0x00000000a4100000, 0x00000000a4200000, 0x00000000a4200000|100%| O|  |TAMS 0x00000000a4100000| PB 0x00000000a4100000| Untracked 
|  66|0x00000000a4200000, 0x00000000a4300000, 0x00000000a4300000|100%| O|  |TAMS 0x00000000a4200000| PB 0x00000000a4200000| Untracked 
|  67|0x00000000a4300000, 0x00000000a4400000, 0x00000000a4400000|100%| O|  |TAMS 0x00000000a4300000| PB 0x00000000a4300000| Untracked 
|  68|0x00000000a4400000, 0x00000000a4500000, 0x00000000a4500000|100%| O|  |TAMS 0x00000000a4400000| PB 0x00000000a4400000| Untracked 
|  69|0x00000000a4500000, 0x00000000a4600000, 0x00000000a4600000|100%| O|  |TAMS 0x00000000a4500000| PB 0x00000000a4500000| Untracked 
|  70|0x00000000a4600000, 0x00000000a4700000, 0x00000000a4700000|100%|HS|  |TAMS 0x00000000a4600000| PB 0x00000000a4600000| Complete 
|  71|0x00000000a4700000, 0x00000000a4800000, 0x00000000a4800000|100%|HS|  |TAMS 0x00000000a4700000| PB 0x00000000a4700000| Complete 
|  72|0x00000000a4800000, 0x00000000a4900000, 0x00000000a4900000|100%| O|  |TAMS 0x00000000a4800000| PB 0x00000000a4800000| Untracked 
|  73|0x00000000a4900000, 0x00000000a4a00000, 0x00000000a4a00000|100%| O|  |TAMS 0x00000000a4900000| PB 0x00000000a4900000| Untracked 
|  74|0x00000000a4a00000, 0x00000000a4b00000, 0x00000000a4b00000|100%| O|  |TAMS 0x00000000a4a00000| PB 0x00000000a4a00000| Untracked 
|  75|0x00000000a4b00000, 0x00000000a4c00000, 0x00000000a4c00000|100%| O|  |TAMS 0x00000000a4b00000| PB 0x00000000a4b00000| Untracked 
|  76|0x00000000a4c00000, 0x00000000a4d00000, 0x00000000a4d00000|100%|HS|  |TAMS 0x00000000a4c00000| PB 0x00000000a4c00000| Complete 
|  77|0x00000000a4d00000, 0x00000000a4e00000, 0x00000000a4e00000|100%| O|  |TAMS 0x00000000a4d00000| PB 0x00000000a4d00000| Untracked 
|  78|0x00000000a4e00000, 0x00000000a4f00000, 0x00000000a4f00000|100%| O|  |TAMS 0x00000000a4e00000| PB 0x00000000a4e00000| Untracked 
|  79|0x00000000a4f00000, 0x00000000a5000000, 0x00000000a5000000|100%| O|  |TAMS 0x00000000a4f00000| PB 0x00000000a4f00000| Untracked 
|  80|0x00000000a5000000, 0x00000000a5100000, 0x00000000a5100000|100%|HS|  |TAMS 0x00000000a5000000| PB 0x00000000a5000000| Complete 
|  81|0x00000000a5100000, 0x00000000a5200000, 0x00000000a5200000|100%| O|  |TAMS 0x00000000a5100000| PB 0x00000000a5100000| Untracked 
|  82|0x00000000a5200000, 0x00000000a5300000, 0x00000000a5300000|100%| O|  |TAMS 0x00000000a5200000| PB 0x00000000a5200000| Untracked 
|  83|0x00000000a5300000, 0x00000000a5400000, 0x00000000a5400000|100%| O|  |TAMS 0x00000000a5300000| PB 0x00000000a5300000| Untracked 
|  84|0x00000000a5400000, 0x00000000a5500000, 0x00000000a5500000|100%|HS|  |TAMS 0x00000000a5400000| PB 0x00000000a5400000| Complete 
|  85|0x00000000a5500000, 0x00000000a5600000, 0x00000000a5600000|100%|HC|  |TAMS 0x00000000a5500000| PB 0x00000000a5500000| Complete 
|  86|0x00000000a5600000, 0x00000000a5700000, 0x00000000a5700000|100%| O|  |TAMS 0x00000000a5600000| PB 0x00000000a5600000| Untracked 
|  87|0x00000000a5700000, 0x00000000a5800000, 0x00000000a5800000|100%| O|  |TAMS 0x00000000a5700000| PB 0x00000000a5700000| Untracked 
|  88|0x00000000a5800000, 0x00000000a5900000, 0x00000000a5900000|100%| O|  |TAMS 0x00000000a5800000| PB 0x00000000a5800000| Untracked 
|  89|0x00000000a5900000, 0x00000000a5a00000, 0x00000000a5a00000|100%| O|  |TAMS 0x00000000a5900000| PB 0x00000000a5900000| Untracked 
|  90|0x00000000a5a00000, 0x00000000a5b00000, 0x00000000a5b00000|100%| O|  |TAMS 0x00000000a5a00000| PB 0x00000000a5a00000| Untracked 
|  91|0x00000000a5b00000, 0x00000000a5c00000, 0x00000000a5c00000|100%| O|  |TAMS 0x00000000a5b00000| PB 0x00000000a5b00000| Untracked 
|  92|0x00000000a5c00000, 0x00000000a5d00000, 0x00000000a5d00000|100%| O|  |TAMS 0x00000000a5c00000| PB 0x00000000a5c00000| Untracked 
|  93|0x00000000a5d00000, 0x00000000a5e00000, 0x00000000a5e00000|100%| O|  |TAMS 0x00000000a5d00000| PB 0x00000000a5d00000| Untracked 
|  94|0x00000000a5e00000, 0x00000000a5f00000, 0x00000000a5f00000|100%| O|  |TAMS 0x00000000a5e00000| PB 0x00000000a5e00000| Untracked 
|  95|0x00000000a5f00000, 0x00000000a6000000, 0x00000000a6000000|100%| O|  |TAMS 0x00000000a5f00000| PB 0x00000000a5f00000| Untracked 
|  96|0x00000000a6000000, 0x00000000a6100000, 0x00000000a6100000|100%| O|  |TAMS 0x00000000a6000000| PB 0x00000000a6000000| Untracked 
|  97|0x00000000a6100000, 0x00000000a6200000, 0x00000000a6200000|100%| O|  |TAMS 0x00000000a6100000| PB 0x00000000a6100000| Untracked 
|  98|0x00000000a6200000, 0x00000000a6300000, 0x00000000a6300000|100%| O|  |TAMS 0x00000000a6200000| PB 0x00000000a6200000| Untracked 
|  99|0x00000000a6300000, 0x00000000a6400000, 0x00000000a6400000|100%| O|  |TAMS 0x00000000a6300000| PB 0x00000000a6300000| Untracked 
| 100|0x00000000a6400000, 0x00000000a6500000, 0x00000000a6500000|100%| O|  |TAMS 0x00000000a6400000| PB 0x00000000a6400000| Untracked 
| 101|0x00000000a6500000, 0x00000000a6600000, 0x00000000a6600000|100%| O|  |TAMS 0x00000000a6500000| PB 0x00000000a6500000| Untracked 
| 102|0x00000000a6600000, 0x00000000a6700000, 0x00000000a6700000|100%| O|  |TAMS 0x00000000a6600000| PB 0x00000000a6600000| Untracked 
| 103|0x00000000a6700000, 0x00000000a6800000, 0x00000000a6800000|100%| O|  |TAMS 0x00000000a6700000| PB 0x00000000a6700000| Untracked 
| 104|0x00000000a6800000, 0x00000000a6900000, 0x00000000a6900000|100%| O|  |TAMS 0x00000000a6800000| PB 0x00000000a6800000| Untracked 
| 105|0x00000000a6900000, 0x00000000a6a00000, 0x00000000a6a00000|100%| O|  |TAMS 0x00000000a6900000| PB 0x00000000a6900000| Untracked 
| 106|0x00000000a6a00000, 0x00000000a6b00000, 0x00000000a6b00000|100%| O|  |TAMS 0x00000000a6a00000| PB 0x00000000a6a00000| Untracked 
| 107|0x00000000a6b00000, 0x00000000a6c00000, 0x00000000a6c00000|100%| O|  |TAMS 0x00000000a6b00000| PB 0x00000000a6b00000| Untracked 
| 108|0x00000000a6c00000, 0x00000000a6d00000, 0x00000000a6d00000|100%| O|  |TAMS 0x00000000a6c00000| PB 0x00000000a6c00000| Untracked 
| 109|0x00000000a6d00000, 0x00000000a6e00000, 0x00000000a6e00000|100%| O|  |TAMS 0x00000000a6d00000| PB 0x00000000a6d00000| Untracked 
| 110|0x00000000a6e00000, 0x00000000a6f00000, 0x00000000a6f00000|100%| O|  |TAMS 0x00000000a6e00000| PB 0x00000000a6e00000| Untracked 
| 111|0x00000000a6f00000, 0x00000000a7000000, 0x00000000a7000000|100%| O|  |TAMS 0x00000000a6f00000| PB 0x00000000a6f00000| Untracked 
| 112|0x00000000a7000000, 0x00000000a7100000, 0x00000000a7100000|100%| O|  |TAMS 0x00000000a7000000| PB 0x00000000a7000000| Untracked 
| 113|0x00000000a7100000, 0x00000000a7200000, 0x00000000a7200000|100%| O|  |TAMS 0x00000000a7100000| PB 0x00000000a7100000| Untracked 
| 114|0x00000000a7200000, 0x00000000a7300000, 0x00000000a7300000|100%| O|  |TAMS 0x00000000a7200000| PB 0x00000000a7200000| Untracked 
| 115|0x00000000a7300000, 0x00000000a7400000, 0x00000000a7400000|100%| O|  |TAMS 0x00000000a7300000| PB 0x00000000a7300000| Untracked 
| 116|0x00000000a7400000, 0x00000000a7500000, 0x00000000a7500000|100%| O|  |TAMS 0x00000000a7400000| PB 0x00000000a7400000| Untracked 
| 117|0x00000000a7500000, 0x00000000a7600000, 0x00000000a7600000|100%| O|  |TAMS 0x00000000a7500000| PB 0x00000000a7500000| Untracked 
| 118|0x00000000a7600000, 0x00000000a7700000, 0x00000000a7700000|100%| O|  |TAMS 0x00000000a7600000| PB 0x00000000a7600000| Untracked 
| 119|0x00000000a7700000, 0x00000000a7800000, 0x00000000a7800000|100%| O|  |TAMS 0x00000000a7700000| PB 0x00000000a7700000| Untracked 
| 120|0x00000000a7800000, 0x00000000a7900000, 0x00000000a7900000|100%| O|  |TAMS 0x00000000a7800000| PB 0x00000000a7800000| Untracked 
| 121|0x00000000a7900000, 0x00000000a7a00000, 0x00000000a7a00000|100%| O|  |TAMS 0x00000000a7900000| PB 0x00000000a7900000| Untracked 
| 122|0x00000000a7a00000, 0x00000000a7b00000, 0x00000000a7b00000|100%| O|  |TAMS 0x00000000a7a00000| PB 0x00000000a7a00000| Untracked 
| 123|0x00000000a7b00000, 0x00000000a7c00000, 0x00000000a7c00000|100%| O|  |TAMS 0x00000000a7b00000| PB 0x00000000a7b00000| Untracked 
| 124|0x00000000a7c00000, 0x00000000a7d00000, 0x00000000a7d00000|100%| O|  |TAMS 0x00000000a7c00000| PB 0x00000000a7c00000| Untracked 
| 125|0x00000000a7d00000, 0x00000000a7e00000, 0x00000000a7e00000|100%| O|  |TAMS 0x00000000a7d00000| PB 0x00000000a7d00000| Untracked 
| 126|0x00000000a7e00000, 0x00000000a7f00000, 0x00000000a7f00000|100%| O|  |TAMS 0x00000000a7e00000| PB 0x00000000a7e00000| Untracked 
| 127|0x00000000a7f00000, 0x00000000a8000000, 0x00000000a8000000|100%| O|  |TAMS 0x00000000a7f00000| PB 0x00000000a7f00000| Untracked 
| 128|0x00000000a8000000, 0x00000000a8100000, 0x00000000a8100000|100%| O|  |TAMS 0x00000000a8000000| PB 0x00000000a8000000| Untracked 
| 129|0x00000000a8100000, 0x00000000a8200000, 0x00000000a8200000|100%| O|  |TAMS 0x00000000a8100000| PB 0x00000000a8100000| Untracked 
| 130|0x00000000a8200000, 0x00000000a8300000, 0x00000000a8300000|100%| O|  |TAMS 0x00000000a8200000| PB 0x00000000a8200000| Untracked 
| 131|0x00000000a8300000, 0x00000000a8400000, 0x00000000a8400000|100%| O|  |TAMS 0x00000000a8300000| PB 0x00000000a8300000| Untracked 
| 132|0x00000000a8400000, 0x00000000a8500000, 0x00000000a8500000|100%| O|  |TAMS 0x00000000a8400000| PB 0x00000000a8400000| Untracked 
| 133|0x00000000a8500000, 0x00000000a8600000, 0x00000000a8600000|100%| O|  |TAMS 0x00000000a8500000| PB 0x00000000a8500000| Untracked 
| 134|0x00000000a8600000, 0x00000000a8700000, 0x00000000a8700000|100%| O|  |TAMS 0x00000000a8600000| PB 0x00000000a8600000| Untracked 
| 135|0x00000000a8700000, 0x00000000a8800000, 0x00000000a8800000|100%| O|  |TAMS 0x00000000a8700000| PB 0x00000000a8700000| Untracked 
| 136|0x00000000a8800000, 0x00000000a8900000, 0x00000000a8900000|100%| O|  |TAMS 0x00000000a8800000| PB 0x00000000a8800000| Untracked 
| 137|0x00000000a8900000, 0x00000000a8a00000, 0x00000000a8a00000|100%| O|  |TAMS 0x00000000a8900000| PB 0x00000000a8900000| Untracked 
| 138|0x00000000a8a00000, 0x00000000a8b00000, 0x00000000a8b00000|100%| O|  |TAMS 0x00000000a8a00000| PB 0x00000000a8a00000| Untracked 
| 139|0x00000000a8b00000, 0x00000000a8c00000, 0x00000000a8c00000|100%| O|  |TAMS 0x00000000a8b00000| PB 0x00000000a8b00000| Untracked 
| 140|0x00000000a8c00000, 0x00000000a8d00000, 0x00000000a8d00000|100%| O|  |TAMS 0x00000000a8c00000| PB 0x00000000a8c00000| Untracked 
| 141|0x00000000a8d00000, 0x00000000a8e00000, 0x00000000a8e00000|100%| O|  |TAMS 0x00000000a8d00000| PB 0x00000000a8d00000| Untracked 
| 142|0x00000000a8e00000, 0x00000000a8f00000, 0x00000000a8f00000|100%| O|  |TAMS 0x00000000a8e00000| PB 0x00000000a8e00000| Untracked 
| 143|0x00000000a8f00000, 0x00000000a9000000, 0x00000000a9000000|100%|HS|  |TAMS 0x00000000a8f00000| PB 0x00000000a8f00000| Complete 
| 144|0x00000000a9000000, 0x00000000a9100000, 0x00000000a9100000|100%|HC|  |TAMS 0x00000000a9000000| PB 0x00000000a9000000| Complete 
| 145|0x00000000a9100000, 0x00000000a9200000, 0x00000000a9200000|100%|HC|  |TAMS 0x00000000a9100000| PB 0x00000000a9100000| Complete 
| 146|0x00000000a9200000, 0x00000000a9300000, 0x00000000a9300000|100%|HC|  |TAMS 0x00000000a9200000| PB 0x00000000a9200000| Complete 
| 147|0x00000000a9300000, 0x00000000a9400000, 0x00000000a9400000|100%| O|  |TAMS 0x00000000a9300000| PB 0x00000000a9300000| Untracked 
| 148|0x00000000a9400000, 0x00000000a9500000, 0x00000000a9500000|100%| O|  |TAMS 0x00000000a9400000| PB 0x00000000a9400000| Untracked 
| 149|0x00000000a9500000, 0x00000000a9600000, 0x00000000a9600000|100%| O|  |TAMS 0x00000000a9500000| PB 0x00000000a9500000| Untracked 
| 150|0x00000000a9600000, 0x00000000a9700000, 0x00000000a9700000|100%| O|  |TAMS 0x00000000a9600000| PB 0x00000000a9600000| Untracked 
| 151|0x00000000a9700000, 0x00000000a9800000, 0x00000000a9800000|100%| O|  |TAMS 0x00000000a9700000| PB 0x00000000a9700000| Untracked 
| 152|0x00000000a9800000, 0x00000000a9900000, 0x00000000a9900000|100%| O|  |TAMS 0x00000000a9800000| PB 0x00000000a9800000| Untracked 
| 153|0x00000000a9900000, 0x00000000a9a00000, 0x00000000a9a00000|100%| O|  |TAMS 0x00000000a9900000| PB 0x00000000a9900000| Untracked 
| 154|0x00000000a9a00000, 0x00000000a9b00000, 0x00000000a9b00000|100%| O|  |TAMS 0x00000000a9a00000| PB 0x00000000a9a00000| Untracked 
| 155|0x00000000a9b00000, 0x00000000a9c00000, 0x00000000a9c00000|100%| O|  |TAMS 0x00000000a9b00000| PB 0x00000000a9b00000| Untracked 
| 156|0x00000000a9c00000, 0x00000000a9d00000, 0x00000000a9d00000|100%| O|  |TAMS 0x00000000a9c00000| PB 0x00000000a9c00000| Untracked 
| 157|0x00000000a9d00000, 0x00000000a9e00000, 0x00000000a9e00000|100%| O|  |TAMS 0x00000000a9d00000| PB 0x00000000a9d00000| Untracked 
| 158|0x00000000a9e00000, 0x00000000a9f00000, 0x00000000a9f00000|100%| O|  |TAMS 0x00000000a9e00000| PB 0x00000000a9e00000| Untracked 
| 159|0x00000000a9f00000, 0x00000000aa000000, 0x00000000aa000000|100%| O|  |TAMS 0x00000000a9f00000| PB 0x00000000a9f00000| Untracked 
| 160|0x00000000aa000000, 0x00000000aa100000, 0x00000000aa100000|100%| O|  |TAMS 0x00000000aa000000| PB 0x00000000aa000000| Untracked 
| 161|0x00000000aa100000, 0x00000000aa200000, 0x00000000aa200000|100%| O|  |TAMS 0x00000000aa100000| PB 0x00000000aa100000| Untracked 
| 162|0x00000000aa200000, 0x00000000aa200000, 0x00000000aa300000|  0%| F|  |TAMS 0x00000000aa200000| PB 0x00000000aa200000| Untracked 
| 163|0x00000000aa300000, 0x00000000aa400000, 0x00000000aa400000|100%| O|  |TAMS 0x00000000aa300000| PB 0x00000000aa300000| Untracked 
| 164|0x00000000aa400000, 0x00000000aa500000, 0x00000000aa500000|100%| O|  |TAMS 0x00000000aa400000| PB 0x00000000aa400000| Untracked 
| 165|0x00000000aa500000, 0x00000000aa600000, 0x00000000aa600000|100%| O|  |TAMS 0x00000000aa500000| PB 0x00000000aa500000| Untracked 
| 166|0x00000000aa600000, 0x00000000aa700000, 0x00000000aa700000|100%| O|  |TAMS 0x00000000aa600000| PB 0x00000000aa600000| Untracked 
| 167|0x00000000aa700000, 0x00000000aa800000, 0x00000000aa800000|100%| O|  |TAMS 0x00000000aa700000| PB 0x00000000aa700000| Untracked 
| 168|0x00000000aa800000, 0x00000000aa900000, 0x00000000aa900000|100%| O|Cm|TAMS 0x00000000aa800000| PB 0x00000000aa800000| Complete 
| 169|0x00000000aa900000, 0x00000000aa900000, 0x00000000aaa00000|  0%| F|  |TAMS 0x00000000aa900000| PB 0x00000000aa900000| Untracked 
| 170|0x00000000aaa00000, 0x00000000aaa00000, 0x00000000aab00000|  0%| F|  |TAMS 0x00000000aaa00000| PB 0x00000000aaa00000| Untracked 
| 171|0x00000000aab00000, 0x00000000aab00000, 0x00000000aac00000|  0%| F|  |TAMS 0x00000000aab00000| PB 0x00000000aab00000| Untracked 
| 172|0x00000000aac00000, 0x00000000aac00000, 0x00000000aad00000|  0%| F|  |TAMS 0x00000000aac00000| PB 0x00000000aac00000| Untracked 
| 173|0x00000000aad00000, 0x00000000aad00000, 0x00000000aae00000|  0%| F|  |TAMS 0x00000000aad00000| PB 0x00000000aad00000| Untracked 
| 174|0x00000000aae00000, 0x00000000aaf00000, 0x00000000aaf00000|100%| O|  |TAMS 0x00000000aae00000| PB 0x00000000aae00000| Untracked 
| 175|0x00000000aaf00000, 0x00000000ab000000, 0x00000000ab000000|100%| O|  |TAMS 0x00000000aaf00000| PB 0x00000000aaf00000| Untracked 
| 176|0x00000000ab000000, 0x00000000ab100000, 0x00000000ab100000|100%| O|  |TAMS 0x00000000ab000000| PB 0x00000000ab000000| Untracked 
| 177|0x00000000ab100000, 0x00000000ab200000, 0x00000000ab200000|100%| O|  |TAMS 0x00000000ab100000| PB 0x00000000ab100000| Untracked 
| 178|0x00000000ab200000, 0x00000000ab300000, 0x00000000ab300000|100%| O|  |TAMS 0x00000000ab200000| PB 0x00000000ab200000| Untracked 
| 179|0x00000000ab300000, 0x00000000ab400000, 0x00000000ab400000|100%| O|  |TAMS 0x00000000ab300000| PB 0x00000000ab300000| Untracked 
| 180|0x00000000ab400000, 0x00000000ab500000, 0x00000000ab500000|100%| O|  |TAMS 0x00000000ab400000| PB 0x00000000ab400000| Untracked 
| 181|0x00000000ab500000, 0x00000000ab600000, 0x00000000ab600000|100%| O|  |TAMS 0x00000000ab500000| PB 0x00000000ab500000| Untracked 
| 182|0x00000000ab600000, 0x00000000ab700000, 0x00000000ab700000|100%| O|  |TAMS 0x00000000ab600000| PB 0x00000000ab600000| Untracked 
| 183|0x00000000ab700000, 0x00000000ab800000, 0x00000000ab800000|100%| O|  |TAMS 0x00000000ab700000| PB 0x00000000ab700000| Untracked 
| 184|0x00000000ab800000, 0x00000000ab900000, 0x00000000ab900000|100%| O|  |TAMS 0x00000000ab800000| PB 0x00000000ab800000| Untracked 
| 185|0x00000000ab900000, 0x00000000aba00000, 0x00000000aba00000|100%| O|  |TAMS 0x00000000ab900000| PB 0x00000000ab900000| Untracked 
| 186|0x00000000aba00000, 0x00000000abb00000, 0x00000000abb00000|100%| O|  |TAMS 0x00000000aba00000| PB 0x00000000aba00000| Untracked 
| 187|0x00000000abb00000, 0x00000000abc00000, 0x00000000abc00000|100%| O|Cm|TAMS 0x00000000abb00000| PB 0x00000000abb00000| Complete 
| 188|0x00000000abc00000, 0x00000000abd00000, 0x00000000abd00000|100%| O|  |TAMS 0x00000000abc00000| PB 0x00000000abc00000| Untracked 
| 189|0x00000000abd00000, 0x00000000abe00000, 0x00000000abe00000|100%| O|Cm|TAMS 0x00000000abd00000| PB 0x00000000abd00000| Complete 
| 190|0x00000000abe00000, 0x00000000abf00000, 0x00000000abf00000|100%| O|Cm|TAMS 0x00000000abe00000| PB 0x00000000abe00000| Complete 
| 191|0x00000000abf00000, 0x00000000ac000000, 0x00000000ac000000|100%| O|Cm|TAMS 0x00000000abf00000| PB 0x00000000abf00000| Complete 
| 192|0x00000000ac000000, 0x00000000ac100000, 0x00000000ac100000|100%| O|Cm|TAMS 0x00000000ac000000| PB 0x00000000ac000000| Complete 
| 193|0x00000000ac100000, 0x00000000ac100000, 0x00000000ac200000|  0%| F|  |TAMS 0x00000000ac100000| PB 0x00000000ac100000| Untracked 
| 194|0x00000000ac200000, 0x00000000ac300000, 0x00000000ac300000|100%| O|Cm|TAMS 0x00000000ac200000| PB 0x00000000ac200000| Complete 
| 195|0x00000000ac300000, 0x00000000ac400000, 0x00000000ac400000|100%| O|Cm|TAMS 0x00000000ac300000| PB 0x00000000ac300000| Complete 
| 196|0x00000000ac400000, 0x00000000ac500000, 0x00000000ac500000|100%| O|Cm|TAMS 0x00000000ac400000| PB 0x00000000ac400000| Complete 
| 197|0x00000000ac500000, 0x00000000ac600000, 0x00000000ac600000|100%| O|  |TAMS 0x00000000ac500000| PB 0x00000000ac500000| Untracked 
| 198|0x00000000ac600000, 0x00000000ac700000, 0x00000000ac700000|100%| O|Cm|TAMS 0x00000000ac600000| PB 0x00000000ac600000| Complete 
| 199|0x00000000ac700000, 0x00000000ac800000, 0x00000000ac800000|100%| O|Cm|TAMS 0x00000000ac700000| PB 0x00000000ac700000| Complete 
| 200|0x00000000ac800000, 0x00000000ac900000, 0x00000000ac900000|100%| O|  |TAMS 0x00000000ac800000| PB 0x00000000ac800000| Untracked 
| 201|0x00000000ac900000, 0x00000000aca00000, 0x00000000aca00000|100%| O|  |TAMS 0x00000000ac900000| PB 0x00000000ac900000| Untracked 
| 202|0x00000000aca00000, 0x00000000acb00000, 0x00000000acb00000|100%| O|Cm|TAMS 0x00000000aca00000| PB 0x00000000aca00000| Complete 
| 203|0x00000000acb00000, 0x00000000acc00000, 0x00000000acc00000|100%| O|Cm|TAMS 0x00000000acb00000| PB 0x00000000acb00000| Complete 
| 204|0x00000000acc00000, 0x00000000acd00000, 0x00000000acd00000|100%| O|Cm|TAMS 0x00000000acc00000| PB 0x00000000acc00000| Complete 
| 205|0x00000000acd00000, 0x00000000acd00000, 0x00000000ace00000|  0%| F|  |TAMS 0x00000000acd00000| PB 0x00000000acd00000| Untracked 
| 206|0x00000000ace00000, 0x00000000acf00000, 0x00000000acf00000|100%| O|Cm|TAMS 0x00000000ace00000| PB 0x00000000ace00000| Complete 
| 207|0x00000000acf00000, 0x00000000ad000000, 0x00000000ad000000|100%| O|Cm|TAMS 0x00000000acf00000| PB 0x00000000acf00000| Complete 
| 208|0x00000000ad000000, 0x00000000ad100000, 0x00000000ad100000|100%| O|Cm|TAMS 0x00000000ad000000| PB 0x00000000ad000000| Complete 
| 209|0x00000000ad100000, 0x00000000ad200000, 0x00000000ad200000|100%| O|Cm|TAMS 0x00000000ad100000| PB 0x00000000ad100000| Complete 
| 210|0x00000000ad200000, 0x00000000ad300000, 0x00000000ad300000|100%| O|Cm|TAMS 0x00000000ad200000| PB 0x00000000ad200000| Complete 
| 211|0x00000000ad300000, 0x00000000ad400000, 0x00000000ad400000|100%| O|Cm|TAMS 0x00000000ad300000| PB 0x00000000ad300000| Complete 
| 212|0x00000000ad400000, 0x00000000ad400000, 0x00000000ad500000|  0%| F|  |TAMS 0x00000000ad400000| PB 0x00000000ad400000| Untracked 
| 213|0x00000000ad500000, 0x00000000ad600000, 0x00000000ad600000|100%| O|  |TAMS 0x00000000ad500000| PB 0x00000000ad500000| Untracked 
| 214|0x00000000ad600000, 0x00000000ad700000, 0x00000000ad700000|100%| O|Cm|TAMS 0x00000000ad600000| PB 0x00000000ad600000| Complete 
| 215|0x00000000ad700000, 0x00000000ad800000, 0x00000000ad800000|100%| O|Cm|TAMS 0x00000000ad700000| PB 0x00000000ad700000| Complete 
| 216|0x00000000ad800000, 0x00000000ad900000, 0x00000000ad900000|100%| O|Cm|TAMS 0x00000000ad800000| PB 0x00000000ad800000| Complete 
| 217|0x00000000ad900000, 0x00000000ada00000, 0x00000000ada00000|100%| O|Cm|TAMS 0x00000000ad900000| PB 0x00000000ad900000| Complete 
| 218|0x00000000ada00000, 0x00000000adb00000, 0x00000000adb00000|100%| O|Cm|TAMS 0x00000000ada00000| PB 0x00000000ada00000| Complete 
| 219|0x00000000adb00000, 0x00000000adb00000, 0x00000000adc00000|  0%| F|  |TAMS 0x00000000adb00000| PB 0x00000000adb00000| Untracked 
| 220|0x00000000adc00000, 0x00000000add00000, 0x00000000add00000|100%| O|Cm|TAMS 0x00000000adc00000| PB 0x00000000adc00000| Complete 
| 221|0x00000000add00000, 0x00000000ade00000, 0x00000000ade00000|100%| O|Cm|TAMS 0x00000000add00000| PB 0x00000000add00000| Complete 
| 222|0x00000000ade00000, 0x00000000adf00000, 0x00000000adf00000|100%| O|Cm|TAMS 0x00000000ade00000| PB 0x00000000ade00000| Complete 
| 223|0x00000000adf00000, 0x00000000ae000000, 0x00000000ae000000|100%| O|Cm|TAMS 0x00000000adf00000| PB 0x00000000adf00000| Complete 
| 224|0x00000000ae000000, 0x00000000ae100000, 0x00000000ae100000|100%| O|  |TAMS 0x00000000ae000000| PB 0x00000000ae000000| Untracked 
| 225|0x00000000ae100000, 0x00000000ae200000, 0x00000000ae200000|100%| O|  |TAMS 0x00000000ae100000| PB 0x00000000ae100000| Untracked 
| 226|0x00000000ae200000, 0x00000000ae300000, 0x00000000ae300000|100%| O|  |TAMS 0x00000000ae200000| PB 0x00000000ae200000| Untracked 
| 227|0x00000000ae300000, 0x00000000ae400000, 0x00000000ae400000|100%| O|Cm|TAMS 0x00000000ae300000| PB 0x00000000ae300000| Complete 
| 228|0x00000000ae400000, 0x00000000ae500000, 0x00000000ae500000|100%| O|Cm|TAMS 0x00000000ae400000| PB 0x00000000ae400000| Complete 
| 229|0x00000000ae500000, 0x00000000ae600000, 0x00000000ae600000|100%| O|Cm|TAMS 0x00000000ae500000| PB 0x00000000ae500000| Complete 
| 230|0x00000000ae600000, 0x00000000ae700000, 0x00000000ae700000|100%| O|Cm|TAMS 0x00000000ae600000| PB 0x00000000ae600000| Complete 
| 231|0x00000000ae700000, 0x00000000ae800000, 0x00000000ae800000|100%| O|Cm|TAMS 0x00000000ae700000| PB 0x00000000ae700000| Complete 
| 232|0x00000000ae800000, 0x00000000ae900000, 0x00000000ae900000|100%| O|Cm|TAMS 0x00000000ae800000| PB 0x00000000ae800000| Complete 
| 233|0x00000000ae900000, 0x00000000aea00000, 0x00000000aea00000|100%| O|Cm|TAMS 0x00000000ae900000| PB 0x00000000ae900000| Complete 
| 234|0x00000000aea00000, 0x00000000aeb00000, 0x00000000aeb00000|100%| O|Cm|TAMS 0x00000000aea00000| PB 0x00000000aea00000| Complete 
| 235|0x00000000aeb00000, 0x00000000aec00000, 0x00000000aec00000|100%| O|Cm|TAMS 0x00000000aeb00000| PB 0x00000000aeb00000| Complete 
| 236|0x00000000aec00000, 0x00000000aed00000, 0x00000000aed00000|100%| O|Cm|TAMS 0x00000000aec00000| PB 0x00000000aec00000| Complete 
| 237|0x00000000aed00000, 0x00000000aee00000, 0x00000000aee00000|100%| O|  |TAMS 0x00000000aed00000| PB 0x00000000aed00000| Untracked 
| 238|0x00000000aee00000, 0x00000000aef00000, 0x00000000aef00000|100%| O|  |TAMS 0x00000000aee00000| PB 0x00000000aee00000| Untracked 
| 239|0x00000000aef00000, 0x00000000af000000, 0x00000000af000000|100%| O|Cm|TAMS 0x00000000aef00000| PB 0x00000000aef00000| Complete 
| 240|0x00000000af000000, 0x00000000af100000, 0x00000000af100000|100%| O|Cm|TAMS 0x00000000af000000| PB 0x00000000af000000| Complete 
| 241|0x00000000af100000, 0x00000000af200000, 0x00000000af200000|100%| O|Cm|TAMS 0x00000000af100000| PB 0x00000000af100000| Complete 
| 242|0x00000000af200000, 0x00000000af300000, 0x00000000af300000|100%| O|Cm|TAMS 0x00000000af200000| PB 0x00000000af200000| Complete 
| 243|0x00000000af300000, 0x00000000af400000, 0x00000000af400000|100%| O|Cm|TAMS 0x00000000af300000| PB 0x00000000af300000| Complete 
| 244|0x00000000af400000, 0x00000000af500000, 0x00000000af500000|100%| O|Cm|TAMS 0x00000000af400000| PB 0x00000000af400000| Complete 
| 245|0x00000000af500000, 0x00000000af600000, 0x00000000af600000|100%| O|  |TAMS 0x00000000af500000| PB 0x00000000af500000| Untracked 
| 246|0x00000000af600000, 0x00000000af700000, 0x00000000af700000|100%| O|Cm|TAMS 0x00000000af600000| PB 0x00000000af600000| Complete 
| 247|0x00000000af700000, 0x00000000af800000, 0x00000000af800000|100%| O|Cm|TAMS 0x00000000af700000| PB 0x00000000af700000| Complete 
| 248|0x00000000af800000, 0x00000000af900000, 0x00000000af900000|100%| O|Cm|TAMS 0x00000000af800000| PB 0x00000000af800000| Complete 
| 249|0x00000000af900000, 0x00000000afa00000, 0x00000000afa00000|100%| O|  |TAMS 0x00000000af900000| PB 0x00000000af900000| Untracked 
| 250|0x00000000afa00000, 0x00000000afb00000, 0x00000000afb00000|100%| O|  |TAMS 0x00000000afa00000| PB 0x00000000afa00000| Untracked 
| 251|0x00000000afb00000, 0x00000000afc00000, 0x00000000afc00000|100%| O|  |TAMS 0x00000000afb00000| PB 0x00000000afb00000| Untracked 
| 252|0x00000000afc00000, 0x00000000afd00000, 0x00000000afd00000|100%| O|  |TAMS 0x00000000afc00000| PB 0x00000000afc00000| Untracked 
| 253|0x00000000afd00000, 0x00000000afe00000, 0x00000000afe00000|100%| O|  |TAMS 0x00000000afd00000| PB 0x00000000afd00000| Untracked 
| 254|0x00000000afe00000, 0x00000000aff00000, 0x00000000aff00000|100%| O|  |TAMS 0x00000000afe00000| PB 0x00000000afe00000| Untracked 
| 255|0x00000000aff00000, 0x00000000b0000000, 0x00000000b0000000|100%| O|Cm|TAMS 0x00000000aff00000| PB 0x00000000aff00000| Complete 
| 256|0x00000000b0000000, 0x00000000b0100000, 0x00000000b0100000|100%| O|Cm|TAMS 0x00000000b0000000| PB 0x00000000b0000000| Complete 
| 257|0x00000000b0100000, 0x00000000b0200000, 0x00000000b0200000|100%| O|Cm|TAMS 0x00000000b0100000| PB 0x00000000b0100000| Complete 
| 258|0x00000000b0200000, 0x00000000b0300000, 0x00000000b0300000|100%| O|Cm|TAMS 0x00000000b0200000| PB 0x00000000b0200000| Complete 
| 259|0x00000000b0300000, 0x00000000b0400000, 0x00000000b0400000|100%| O|Cm|TAMS 0x00000000b0300000| PB 0x00000000b0300000| Complete 
| 260|0x00000000b0400000, 0x00000000b0400000, 0x00000000b0500000|  0%| F|  |TAMS 0x00000000b0400000| PB 0x00000000b0400000| Untracked 
| 261|0x00000000b0500000, 0x00000000b0600000, 0x00000000b0600000|100%| O|Cm|TAMS 0x00000000b0500000| PB 0x00000000b0500000| Complete 
| 262|0x00000000b0600000, 0x00000000b0700000, 0x00000000b0700000|100%| O|Cm|TAMS 0x00000000b0600000| PB 0x00000000b0600000| Complete 
| 263|0x00000000b0700000, 0x00000000b0800000, 0x00000000b0800000|100%| O|  |TAMS 0x00000000b0700000| PB 0x00000000b0700000| Untracked 
| 264|0x00000000b0800000, 0x00000000b0900000, 0x00000000b0900000|100%| O|  |TAMS 0x00000000b0800000| PB 0x00000000b0800000| Untracked 
| 265|0x00000000b0900000, 0x00000000b0a00000, 0x00000000b0a00000|100%| O|  |TAMS 0x00000000b0900000| PB 0x00000000b0900000| Untracked 
| 266|0x00000000b0a00000, 0x00000000b0b00000, 0x00000000b0b00000|100%| O|  |TAMS 0x00000000b0a00000| PB 0x00000000b0a00000| Untracked 
| 267|0x00000000b0b00000, 0x00000000b0c00000, 0x00000000b0c00000|100%| O|  |TAMS 0x00000000b0b00000| PB 0x00000000b0b00000| Untracked 
| 268|0x00000000b0c00000, 0x00000000b0d00000, 0x00000000b0d00000|100%| O|  |TAMS 0x00000000b0c00000| PB 0x00000000b0c00000| Untracked 
| 269|0x00000000b0d00000, 0x00000000b0e00000, 0x00000000b0e00000|100%| O|  |TAMS 0x00000000b0d00000| PB 0x00000000b0d00000| Untracked 
| 270|0x00000000b0e00000, 0x00000000b0f00000, 0x00000000b0f00000|100%| O|  |TAMS 0x00000000b0e00000| PB 0x00000000b0e00000| Untracked 
| 271|0x00000000b0f00000, 0x00000000b1000000, 0x00000000b1000000|100%| O|  |TAMS 0x00000000b0f00000| PB 0x00000000b0f00000| Untracked 
| 272|0x00000000b1000000, 0x00000000b1100000, 0x00000000b1100000|100%| O|  |TAMS 0x00000000b1000000| PB 0x00000000b1000000| Untracked 
| 273|0x00000000b1100000, 0x00000000b1200000, 0x00000000b1200000|100%|HS|  |TAMS 0x00000000b1100000| PB 0x00000000b1100000| Complete 
| 274|0x00000000b1200000, 0x00000000b1300000, 0x00000000b1300000|100%|HC|  |TAMS 0x00000000b1200000| PB 0x00000000b1200000| Complete 
| 275|0x00000000b1300000, 0x00000000b1400000, 0x00000000b1400000|100%|HS|  |TAMS 0x00000000b1300000| PB 0x00000000b1300000| Complete 
| 276|0x00000000b1400000, 0x00000000b1500000, 0x00000000b1500000|100%|HC|  |TAMS 0x00000000b1400000| PB 0x00000000b1400000| Complete 
| 277|0x00000000b1500000, 0x00000000b1600000, 0x00000000b1600000|100%| O|  |TAMS 0x00000000b1500000| PB 0x00000000b1500000| Untracked 
| 278|0x00000000b1600000, 0x00000000b1700000, 0x00000000b1700000|100%| O|  |TAMS 0x00000000b1600000| PB 0x00000000b1600000| Untracked 
| 279|0x00000000b1700000, 0x00000000b1800000, 0x00000000b1800000|100%| O|  |TAMS 0x00000000b1700000| PB 0x00000000b1700000| Untracked 
| 280|0x00000000b1800000, 0x00000000b1900000, 0x00000000b1900000|100%| O|  |TAMS 0x00000000b1800000| PB 0x00000000b1800000| Untracked 
| 281|0x00000000b1900000, 0x00000000b1a00000, 0x00000000b1a00000|100%| O|  |TAMS 0x00000000b1900000| PB 0x00000000b1900000| Untracked 
| 282|0x00000000b1a00000, 0x00000000b1b00000, 0x00000000b1b00000|100%| O|  |TAMS 0x00000000b1a00000| PB 0x00000000b1a00000| Untracked 
| 283|0x00000000b1b00000, 0x00000000b1c00000, 0x00000000b1c00000|100%| O|  |TAMS 0x00000000b1b00000| PB 0x00000000b1b00000| Untracked 
| 284|0x00000000b1c00000, 0x00000000b1d00000, 0x00000000b1d00000|100%| O|  |TAMS 0x00000000b1c00000| PB 0x00000000b1c00000| Untracked 
| 285|0x00000000b1d00000, 0x00000000b1e00000, 0x00000000b1e00000|100%| O|  |TAMS 0x00000000b1d00000| PB 0x00000000b1d00000| Untracked 
| 286|0x00000000b1e00000, 0x00000000b1f00000, 0x00000000b1f00000|100%| O|  |TAMS 0x00000000b1e00000| PB 0x00000000b1e00000| Untracked 
| 287|0x00000000b1f00000, 0x00000000b2000000, 0x00000000b2000000|100%| O|  |TAMS 0x00000000b1f00000| PB 0x00000000b1f00000| Untracked 
| 288|0x00000000b2000000, 0x00000000b2100000, 0x00000000b2100000|100%| O|  |TAMS 0x00000000b2000000| PB 0x00000000b2000000| Untracked 
| 289|0x00000000b2100000, 0x00000000b2200000, 0x00000000b2200000|100%| O|  |TAMS 0x00000000b2100000| PB 0x00000000b2100000| Untracked 
| 290|0x00000000b2200000, 0x00000000b2300000, 0x00000000b2300000|100%| O|  |TAMS 0x00000000b2200000| PB 0x00000000b2200000| Untracked 
| 291|0x00000000b2300000, 0x00000000b2400000, 0x00000000b2400000|100%| O|  |TAMS 0x00000000b2300000| PB 0x00000000b2300000| Untracked 
| 292|0x00000000b2400000, 0x00000000b2500000, 0x00000000b2500000|100%| O|  |TAMS 0x00000000b2400000| PB 0x00000000b2400000| Untracked 
| 293|0x00000000b2500000, 0x00000000b2600000, 0x00000000b2600000|100%| O|  |TAMS 0x00000000b2500000| PB 0x00000000b2500000| Untracked 
| 294|0x00000000b2600000, 0x00000000b2700000, 0x00000000b2700000|100%| O|  |TAMS 0x00000000b2600000| PB 0x00000000b2600000| Untracked 
| 295|0x00000000b2700000, 0x00000000b2800000, 0x00000000b2800000|100%| O|  |TAMS 0x00000000b2700000| PB 0x00000000b2700000| Untracked 
| 296|0x00000000b2800000, 0x00000000b2900000, 0x00000000b2900000|100%| O|  |TAMS 0x00000000b2800000| PB 0x00000000b2800000| Untracked 
| 297|0x00000000b2900000, 0x00000000b2a00000, 0x00000000b2a00000|100%| O|  |TAMS 0x00000000b2900000| PB 0x00000000b2900000| Untracked 
| 298|0x00000000b2a00000, 0x00000000b2b00000, 0x00000000b2b00000|100%| O|  |TAMS 0x00000000b2a00000| PB 0x00000000b2a00000| Untracked 
| 299|0x00000000b2b00000, 0x00000000b2c00000, 0x00000000b2c00000|100%| O|  |TAMS 0x00000000b2b00000| PB 0x00000000b2b00000| Untracked 
| 300|0x00000000b2c00000, 0x00000000b2d00000, 0x00000000b2d00000|100%| O|  |TAMS 0x00000000b2c00000| PB 0x00000000b2c00000| Untracked 
| 301|0x00000000b2d00000, 0x00000000b2e00000, 0x00000000b2e00000|100%| O|  |TAMS 0x00000000b2d00000| PB 0x00000000b2d00000| Untracked 
| 302|0x00000000b2e00000, 0x00000000b2f00000, 0x00000000b2f00000|100%| O|  |TAMS 0x00000000b2e00000| PB 0x00000000b2e00000| Untracked 
| 303|0x00000000b2f00000, 0x00000000b3000000, 0x00000000b3000000|100%| O|  |TAMS 0x00000000b2f00000| PB 0x00000000b2f00000| Untracked 
| 304|0x00000000b3000000, 0x00000000b3100000, 0x00000000b3100000|100%| O|  |TAMS 0x00000000b3000000| PB 0x00000000b3000000| Untracked 
| 305|0x00000000b3100000, 0x00000000b3200000, 0x00000000b3200000|100%| O|  |TAMS 0x00000000b3100000| PB 0x00000000b3100000| Untracked 
| 306|0x00000000b3200000, 0x00000000b3300000, 0x00000000b3300000|100%| O|  |TAMS 0x00000000b3200000| PB 0x00000000b3200000| Untracked 
| 307|0x00000000b3300000, 0x00000000b3400000, 0x00000000b3400000|100%| O|  |TAMS 0x00000000b3300000| PB 0x00000000b3300000| Untracked 
| 308|0x00000000b3400000, 0x00000000b3500000, 0x00000000b3500000|100%| O|  |TAMS 0x00000000b3400000| PB 0x00000000b3400000| Untracked 
| 309|0x00000000b3500000, 0x00000000b3600000, 0x00000000b3600000|100%| O|  |TAMS 0x00000000b3500000| PB 0x00000000b3500000| Untracked 
| 310|0x00000000b3600000, 0x00000000b3700000, 0x00000000b3700000|100%| O|Cm|TAMS 0x00000000b3600000| PB 0x00000000b3600000| Complete 
| 311|0x00000000b3700000, 0x00000000b3800000, 0x00000000b3800000|100%| O|Cm|TAMS 0x00000000b3700000| PB 0x00000000b3700000| Complete 
| 312|0x00000000b3800000, 0x00000000b3900000, 0x00000000b3900000|100%| O|Cm|TAMS 0x00000000b3800000| PB 0x00000000b3800000| Complete 
| 313|0x00000000b3900000, 0x00000000b3a00000, 0x00000000b3a00000|100%| O|  |TAMS 0x00000000b3900000| PB 0x00000000b3900000| Untracked 
| 314|0x00000000b3a00000, 0x00000000b3b00000, 0x00000000b3b00000|100%|HS|  |TAMS 0x00000000b3a00000| PB 0x00000000b3a00000| Complete 
| 315|0x00000000b3b00000, 0x00000000b3c00000, 0x00000000b3c00000|100%|HC|  |TAMS 0x00000000b3b00000| PB 0x00000000b3b00000| Complete 
| 316|0x00000000b3c00000, 0x00000000b3d00000, 0x00000000b3d00000|100%|HC|  |TAMS 0x00000000b3c00000| PB 0x00000000b3c00000| Complete 
| 317|0x00000000b3d00000, 0x00000000b3e00000, 0x00000000b3e00000|100%|HC|  |TAMS 0x00000000b3d00000| PB 0x00000000b3d00000| Complete 
| 318|0x00000000b3e00000, 0x00000000b3f00000, 0x00000000b3f00000|100%|HC|  |TAMS 0x00000000b3e00000| PB 0x00000000b3e00000| Complete 
| 319|0x00000000b3f00000, 0x00000000b4000000, 0x00000000b4000000|100%| O|  |TAMS 0x00000000b3f00000| PB 0x00000000b3f00000| Untracked 
| 320|0x00000000b4000000, 0x00000000b4100000, 0x00000000b4100000|100%| O|  |TAMS 0x00000000b4000000| PB 0x00000000b4000000| Untracked 
| 321|0x00000000b4100000, 0x00000000b4200000, 0x00000000b4200000|100%| O|  |TAMS 0x00000000b4100000| PB 0x00000000b4100000| Untracked 
| 322|0x00000000b4200000, 0x00000000b4300000, 0x00000000b4300000|100%| O|  |TAMS 0x00000000b4200000| PB 0x00000000b4200000| Untracked 
| 323|0x00000000b4300000, 0x00000000b4400000, 0x00000000b4400000|100%| O|  |TAMS 0x00000000b4300000| PB 0x00000000b4300000| Untracked 
| 324|0x00000000b4400000, 0x00000000b4500000, 0x00000000b4500000|100%| O|  |TAMS 0x00000000b4400000| PB 0x00000000b4400000| Untracked 
| 325|0x00000000b4500000, 0x00000000b4600000, 0x00000000b4600000|100%| O|  |TAMS 0x00000000b4500000| PB 0x00000000b4500000| Untracked 
| 326|0x00000000b4600000, 0x00000000b4700000, 0x00000000b4700000|100%| O|  |TAMS 0x00000000b4600000| PB 0x00000000b4600000| Untracked 
| 327|0x00000000b4700000, 0x00000000b4800000, 0x00000000b4800000|100%| O|  |TAMS 0x00000000b4700000| PB 0x00000000b4700000| Untracked 
| 328|0x00000000b4800000, 0x00000000b4900000, 0x00000000b4900000|100%| O|  |TAMS 0x00000000b4800000| PB 0x00000000b4800000| Untracked 
| 329|0x00000000b4900000, 0x00000000b4a00000, 0x00000000b4a00000|100%| O|  |TAMS 0x00000000b4900000| PB 0x00000000b4900000| Untracked 
| 330|0x00000000b4a00000, 0x00000000b4b00000, 0x00000000b4b00000|100%| O|  |TAMS 0x00000000b4a00000| PB 0x00000000b4a00000| Untracked 
| 331|0x00000000b4b00000, 0x00000000b4c00000, 0x00000000b4c00000|100%| O|  |TAMS 0x00000000b4b00000| PB 0x00000000b4b00000| Untracked 
| 332|0x00000000b4c00000, 0x00000000b4d00000, 0x00000000b4d00000|100%| O|  |TAMS 0x00000000b4c00000| PB 0x00000000b4c00000| Untracked 
| 333|0x00000000b4d00000, 0x00000000b4e00000, 0x00000000b4e00000|100%| O|  |TAMS 0x00000000b4d00000| PB 0x00000000b4d00000| Untracked 
| 334|0x00000000b4e00000, 0x00000000b4f00000, 0x00000000b4f00000|100%| O|  |TAMS 0x00000000b4e00000| PB 0x00000000b4e00000| Untracked 
| 335|0x00000000b4f00000, 0x00000000b5000000, 0x00000000b5000000|100%| O|  |TAMS 0x00000000b4f00000| PB 0x00000000b4f00000| Untracked 
| 336|0x00000000b5000000, 0x00000000b5100000, 0x00000000b5100000|100%| O|  |TAMS 0x00000000b5000000| PB 0x00000000b5000000| Untracked 
| 337|0x00000000b5100000, 0x00000000b5200000, 0x00000000b5200000|100%| O|  |TAMS 0x00000000b5100000| PB 0x00000000b5100000| Untracked 
| 338|0x00000000b5200000, 0x00000000b5300000, 0x00000000b5300000|100%| O|  |TAMS 0x00000000b5200000| PB 0x00000000b5200000| Untracked 
| 339|0x00000000b5300000, 0x00000000b5400000, 0x00000000b5400000|100%| O|  |TAMS 0x00000000b5300000| PB 0x00000000b5300000| Untracked 
| 340|0x00000000b5400000, 0x00000000b5500000, 0x00000000b5500000|100%| O|  |TAMS 0x00000000b5400000| PB 0x00000000b5400000| Untracked 
| 341|0x00000000b5500000, 0x00000000b5600000, 0x00000000b5600000|100%| O|  |TAMS 0x00000000b5500000| PB 0x00000000b5500000| Untracked 
| 342|0x00000000b5600000, 0x00000000b5700000, 0x00000000b5700000|100%| O|  |TAMS 0x00000000b5600000| PB 0x00000000b5600000| Untracked 
| 343|0x00000000b5700000, 0x00000000b5800000, 0x00000000b5800000|100%| O|  |TAMS 0x00000000b5700000| PB 0x00000000b5700000| Untracked 
| 344|0x00000000b5800000, 0x00000000b5900000, 0x00000000b5900000|100%| O|  |TAMS 0x00000000b5800000| PB 0x00000000b5800000| Untracked 
| 345|0x00000000b5900000, 0x00000000b5a00000, 0x00000000b5a00000|100%| O|  |TAMS 0x00000000b5900000| PB 0x00000000b5900000| Untracked 
| 346|0x00000000b5a00000, 0x00000000b5b00000, 0x00000000b5b00000|100%| O|  |TAMS 0x00000000b5a00000| PB 0x00000000b5a00000| Untracked 
| 347|0x00000000b5b00000, 0x00000000b5c00000, 0x00000000b5c00000|100%| O|  |TAMS 0x00000000b5b00000| PB 0x00000000b5b00000| Untracked 
| 348|0x00000000b5c00000, 0x00000000b5d00000, 0x00000000b5d00000|100%| O|  |TAMS 0x00000000b5c00000| PB 0x00000000b5c00000| Untracked 
| 349|0x00000000b5d00000, 0x00000000b5e00000, 0x00000000b5e00000|100%| O|  |TAMS 0x00000000b5d00000| PB 0x00000000b5d00000| Untracked 
| 350|0x00000000b5e00000, 0x00000000b5ed48f8, 0x00000000b5f00000| 83%| O|  |TAMS 0x00000000b5e00000| PB 0x00000000b5e00000| Untracked 
| 351|0x00000000b5f00000, 0x00000000b6000000, 0x00000000b6000000|100%|HS|  |TAMS 0x00000000b5f00000| PB 0x00000000b5f00000| Complete 
| 352|0x00000000b6000000, 0x00000000b6100000, 0x00000000b6100000|100%|HS|  |TAMS 0x00000000b6000000| PB 0x00000000b6000000| Complete 
| 353|0x00000000b6100000, 0x00000000b6100000, 0x00000000b6200000|  0%| F|  |TAMS 0x00000000b6100000| PB 0x00000000b6100000| Untracked 
| 354|0x00000000b6200000, 0x00000000b6200000, 0x00000000b6300000|  0%| F|  |TAMS 0x00000000b6200000| PB 0x00000000b6200000| Untracked 
| 355|0x00000000b6300000, 0x00000000b6300000, 0x00000000b6400000|  0%| F|  |TAMS 0x00000000b6300000| PB 0x00000000b6300000| Untracked 
| 356|0x00000000b6400000, 0x00000000b6400000, 0x00000000b6500000|  0%| F|  |TAMS 0x00000000b6400000| PB 0x00000000b6400000| Untracked 
| 357|0x00000000b6500000, 0x00000000b6500000, 0x00000000b6600000|  0%| F|  |TAMS 0x00000000b6500000| PB 0x00000000b6500000| Untracked 
| 358|0x00000000b6600000, 0x00000000b6600000, 0x00000000b6700000|  0%| F|  |TAMS 0x00000000b6600000| PB 0x00000000b6600000| Untracked 
| 359|0x00000000b6700000, 0x00000000b6700000, 0x00000000b6800000|  0%| F|  |TAMS 0x00000000b6700000| PB 0x00000000b6700000| Untracked 
| 360|0x00000000b6800000, 0x00000000b6800000, 0x00000000b6900000|  0%| F|  |TAMS 0x00000000b6800000| PB 0x00000000b6800000| Untracked 
| 361|0x00000000b6900000, 0x00000000b6900000, 0x00000000b6a00000|  0%| F|  |TAMS 0x00000000b6900000| PB 0x00000000b6900000| Untracked 
| 362|0x00000000b6a00000, 0x00000000b6a00000, 0x00000000b6b00000|  0%| F|  |TAMS 0x00000000b6a00000| PB 0x00000000b6a00000| Untracked 
| 363|0x00000000b6b00000, 0x00000000b6b00000, 0x00000000b6c00000|  0%| F|  |TAMS 0x00000000b6b00000| PB 0x00000000b6b00000| Untracked 
| 364|0x00000000b6c00000, 0x00000000b6c00000, 0x00000000b6d00000|  0%| F|  |TAMS 0x00000000b6c00000| PB 0x00000000b6c00000| Untracked 
| 365|0x00000000b6d00000, 0x00000000b6d00000, 0x00000000b6e00000|  0%| F|  |TAMS 0x00000000b6d00000| PB 0x00000000b6d00000| Untracked 
| 366|0x00000000b6e00000, 0x00000000b6e00000, 0x00000000b6f00000|  0%| F|  |TAMS 0x00000000b6e00000| PB 0x00000000b6e00000| Untracked 
| 367|0x00000000b6f00000, 0x00000000b6f00000, 0x00000000b7000000|  0%| F|  |TAMS 0x00000000b6f00000| PB 0x00000000b6f00000| Untracked 
| 368|0x00000000b7000000, 0x00000000b7000000, 0x00000000b7100000|  0%| F|  |TAMS 0x00000000b7000000| PB 0x00000000b7000000| Untracked 
| 369|0x00000000b7100000, 0x00000000b7100000, 0x00000000b7200000|  0%| F|  |TAMS 0x00000000b7100000| PB 0x00000000b7100000| Untracked 
| 370|0x00000000b7200000, 0x00000000b7200000, 0x00000000b7300000|  0%| F|  |TAMS 0x00000000b7200000| PB 0x00000000b7200000| Untracked 
| 371|0x00000000b7300000, 0x00000000b7300000, 0x00000000b7400000|  0%| F|  |TAMS 0x00000000b7300000| PB 0x00000000b7300000| Untracked 
| 372|0x00000000b7400000, 0x00000000b7400000, 0x00000000b7500000|  0%| F|  |TAMS 0x00000000b7400000| PB 0x00000000b7400000| Untracked 
| 373|0x00000000b7500000, 0x00000000b7500000, 0x00000000b7600000|  0%| F|  |TAMS 0x00000000b7500000| PB 0x00000000b7500000| Untracked 
| 374|0x00000000b7600000, 0x00000000b7600000, 0x00000000b7700000|  0%| F|  |TAMS 0x00000000b7600000| PB 0x00000000b7600000| Untracked 
| 375|0x00000000b7700000, 0x00000000b7700000, 0x00000000b7800000|  0%| F|  |TAMS 0x00000000b7700000| PB 0x00000000b7700000| Untracked 
| 376|0x00000000b7800000, 0x00000000b7800000, 0x00000000b7900000|  0%| F|  |TAMS 0x00000000b7800000| PB 0x00000000b7800000| Untracked 
| 377|0x00000000b7900000, 0x00000000b7900000, 0x00000000b7a00000|  0%| F|  |TAMS 0x00000000b7900000| PB 0x00000000b7900000| Untracked 
| 378|0x00000000b7a00000, 0x00000000b7a00000, 0x00000000b7b00000|  0%| F|  |TAMS 0x00000000b7a00000| PB 0x00000000b7a00000| Untracked 
| 379|0x00000000b7b00000, 0x00000000b7b00000, 0x00000000b7c00000|  0%| F|  |TAMS 0x00000000b7b00000| PB 0x00000000b7b00000| Untracked 
| 380|0x00000000b7c00000, 0x00000000b7c00000, 0x00000000b7d00000|  0%| F|  |TAMS 0x00000000b7c00000| PB 0x00000000b7c00000| Untracked 
| 381|0x00000000b7d00000, 0x00000000b7d00000, 0x00000000b7e00000|  0%| F|  |TAMS 0x00000000b7d00000| PB 0x00000000b7d00000| Untracked 
| 382|0x00000000b7e00000, 0x00000000b7e00000, 0x00000000b7f00000|  0%| F|  |TAMS 0x00000000b7e00000| PB 0x00000000b7e00000| Untracked 
| 383|0x00000000b7f00000, 0x00000000b7f00000, 0x00000000b8000000|  0%| F|  |TAMS 0x00000000b7f00000| PB 0x00000000b7f00000| Untracked 
| 384|0x00000000b8000000, 0x00000000b8000000, 0x00000000b8100000|  0%| F|  |TAMS 0x00000000b8000000| PB 0x00000000b8000000| Untracked 
| 385|0x00000000b8100000, 0x00000000b8100000, 0x00000000b8200000|  0%| F|  |TAMS 0x00000000b8100000| PB 0x00000000b8100000| Untracked 
| 386|0x00000000b8200000, 0x00000000b8200000, 0x00000000b8300000|  0%| F|  |TAMS 0x00000000b8200000| PB 0x00000000b8200000| Untracked 
| 387|0x00000000b8300000, 0x00000000b8300000, 0x00000000b8400000|  0%| F|  |TAMS 0x00000000b8300000| PB 0x00000000b8300000| Untracked 
| 388|0x00000000b8400000, 0x00000000b8400000, 0x00000000b8500000|  0%| F|  |TAMS 0x00000000b8400000| PB 0x00000000b8400000| Untracked 
| 389|0x00000000b8500000, 0x00000000b8500000, 0x00000000b8600000|  0%| F|  |TAMS 0x00000000b8500000| PB 0x00000000b8500000| Untracked 
| 390|0x00000000b8600000, 0x00000000b8600000, 0x00000000b8700000|  0%| F|  |TAMS 0x00000000b8600000| PB 0x00000000b8600000| Untracked 
| 391|0x00000000b8700000, 0x00000000b8700000, 0x00000000b8800000|  0%| F|  |TAMS 0x00000000b8700000| PB 0x00000000b8700000| Untracked 
| 392|0x00000000b8800000, 0x00000000b8800000, 0x00000000b8900000|  0%| F|  |TAMS 0x00000000b8800000| PB 0x00000000b8800000| Untracked 
| 393|0x00000000b8900000, 0x00000000b89b4ed0, 0x00000000b8a00000| 70%| S|CS|TAMS 0x00000000b8900000| PB 0x00000000b8900000| Complete 
| 394|0x00000000b8a00000, 0x00000000b8b00000, 0x00000000b8b00000|100%| S|CS|TAMS 0x00000000b8a00000| PB 0x00000000b8a00000| Complete 
| 395|0x00000000b8b00000, 0x00000000b8c00000, 0x00000000b8c00000|100%| S|CS|TAMS 0x00000000b8b00000| PB 0x00000000b8b00000| Complete 
| 396|0x00000000b8c00000, 0x00000000b8d00000, 0x00000000b8d00000|100%| S|CS|TAMS 0x00000000b8c00000| PB 0x00000000b8c00000| Complete 
| 397|0x00000000b8d00000, 0x00000000b8e00000, 0x00000000b8e00000|100%| S|CS|TAMS 0x00000000b8d00000| PB 0x00000000b8d00000| Complete 
| 398|0x00000000b8e00000, 0x00000000b8f00000, 0x00000000b8f00000|100%| S|CS|TAMS 0x00000000b8e00000| PB 0x00000000b8e00000| Complete 
| 399|0x00000000b8f00000, 0x00000000b9000000, 0x00000000b9000000|100%| S|CS|TAMS 0x00000000b8f00000| PB 0x00000000b8f00000| Complete 
| 400|0x00000000b9000000, 0x00000000b9100000, 0x00000000b9100000|100%| S|CS|TAMS 0x00000000b9000000| PB 0x00000000b9000000| Complete 
| 401|0x00000000b9100000, 0x00000000b9200000, 0x00000000b9200000|100%| S|CS|TAMS 0x00000000b9100000| PB 0x00000000b9100000| Complete 
| 402|0x00000000b9200000, 0x00000000b9300000, 0x00000000b9300000|100%| S|CS|TAMS 0x00000000b9200000| PB 0x00000000b9200000| Complete 
| 403|0x00000000b9300000, 0x00000000b9400000, 0x00000000b9400000|100%| S|CS|TAMS 0x00000000b9300000| PB 0x00000000b9300000| Complete 
| 404|0x00000000b9400000, 0x00000000b9500000, 0x00000000b9500000|100%| S|CS|TAMS 0x00000000b9400000| PB 0x00000000b9400000| Complete 
| 405|0x00000000b9500000, 0x00000000b9500000, 0x00000000b9600000|  0%| F|  |TAMS 0x00000000b9500000| PB 0x00000000b9500000| Untracked 
| 406|0x00000000b9600000, 0x00000000b9600000, 0x00000000b9700000|  0%| F|  |TAMS 0x00000000b9600000| PB 0x00000000b9600000| Untracked 
| 407|0x00000000b9700000, 0x00000000b9700000, 0x00000000b9800000|  0%| F|  |TAMS 0x00000000b9700000| PB 0x00000000b9700000| Untracked 
| 408|0x00000000b9800000, 0x00000000b9800000, 0x00000000b9900000|  0%| F|  |TAMS 0x00000000b9800000| PB 0x00000000b9800000| Untracked 
| 409|0x00000000b9900000, 0x00000000b9900000, 0x00000000b9a00000|  0%| F|  |TAMS 0x00000000b9900000| PB 0x00000000b9900000| Untracked 
| 410|0x00000000b9a00000, 0x00000000b9a00000, 0x00000000b9b00000|  0%| F|  |TAMS 0x00000000b9a00000| PB 0x00000000b9a00000| Untracked 
| 411|0x00000000b9b00000, 0x00000000b9b00000, 0x00000000b9c00000|  0%| F|  |TAMS 0x00000000b9b00000| PB 0x00000000b9b00000| Untracked 
| 412|0x00000000b9c00000, 0x00000000b9c00000, 0x00000000b9d00000|  0%| F|  |TAMS 0x00000000b9c00000| PB 0x00000000b9c00000| Untracked 
| 413|0x00000000b9d00000, 0x00000000b9d00000, 0x00000000b9e00000|  0%| F|  |TAMS 0x00000000b9d00000| PB 0x00000000b9d00000| Untracked 
| 414|0x00000000b9e00000, 0x00000000b9e00000, 0x00000000b9f00000|  0%| F|  |TAMS 0x00000000b9e00000| PB 0x00000000b9e00000| Untracked 
| 415|0x00000000b9f00000, 0x00000000b9f00000, 0x00000000ba000000|  0%| F|  |TAMS 0x00000000b9f00000| PB 0x00000000b9f00000| Untracked 
| 416|0x00000000ba000000, 0x00000000ba000000, 0x00000000ba100000|  0%| F|  |TAMS 0x00000000ba000000| PB 0x00000000ba000000| Untracked 
| 417|0x00000000ba100000, 0x00000000ba100000, 0x00000000ba200000|  0%| F|  |TAMS 0x00000000ba100000| PB 0x00000000ba100000| Untracked 
| 418|0x00000000ba200000, 0x00000000ba200000, 0x00000000ba300000|  0%| F|  |TAMS 0x00000000ba200000| PB 0x00000000ba200000| Untracked 
| 419|0x00000000ba300000, 0x00000000ba300000, 0x00000000ba400000|  0%| F|  |TAMS 0x00000000ba300000| PB 0x00000000ba300000| Untracked 
| 420|0x00000000ba400000, 0x00000000ba400000, 0x00000000ba500000|  0%| F|  |TAMS 0x00000000ba400000| PB 0x00000000ba400000| Untracked 
| 421|0x00000000ba500000, 0x00000000ba500000, 0x00000000ba600000|  0%| F|  |TAMS 0x00000000ba500000| PB 0x00000000ba500000| Untracked 
| 422|0x00000000ba600000, 0x00000000ba600000, 0x00000000ba700000|  0%| F|  |TAMS 0x00000000ba600000| PB 0x00000000ba600000| Untracked 
| 423|0x00000000ba700000, 0x00000000ba700000, 0x00000000ba800000|  0%| F|  |TAMS 0x00000000ba700000| PB 0x00000000ba700000| Untracked 
| 424|0x00000000ba800000, 0x00000000ba800000, 0x00000000ba900000|  0%| F|  |TAMS 0x00000000ba800000| PB 0x00000000ba800000| Untracked 
| 425|0x00000000ba900000, 0x00000000ba900000, 0x00000000baa00000|  0%| F|  |TAMS 0x00000000ba900000| PB 0x00000000ba900000| Untracked 
| 426|0x00000000baa00000, 0x00000000baa00000, 0x00000000bab00000|  0%| F|  |TAMS 0x00000000baa00000| PB 0x00000000baa00000| Untracked 
| 427|0x00000000bab00000, 0x00000000bab00000, 0x00000000bac00000|  0%| F|  |TAMS 0x00000000bab00000| PB 0x00000000bab00000| Untracked 
| 428|0x00000000bac00000, 0x00000000bac00000, 0x00000000bad00000|  0%| F|  |TAMS 0x00000000bac00000| PB 0x00000000bac00000| Untracked 
| 429|0x00000000bad00000, 0x00000000bad00000, 0x00000000bae00000|  0%| F|  |TAMS 0x00000000bad00000| PB 0x00000000bad00000| Untracked 
| 430|0x00000000bae00000, 0x00000000bae00000, 0x00000000baf00000|  0%| F|  |TAMS 0x00000000bae00000| PB 0x00000000bae00000| Untracked 
| 431|0x00000000baf00000, 0x00000000baf00000, 0x00000000bb000000|  0%| F|  |TAMS 0x00000000baf00000| PB 0x00000000baf00000| Untracked 
| 432|0x00000000bb000000, 0x00000000bb000000, 0x00000000bb100000|  0%| F|  |TAMS 0x00000000bb000000| PB 0x00000000bb000000| Untracked 
| 433|0x00000000bb100000, 0x00000000bb100000, 0x00000000bb200000|  0%| F|  |TAMS 0x00000000bb100000| PB 0x00000000bb100000| Untracked 
| 434|0x00000000bb200000, 0x00000000bb200000, 0x00000000bb300000|  0%| F|  |TAMS 0x00000000bb200000| PB 0x00000000bb200000| Untracked 
| 435|0x00000000bb300000, 0x00000000bb300000, 0x00000000bb400000|  0%| F|  |TAMS 0x00000000bb300000| PB 0x00000000bb300000| Untracked 
| 436|0x00000000bb400000, 0x00000000bb400000, 0x00000000bb500000|  0%| F|  |TAMS 0x00000000bb400000| PB 0x00000000bb400000| Untracked 
| 437|0x00000000bb500000, 0x00000000bb500000, 0x00000000bb600000|  0%| F|  |TAMS 0x00000000bb500000| PB 0x00000000bb500000| Untracked 
| 438|0x00000000bb600000, 0x00000000bb600000, 0x00000000bb700000|  0%| F|  |TAMS 0x00000000bb600000| PB 0x00000000bb600000| Untracked 
| 439|0x00000000bb700000, 0x00000000bb700000, 0x00000000bb800000|  0%| F|  |TAMS 0x00000000bb700000| PB 0x00000000bb700000| Untracked 
| 440|0x00000000bb800000, 0x00000000bb800000, 0x00000000bb900000|  0%| F|  |TAMS 0x00000000bb800000| PB 0x00000000bb800000| Untracked 
| 441|0x00000000bb900000, 0x00000000bb900000, 0x00000000bba00000|  0%| F|  |TAMS 0x00000000bb900000| PB 0x00000000bb900000| Untracked 
| 442|0x00000000bba00000, 0x00000000bba00000, 0x00000000bbb00000|  0%| F|  |TAMS 0x00000000bba00000| PB 0x00000000bba00000| Untracked 
| 443|0x00000000bbb00000, 0x00000000bbb00000, 0x00000000bbc00000|  0%| F|  |TAMS 0x00000000bbb00000| PB 0x00000000bbb00000| Untracked 
| 444|0x00000000bbc00000, 0x00000000bbc00000, 0x00000000bbd00000|  0%| F|  |TAMS 0x00000000bbc00000| PB 0x00000000bbc00000| Untracked 
| 445|0x00000000bbd00000, 0x00000000bbd00000, 0x00000000bbe00000|  0%| F|  |TAMS 0x00000000bbd00000| PB 0x00000000bbd00000| Untracked 
| 446|0x00000000bbe00000, 0x00000000bbe00000, 0x00000000bbf00000|  0%| F|  |TAMS 0x00000000bbe00000| PB 0x00000000bbe00000| Untracked 
| 447|0x00000000bbf00000, 0x00000000bbf00000, 0x00000000bc000000|  0%| F|  |TAMS 0x00000000bbf00000| PB 0x00000000bbf00000| Untracked 
| 448|0x00000000bc000000, 0x00000000bc000000, 0x00000000bc100000|  0%| F|  |TAMS 0x00000000bc000000| PB 0x00000000bc000000| Untracked 
| 449|0x00000000bc100000, 0x00000000bc100000, 0x00000000bc200000|  0%| F|  |TAMS 0x00000000bc100000| PB 0x00000000bc100000| Untracked 
| 450|0x00000000bc200000, 0x00000000bc200000, 0x00000000bc300000|  0%| F|  |TAMS 0x00000000bc200000| PB 0x00000000bc200000| Untracked 
| 451|0x00000000bc300000, 0x00000000bc300000, 0x00000000bc400000|  0%| F|  |TAMS 0x00000000bc300000| PB 0x00000000bc300000| Untracked 
| 452|0x00000000bc400000, 0x00000000bc400000, 0x00000000bc500000|  0%| F|  |TAMS 0x00000000bc400000| PB 0x00000000bc400000| Untracked 
| 453|0x00000000bc500000, 0x00000000bc500000, 0x00000000bc600000|  0%| F|  |TAMS 0x00000000bc500000| PB 0x00000000bc500000| Untracked 
| 454|0x00000000bc600000, 0x00000000bc600000, 0x00000000bc700000|  0%| F|  |TAMS 0x00000000bc600000| PB 0x00000000bc600000| Untracked 
| 455|0x00000000bc700000, 0x00000000bc700000, 0x00000000bc800000|  0%| F|  |TAMS 0x00000000bc700000| PB 0x00000000bc700000| Untracked 
| 456|0x00000000bc800000, 0x00000000bc800000, 0x00000000bc900000|  0%| F|  |TAMS 0x00000000bc800000| PB 0x00000000bc800000| Untracked 
| 457|0x00000000bc900000, 0x00000000bc900000, 0x00000000bca00000|  0%| F|  |TAMS 0x00000000bc900000| PB 0x00000000bc900000| Untracked 
| 458|0x00000000bca00000, 0x00000000bca00000, 0x00000000bcb00000|  0%| F|  |TAMS 0x00000000bca00000| PB 0x00000000bca00000| Untracked 
| 459|0x00000000bcb00000, 0x00000000bcb00000, 0x00000000bcc00000|  0%| F|  |TAMS 0x00000000bcb00000| PB 0x00000000bcb00000| Untracked 
| 460|0x00000000bcc00000, 0x00000000bcc00000, 0x00000000bcd00000|  0%| F|  |TAMS 0x00000000bcc00000| PB 0x00000000bcc00000| Untracked 
| 461|0x00000000bcd00000, 0x00000000bcd00000, 0x00000000bce00000|  0%| F|  |TAMS 0x00000000bcd00000| PB 0x00000000bcd00000| Untracked 
| 462|0x00000000bce00000, 0x00000000bce00000, 0x00000000bcf00000|  0%| F|  |TAMS 0x00000000bce00000| PB 0x00000000bce00000| Untracked 
| 463|0x00000000bcf00000, 0x00000000bcf00000, 0x00000000bd000000|  0%| F|  |TAMS 0x00000000bcf00000| PB 0x00000000bcf00000| Untracked 
| 464|0x00000000bd000000, 0x00000000bd000000, 0x00000000bd100000|  0%| F|  |TAMS 0x00000000bd000000| PB 0x00000000bd000000| Untracked 
| 465|0x00000000bd100000, 0x00000000bd100000, 0x00000000bd200000|  0%| F|  |TAMS 0x00000000bd100000| PB 0x00000000bd100000| Untracked 
| 466|0x00000000bd200000, 0x00000000bd200000, 0x00000000bd300000|  0%| F|  |TAMS 0x00000000bd200000| PB 0x00000000bd200000| Untracked 
| 467|0x00000000bd300000, 0x00000000bd300000, 0x00000000bd400000|  0%| F|  |TAMS 0x00000000bd300000| PB 0x00000000bd300000| Untracked 
| 468|0x00000000bd400000, 0x00000000bd400000, 0x00000000bd500000|  0%| F|  |TAMS 0x00000000bd400000| PB 0x00000000bd400000| Untracked 
| 469|0x00000000bd500000, 0x00000000bd500000, 0x00000000bd600000|  0%| F|  |TAMS 0x00000000bd500000| PB 0x00000000bd500000| Untracked 
| 470|0x00000000bd600000, 0x00000000bd600000, 0x00000000bd700000|  0%| F|  |TAMS 0x00000000bd600000| PB 0x00000000bd600000| Untracked 
| 471|0x00000000bd700000, 0x00000000bd700000, 0x00000000bd800000|  0%| F|  |TAMS 0x00000000bd700000| PB 0x00000000bd700000| Untracked 
| 472|0x00000000bd800000, 0x00000000bd800000, 0x00000000bd900000|  0%| F|  |TAMS 0x00000000bd800000| PB 0x00000000bd800000| Untracked 
| 473|0x00000000bd900000, 0x00000000bd900000, 0x00000000bda00000|  0%| F|  |TAMS 0x00000000bd900000| PB 0x00000000bd900000| Untracked 
| 474|0x00000000bda00000, 0x00000000bda00000, 0x00000000bdb00000|  0%| F|  |TAMS 0x00000000bda00000| PB 0x00000000bda00000| Untracked 
| 475|0x00000000bdb00000, 0x00000000bdb00000, 0x00000000bdc00000|  0%| F|  |TAMS 0x00000000bdb00000| PB 0x00000000bdb00000| Untracked 
| 476|0x00000000bdc00000, 0x00000000bdc00000, 0x00000000bdd00000|  0%| F|  |TAMS 0x00000000bdc00000| PB 0x00000000bdc00000| Untracked 
| 477|0x00000000bdd00000, 0x00000000bdd00000, 0x00000000bde00000|  0%| F|  |TAMS 0x00000000bdd00000| PB 0x00000000bdd00000| Untracked 
| 478|0x00000000bde00000, 0x00000000bde00000, 0x00000000bdf00000|  0%| F|  |TAMS 0x00000000bde00000| PB 0x00000000bde00000| Untracked 
| 479|0x00000000bdf00000, 0x00000000bdf00000, 0x00000000be000000|  0%| F|  |TAMS 0x00000000bdf00000| PB 0x00000000bdf00000| Untracked 
| 480|0x00000000be000000, 0x00000000be000000, 0x00000000be100000|  0%| F|  |TAMS 0x00000000be000000| PB 0x00000000be000000| Untracked 
| 481|0x00000000be100000, 0x00000000be100000, 0x00000000be200000|  0%| F|  |TAMS 0x00000000be100000| PB 0x00000000be100000| Untracked 
| 482|0x00000000be200000, 0x00000000be200000, 0x00000000be300000|  0%| F|  |TAMS 0x00000000be200000| PB 0x00000000be200000| Untracked 
| 483|0x00000000be300000, 0x00000000be300000, 0x00000000be400000|  0%| F|  |TAMS 0x00000000be300000| PB 0x00000000be300000| Untracked 
| 484|0x00000000be400000, 0x00000000be400000, 0x00000000be500000|  0%| F|  |TAMS 0x00000000be400000| PB 0x00000000be400000| Untracked 
| 485|0x00000000be500000, 0x00000000be500000, 0x00000000be600000|  0%| F|  |TAMS 0x00000000be500000| PB 0x00000000be500000| Untracked 
| 486|0x00000000be600000, 0x00000000be600000, 0x00000000be700000|  0%| F|  |TAMS 0x00000000be600000| PB 0x00000000be600000| Untracked 
| 487|0x00000000be700000, 0x00000000be700000, 0x00000000be800000|  0%| F|  |TAMS 0x00000000be700000| PB 0x00000000be700000| Untracked 
| 488|0x00000000be800000, 0x00000000be800000, 0x00000000be900000|  0%| F|  |TAMS 0x00000000be800000| PB 0x00000000be800000| Untracked 
| 489|0x00000000be900000, 0x00000000be900000, 0x00000000bea00000|  0%| F|  |TAMS 0x00000000be900000| PB 0x00000000be900000| Untracked 
| 490|0x00000000bea00000, 0x00000000bea00000, 0x00000000beb00000|  0%| F|  |TAMS 0x00000000bea00000| PB 0x00000000bea00000| Untracked 
| 491|0x00000000beb00000, 0x00000000beb00000, 0x00000000bec00000|  0%| F|  |TAMS 0x00000000beb00000| PB 0x00000000beb00000| Untracked 
| 492|0x00000000bec00000, 0x00000000bec00000, 0x00000000bed00000|  0%| F|  |TAMS 0x00000000bec00000| PB 0x00000000bec00000| Untracked 
| 493|0x00000000bed00000, 0x00000000bed00000, 0x00000000bee00000|  0%| F|  |TAMS 0x00000000bed00000| PB 0x00000000bed00000| Untracked 
| 494|0x00000000bee00000, 0x00000000bee00000, 0x00000000bef00000|  0%| F|  |TAMS 0x00000000bee00000| PB 0x00000000bee00000| Untracked 
| 495|0x00000000bef00000, 0x00000000bef00000, 0x00000000bf000000|  0%| F|  |TAMS 0x00000000bef00000| PB 0x00000000bef00000| Untracked 
| 496|0x00000000bf000000, 0x00000000bf000000, 0x00000000bf100000|  0%| F|  |TAMS 0x00000000bf000000| PB 0x00000000bf000000| Untracked 
| 497|0x00000000bf100000, 0x00000000bf100000, 0x00000000bf200000|  0%| F|  |TAMS 0x00000000bf100000| PB 0x00000000bf100000| Untracked 
| 498|0x00000000bf200000, 0x00000000bf200000, 0x00000000bf300000|  0%| F|  |TAMS 0x00000000bf200000| PB 0x00000000bf200000| Untracked 
| 499|0x00000000bf300000, 0x00000000bf300000, 0x00000000bf400000|  0%| F|  |TAMS 0x00000000bf300000| PB 0x00000000bf300000| Untracked 
| 500|0x00000000bf400000, 0x00000000bf400000, 0x00000000bf500000|  0%| F|  |TAMS 0x00000000bf400000| PB 0x00000000bf400000| Untracked 
| 501|0x00000000bf500000, 0x00000000bf500000, 0x00000000bf600000|  0%| F|  |TAMS 0x00000000bf500000| PB 0x00000000bf500000| Untracked 
| 502|0x00000000bf600000, 0x00000000bf600000, 0x00000000bf700000|  0%| F|  |TAMS 0x00000000bf600000| PB 0x00000000bf600000| Untracked 
| 503|0x00000000bf700000, 0x00000000bf700000, 0x00000000bf800000|  0%| F|  |TAMS 0x00000000bf700000| PB 0x00000000bf700000| Untracked 
| 504|0x00000000bf800000, 0x00000000bf800000, 0x00000000bf900000|  0%| F|  |TAMS 0x00000000bf800000| PB 0x00000000bf800000| Untracked 
| 505|0x00000000bf900000, 0x00000000bf900000, 0x00000000bfa00000|  0%| F|  |TAMS 0x00000000bf900000| PB 0x00000000bf900000| Untracked 
| 506|0x00000000bfa00000, 0x00000000bfa00000, 0x00000000bfb00000|  0%| F|  |TAMS 0x00000000bfa00000| PB 0x00000000bfa00000| Untracked 
| 507|0x00000000bfb00000, 0x00000000bfb00000, 0x00000000bfc00000|  0%| F|  |TAMS 0x00000000bfb00000| PB 0x00000000bfb00000| Untracked 
| 508|0x00000000bfc00000, 0x00000000bfc00000, 0x00000000bfd00000|  0%| F|  |TAMS 0x00000000bfc00000| PB 0x00000000bfc00000| Untracked 
| 509|0x00000000bfd00000, 0x00000000bfd00000, 0x00000000bfe00000|  0%| F|  |TAMS 0x00000000bfd00000| PB 0x00000000bfd00000| Untracked 
| 510|0x00000000bfe00000, 0x00000000bfe00000, 0x00000000bff00000|  0%| F|  |TAMS 0x00000000bfe00000| PB 0x00000000bfe00000| Untracked 
| 511|0x00000000bff00000, 0x00000000bff00000, 0x00000000c0000000|  0%| F|  |TAMS 0x00000000bff00000| PB 0x00000000bff00000| Untracked 
| 512|0x00000000c0000000, 0x00000000c0000000, 0x00000000c0100000|  0%| F|  |TAMS 0x00000000c0000000| PB 0x00000000c0000000| Untracked 
| 513|0x00000000c0100000, 0x00000000c0100000, 0x00000000c0200000|  0%| F|  |TAMS 0x00000000c0100000| PB 0x00000000c0100000| Untracked 
| 514|0x00000000c0200000, 0x00000000c0200000, 0x00000000c0300000|  0%| F|  |TAMS 0x00000000c0200000| PB 0x00000000c0200000| Untracked 
| 515|0x00000000c0300000, 0x00000000c0300000, 0x00000000c0400000|  0%| F|  |TAMS 0x00000000c0300000| PB 0x00000000c0300000| Untracked 
| 516|0x00000000c0400000, 0x00000000c0400000, 0x00000000c0500000|  0%| F|  |TAMS 0x00000000c0400000| PB 0x00000000c0400000| Untracked 
| 517|0x00000000c0500000, 0x00000000c0500000, 0x00000000c0600000|  0%| F|  |TAMS 0x00000000c0500000| PB 0x00000000c0500000| Untracked 
| 518|0x00000000c0600000, 0x00000000c0600000, 0x00000000c0700000|  0%| F|  |TAMS 0x00000000c0600000| PB 0x00000000c0600000| Untracked 
| 519|0x00000000c0700000, 0x00000000c0700000, 0x00000000c0800000|  0%| F|  |TAMS 0x00000000c0700000| PB 0x00000000c0700000| Untracked 
| 520|0x00000000c0800000, 0x00000000c0800000, 0x00000000c0900000|  0%| F|  |TAMS 0x00000000c0800000| PB 0x00000000c0800000| Untracked 
| 521|0x00000000c0900000, 0x00000000c0900000, 0x00000000c0a00000|  0%| F|  |TAMS 0x00000000c0900000| PB 0x00000000c0900000| Untracked 
| 522|0x00000000c0a00000, 0x00000000c0a00000, 0x00000000c0b00000|  0%| F|  |TAMS 0x00000000c0a00000| PB 0x00000000c0a00000| Untracked 
| 523|0x00000000c0b00000, 0x00000000c0b00000, 0x00000000c0c00000|  0%| F|  |TAMS 0x00000000c0b00000| PB 0x00000000c0b00000| Untracked 
| 524|0x00000000c0c00000, 0x00000000c0c00000, 0x00000000c0d00000|  0%| F|  |TAMS 0x00000000c0c00000| PB 0x00000000c0c00000| Untracked 
| 525|0x00000000c0d00000, 0x00000000c0d00000, 0x00000000c0e00000|  0%| F|  |TAMS 0x00000000c0d00000| PB 0x00000000c0d00000| Untracked 
| 526|0x00000000c0e00000, 0x00000000c0e00000, 0x00000000c0f00000|  0%| F|  |TAMS 0x00000000c0e00000| PB 0x00000000c0e00000| Untracked 
| 527|0x00000000c0f00000, 0x00000000c0f00000, 0x00000000c1000000|  0%| F|  |TAMS 0x00000000c0f00000| PB 0x00000000c0f00000| Untracked 
| 528|0x00000000c1000000, 0x00000000c1000000, 0x00000000c1100000|  0%| F|  |TAMS 0x00000000c1000000| PB 0x00000000c1000000| Untracked 
| 529|0x00000000c1100000, 0x00000000c1100000, 0x00000000c1200000|  0%| F|  |TAMS 0x00000000c1100000| PB 0x00000000c1100000| Untracked 
| 530|0x00000000c1200000, 0x00000000c1200000, 0x00000000c1300000|  0%| F|  |TAMS 0x00000000c1200000| PB 0x00000000c1200000| Untracked 
| 531|0x00000000c1300000, 0x00000000c1300000, 0x00000000c1400000|  0%| F|  |TAMS 0x00000000c1300000| PB 0x00000000c1300000| Untracked 
| 532|0x00000000c1400000, 0x00000000c1400000, 0x00000000c1500000|  0%| F|  |TAMS 0x00000000c1400000| PB 0x00000000c1400000| Untracked 
| 533|0x00000000c1500000, 0x00000000c1500000, 0x00000000c1600000|  0%| F|  |TAMS 0x00000000c1500000| PB 0x00000000c1500000| Untracked 
| 534|0x00000000c1600000, 0x00000000c1600000, 0x00000000c1700000|  0%| F|  |TAMS 0x00000000c1600000| PB 0x00000000c1600000| Untracked 
| 535|0x00000000c1700000, 0x00000000c1700000, 0x00000000c1800000|  0%| F|  |TAMS 0x00000000c1700000| PB 0x00000000c1700000| Untracked 
| 536|0x00000000c1800000, 0x00000000c1800000, 0x00000000c1900000|  0%| F|  |TAMS 0x00000000c1800000| PB 0x00000000c1800000| Untracked 
| 537|0x00000000c1900000, 0x00000000c1900000, 0x00000000c1a00000|  0%| F|  |TAMS 0x00000000c1900000| PB 0x00000000c1900000| Untracked 
| 538|0x00000000c1a00000, 0x00000000c1a00000, 0x00000000c1b00000|  0%| F|  |TAMS 0x00000000c1a00000| PB 0x00000000c1a00000| Untracked 
| 539|0x00000000c1b00000, 0x00000000c1b00000, 0x00000000c1c00000|  0%| F|  |TAMS 0x00000000c1b00000| PB 0x00000000c1b00000| Untracked 
| 540|0x00000000c1c00000, 0x00000000c1c00000, 0x00000000c1d00000|  0%| F|  |TAMS 0x00000000c1c00000| PB 0x00000000c1c00000| Untracked 
| 541|0x00000000c1d00000, 0x00000000c1d00000, 0x00000000c1e00000|  0%| F|  |TAMS 0x00000000c1d00000| PB 0x00000000c1d00000| Untracked 
| 542|0x00000000c1e00000, 0x00000000c1e00000, 0x00000000c1f00000|  0%| F|  |TAMS 0x00000000c1e00000| PB 0x00000000c1e00000| Untracked 
| 543|0x00000000c1f00000, 0x00000000c1f00000, 0x00000000c2000000|  0%| F|  |TAMS 0x00000000c1f00000| PB 0x00000000c1f00000| Untracked 
| 544|0x00000000c2000000, 0x00000000c2000000, 0x00000000c2100000|  0%| F|  |TAMS 0x00000000c2000000| PB 0x00000000c2000000| Untracked 
| 545|0x00000000c2100000, 0x00000000c2100000, 0x00000000c2200000|  0%| F|  |TAMS 0x00000000c2100000| PB 0x00000000c2100000| Untracked 
| 546|0x00000000c2200000, 0x00000000c2200000, 0x00000000c2300000|  0%| F|  |TAMS 0x00000000c2200000| PB 0x00000000c2200000| Untracked 
| 547|0x00000000c2300000, 0x00000000c2300000, 0x00000000c2400000|  0%| F|  |TAMS 0x00000000c2300000| PB 0x00000000c2300000| Untracked 
| 548|0x00000000c2400000, 0x00000000c2400000, 0x00000000c2500000|  0%| F|  |TAMS 0x00000000c2400000| PB 0x00000000c2400000| Untracked 
| 549|0x00000000c2500000, 0x00000000c2500000, 0x00000000c2600000|  0%| F|  |TAMS 0x00000000c2500000| PB 0x00000000c2500000| Untracked 
| 550|0x00000000c2600000, 0x00000000c2600000, 0x00000000c2700000|  0%| F|  |TAMS 0x00000000c2600000| PB 0x00000000c2600000| Untracked 
| 551|0x00000000c2700000, 0x00000000c2700000, 0x00000000c2800000|  0%| F|  |TAMS 0x00000000c2700000| PB 0x00000000c2700000| Untracked 
| 552|0x00000000c2800000, 0x00000000c2800000, 0x00000000c2900000|  0%| F|  |TAMS 0x00000000c2800000| PB 0x00000000c2800000| Untracked 
| 553|0x00000000c2900000, 0x00000000c2900000, 0x00000000c2a00000|  0%| F|  |TAMS 0x00000000c2900000| PB 0x00000000c2900000| Untracked 
| 554|0x00000000c2a00000, 0x00000000c2a00000, 0x00000000c2b00000|  0%| F|  |TAMS 0x00000000c2a00000| PB 0x00000000c2a00000| Untracked 
| 555|0x00000000c2b00000, 0x00000000c2b00000, 0x00000000c2c00000|  0%| F|  |TAMS 0x00000000c2b00000| PB 0x00000000c2b00000| Untracked 
| 556|0x00000000c2c00000, 0x00000000c2c00000, 0x00000000c2d00000|  0%| F|  |TAMS 0x00000000c2c00000| PB 0x00000000c2c00000| Untracked 
| 557|0x00000000c2d00000, 0x00000000c2d00000, 0x00000000c2e00000|  0%| F|  |TAMS 0x00000000c2d00000| PB 0x00000000c2d00000| Untracked 
| 558|0x00000000c2e00000, 0x00000000c2e00000, 0x00000000c2f00000|  0%| F|  |TAMS 0x00000000c2e00000| PB 0x00000000c2e00000| Untracked 
| 559|0x00000000c2f00000, 0x00000000c2f00000, 0x00000000c3000000|  0%| F|  |TAMS 0x00000000c2f00000| PB 0x00000000c2f00000| Untracked 
| 560|0x00000000c3000000, 0x00000000c3000000, 0x00000000c3100000|  0%| F|  |TAMS 0x00000000c3000000| PB 0x00000000c3000000| Untracked 
| 561|0x00000000c3100000, 0x00000000c3100000, 0x00000000c3200000|  0%| F|  |TAMS 0x00000000c3100000| PB 0x00000000c3100000| Untracked 
| 562|0x00000000c3200000, 0x00000000c3200000, 0x00000000c3300000|  0%| F|  |TAMS 0x00000000c3200000| PB 0x00000000c3200000| Untracked 
| 563|0x00000000c3300000, 0x00000000c3300000, 0x00000000c3400000|  0%| F|  |TAMS 0x00000000c3300000| PB 0x00000000c3300000| Untracked 
| 564|0x00000000c3400000, 0x00000000c3400000, 0x00000000c3500000|  0%| F|  |TAMS 0x00000000c3400000| PB 0x00000000c3400000| Untracked 
| 565|0x00000000c3500000, 0x00000000c3500000, 0x00000000c3600000|  0%| F|  |TAMS 0x00000000c3500000| PB 0x00000000c3500000| Untracked 
| 566|0x00000000c3600000, 0x00000000c3600000, 0x00000000c3700000|  0%| F|  |TAMS 0x00000000c3600000| PB 0x00000000c3600000| Untracked 
| 567|0x00000000c3700000, 0x00000000c3700000, 0x00000000c3800000|  0%| F|  |TAMS 0x00000000c3700000| PB 0x00000000c3700000| Untracked 
| 568|0x00000000c3800000, 0x00000000c3800000, 0x00000000c3900000|  0%| F|  |TAMS 0x00000000c3800000| PB 0x00000000c3800000| Untracked 
| 569|0x00000000c3900000, 0x00000000c3900000, 0x00000000c3a00000|  0%| F|  |TAMS 0x00000000c3900000| PB 0x00000000c3900000| Untracked 
| 570|0x00000000c3a00000, 0x00000000c3a00000, 0x00000000c3b00000|  0%| F|  |TAMS 0x00000000c3a00000| PB 0x00000000c3a00000| Untracked 
| 571|0x00000000c3b00000, 0x00000000c3b00000, 0x00000000c3c00000|  0%| F|  |TAMS 0x00000000c3b00000| PB 0x00000000c3b00000| Untracked 
| 572|0x00000000c3c00000, 0x00000000c3c00000, 0x00000000c3d00000|  0%| F|  |TAMS 0x00000000c3c00000| PB 0x00000000c3c00000| Untracked 
| 573|0x00000000c3d00000, 0x00000000c3d00000, 0x00000000c3e00000|  0%| F|  |TAMS 0x00000000c3d00000| PB 0x00000000c3d00000| Untracked 
| 574|0x00000000c3e00000, 0x00000000c3e00000, 0x00000000c3f00000|  0%| F|  |TAMS 0x00000000c3e00000| PB 0x00000000c3e00000| Untracked 
| 575|0x00000000c3f00000, 0x00000000c3f00000, 0x00000000c4000000|  0%| F|  |TAMS 0x00000000c3f00000| PB 0x00000000c3f00000| Untracked 
| 576|0x00000000c4000000, 0x00000000c4000000, 0x00000000c4100000|  0%| F|  |TAMS 0x00000000c4000000| PB 0x00000000c4000000| Untracked 
| 577|0x00000000c4100000, 0x00000000c4100000, 0x00000000c4200000|  0%| F|  |TAMS 0x00000000c4100000| PB 0x00000000c4100000| Untracked 
| 578|0x00000000c4200000, 0x00000000c4200000, 0x00000000c4300000|  0%| F|  |TAMS 0x00000000c4200000| PB 0x00000000c4200000| Untracked 
| 579|0x00000000c4300000, 0x00000000c4300000, 0x00000000c4400000|  0%| F|  |TAMS 0x00000000c4300000| PB 0x00000000c4300000| Untracked 
| 580|0x00000000c4400000, 0x00000000c4400000, 0x00000000c4500000|  0%| F|  |TAMS 0x00000000c4400000| PB 0x00000000c4400000| Untracked 
| 581|0x00000000c4500000, 0x00000000c4500000, 0x00000000c4600000|  0%| F|  |TAMS 0x00000000c4500000| PB 0x00000000c4500000| Untracked 
| 582|0x00000000c4600000, 0x00000000c4600000, 0x00000000c4700000|  0%| F|  |TAMS 0x00000000c4600000| PB 0x00000000c4600000| Untracked 
| 583|0x00000000c4700000, 0x00000000c4700000, 0x00000000c4800000|  0%| F|  |TAMS 0x00000000c4700000| PB 0x00000000c4700000| Untracked 
| 584|0x00000000c4800000, 0x00000000c4800000, 0x00000000c4900000|  0%| F|  |TAMS 0x00000000c4800000| PB 0x00000000c4800000| Untracked 
| 585|0x00000000c4900000, 0x00000000c4900000, 0x00000000c4a00000|  0%| F|  |TAMS 0x00000000c4900000| PB 0x00000000c4900000| Untracked 
| 586|0x00000000c4a00000, 0x00000000c4a00000, 0x00000000c4b00000|  0%| F|  |TAMS 0x00000000c4a00000| PB 0x00000000c4a00000| Untracked 
| 587|0x00000000c4b00000, 0x00000000c4b00000, 0x00000000c4c00000|  0%| F|  |TAMS 0x00000000c4b00000| PB 0x00000000c4b00000| Untracked 
| 588|0x00000000c4c00000, 0x00000000c4c00000, 0x00000000c4d00000|  0%| F|  |TAMS 0x00000000c4c00000| PB 0x00000000c4c00000| Untracked 
| 589|0x00000000c4d00000, 0x00000000c4d00000, 0x00000000c4e00000|  0%| F|  |TAMS 0x00000000c4d00000| PB 0x00000000c4d00000| Untracked 
| 590|0x00000000c4e00000, 0x00000000c4e00000, 0x00000000c4f00000|  0%| F|  |TAMS 0x00000000c4e00000| PB 0x00000000c4e00000| Untracked 
| 591|0x00000000c4f00000, 0x00000000c4f00000, 0x00000000c5000000|  0%| F|  |TAMS 0x00000000c4f00000| PB 0x00000000c4f00000| Untracked 
| 592|0x00000000c5000000, 0x00000000c5000000, 0x00000000c5100000|  0%| F|  |TAMS 0x00000000c5000000| PB 0x00000000c5000000| Untracked 
| 593|0x00000000c5100000, 0x00000000c5100000, 0x00000000c5200000|  0%| F|  |TAMS 0x00000000c5100000| PB 0x00000000c5100000| Untracked 
| 594|0x00000000c5200000, 0x00000000c5200000, 0x00000000c5300000|  0%| F|  |TAMS 0x00000000c5200000| PB 0x00000000c5200000| Untracked 
| 595|0x00000000c5300000, 0x00000000c5300000, 0x00000000c5400000|  0%| F|  |TAMS 0x00000000c5300000| PB 0x00000000c5300000| Untracked 
| 596|0x00000000c5400000, 0x00000000c5400000, 0x00000000c5500000|  0%| F|  |TAMS 0x00000000c5400000| PB 0x00000000c5400000| Untracked 
| 597|0x00000000c5500000, 0x00000000c5500000, 0x00000000c5600000|  0%| F|  |TAMS 0x00000000c5500000| PB 0x00000000c5500000| Untracked 
| 598|0x00000000c5600000, 0x00000000c5600000, 0x00000000c5700000|  0%| F|  |TAMS 0x00000000c5600000| PB 0x00000000c5600000| Untracked 
| 599|0x00000000c5700000, 0x00000000c5700000, 0x00000000c5800000|  0%| F|  |TAMS 0x00000000c5700000| PB 0x00000000c5700000| Untracked 
| 600|0x00000000c5800000, 0x00000000c5800000, 0x00000000c5900000|  0%| F|  |TAMS 0x00000000c5800000| PB 0x00000000c5800000| Untracked 
| 601|0x00000000c5900000, 0x00000000c5900000, 0x00000000c5a00000|  0%| F|  |TAMS 0x00000000c5900000| PB 0x00000000c5900000| Untracked 
| 602|0x00000000c5a00000, 0x00000000c5a00000, 0x00000000c5b00000|  0%| F|  |TAMS 0x00000000c5a00000| PB 0x00000000c5a00000| Untracked 
| 603|0x00000000c5b00000, 0x00000000c5b00000, 0x00000000c5c00000|  0%| F|  |TAMS 0x00000000c5b00000| PB 0x00000000c5b00000| Untracked 
| 604|0x00000000c5c00000, 0x00000000c5c013e8, 0x00000000c5d00000|  0%| E|  |TAMS 0x00000000c5c00000| PB 0x00000000c5c00000| Complete 
| 605|0x00000000c5d00000, 0x00000000c5e00000, 0x00000000c5e00000|100%| E|CS|TAMS 0x00000000c5d00000| PB 0x00000000c5d00000| Complete 
| 606|0x00000000c5e00000, 0x00000000c5f00000, 0x00000000c5f00000|100%| E|CS|TAMS 0x00000000c5e00000| PB 0x00000000c5e00000| Complete 
| 607|0x00000000c5f00000, 0x00000000c6000000, 0x00000000c6000000|100%| E|CS|TAMS 0x00000000c5f00000| PB 0x00000000c5f00000| Complete 
|1489|0x00000000fd100000, 0x00000000fd200000, 0x00000000fd200000|100%| O|  |TAMS 0x00000000fd100000| PB 0x00000000fd100000| Untracked 
|1490|0x00000000fd200000, 0x00000000fd300000, 0x00000000fd300000|100%| E|CS|TAMS 0x00000000fd200000| PB 0x00000000fd200000| Complete 
|1491|0x00000000fd300000, 0x00000000fd400000, 0x00000000fd400000|100%| O|  |TAMS 0x00000000fd300000| PB 0x00000000fd300000| Untracked 
|1492|0x00000000fd400000, 0x00000000fd500000, 0x00000000fd500000|100%| O|  |TAMS 0x00000000fd400000| PB 0x00000000fd400000| Untracked 
|1493|0x00000000fd500000, 0x00000000fd600000, 0x00000000fd600000|100%| O|  |TAMS 0x00000000fd500000| PB 0x00000000fd500000| Untracked 
|1494|0x00000000fd600000, 0x00000000fd700000, 0x00000000fd700000|100%| O|  |TAMS 0x00000000fd600000| PB 0x00000000fd600000| Untracked 
|1495|0x00000000fd700000, 0x00000000fd800000, 0x00000000fd800000|100%| O|  |TAMS 0x00000000fd700000| PB 0x00000000fd700000| Untracked 
|1496|0x00000000fd800000, 0x00000000fd900000, 0x00000000fd900000|100%| O|  |TAMS 0x00000000fd800000| PB 0x00000000fd800000| Untracked 
|1497|0x00000000fd900000, 0x00000000fda00000, 0x00000000fda00000|100%| O|  |TAMS 0x00000000fd900000| PB 0x00000000fd900000| Untracked 
|1498|0x00000000fda00000, 0x00000000fdb00000, 0x00000000fdb00000|100%| O|  |TAMS 0x00000000fda00000| PB 0x00000000fda00000| Untracked 
|1499|0x00000000fdb00000, 0x00000000fdc00000, 0x00000000fdc00000|100%| O|  |TAMS 0x00000000fdb00000| PB 0x00000000fdb00000| Untracked 
|1500|0x00000000fdc00000, 0x00000000fdd00000, 0x00000000fdd00000|100%| O|  |TAMS 0x00000000fdc00000| PB 0x00000000fdc00000| Untracked 
|1501|0x00000000fdd00000, 0x00000000fde00000, 0x00000000fde00000|100%| O|  |TAMS 0x00000000fdd00000| PB 0x00000000fdd00000| Untracked 
|1502|0x00000000fde00000, 0x00000000fdf00000, 0x00000000fdf00000|100%| O|  |TAMS 0x00000000fde00000| PB 0x00000000fde00000| Untracked 
|1503|0x00000000fdf00000, 0x00000000fe000000, 0x00000000fe000000|100%| O|  |TAMS 0x00000000fdf00000| PB 0x00000000fdf00000| Untracked 
|1504|0x00000000fe000000, 0x00000000fe100000, 0x00000000fe100000|100%| O|  |TAMS 0x00000000fe000000| PB 0x00000000fe000000| Untracked 
|1505|0x00000000fe100000, 0x00000000fe200000, 0x00000000fe200000|100%| O|  |TAMS 0x00000000fe100000| PB 0x00000000fe100000| Untracked 
|1506|0x00000000fe200000, 0x00000000fe300000, 0x00000000fe300000|100%| O|  |TAMS 0x00000000fe200000| PB 0x00000000fe200000| Untracked 
|1507|0x00000000fe300000, 0x00000000fe400000, 0x00000000fe400000|100%| O|  |TAMS 0x00000000fe300000| PB 0x00000000fe300000| Untracked 
|1508|0x00000000fe400000, 0x00000000fe500000, 0x00000000fe500000|100%| E|CS|TAMS 0x00000000fe400000| PB 0x00000000fe400000| Complete 
|1509|0x00000000fe500000, 0x00000000fe600000, 0x00000000fe600000|100%| E|CS|TAMS 0x00000000fe500000| PB 0x00000000fe500000| Complete 
|1510|0x00000000fe600000, 0x00000000fe700000, 0x00000000fe700000|100%| O|  |TAMS 0x00000000fe600000| PB 0x00000000fe600000| Untracked 
|1511|0x00000000fe700000, 0x00000000fe800000, 0x00000000fe800000|100%| O|  |TAMS 0x00000000fe700000| PB 0x00000000fe700000| Untracked 
|1512|0x00000000fe800000, 0x00000000fe900000, 0x00000000fe900000|100%| O|  |TAMS 0x00000000fe800000| PB 0x00000000fe800000| Untracked 
|1513|0x00000000fe900000, 0x00000000fea00000, 0x00000000fea00000|100%| O|  |TAMS 0x00000000fe900000| PB 0x00000000fe900000| Untracked 
|1514|0x00000000fea00000, 0x00000000feb00000, 0x00000000feb00000|100%| O|  |TAMS 0x00000000fea00000| PB 0x00000000fea00000| Untracked 
|1515|0x00000000feb00000, 0x00000000fec00000, 0x00000000fec00000|100%| O|  |TAMS 0x00000000feb00000| PB 0x00000000feb00000| Untracked 
|1516|0x00000000fec00000, 0x00000000fed00000, 0x00000000fed00000|100%| O|  |TAMS 0x00000000fec00000| PB 0x00000000fec00000| Untracked 
|1517|0x00000000fed00000, 0x00000000fee00000, 0x00000000fee00000|100%| O|  |TAMS 0x00000000fed00000| PB 0x00000000fed00000| Untracked 
|1518|0x00000000fee00000, 0x00000000fef00000, 0x00000000fef00000|100%| O|  |TAMS 0x00000000fee00000| PB 0x00000000fee00000| Untracked 
|1519|0x00000000fef00000, 0x00000000ff000000, 0x00000000ff000000|100%| O|  |TAMS 0x00000000fef00000| PB 0x00000000fef00000| Untracked 
|1520|0x00000000ff000000, 0x00000000ff100000, 0x00000000ff100000|100%| E|CS|TAMS 0x00000000ff000000| PB 0x00000000ff000000| Complete 
|1521|0x00000000ff100000, 0x00000000ff200000, 0x00000000ff200000|100%| O|  |TAMS 0x00000000ff100000| PB 0x00000000ff100000| Untracked 
|1522|0x00000000ff200000, 0x00000000ff300000, 0x00000000ff300000|100%| O|  |TAMS 0x00000000ff200000| PB 0x00000000ff200000| Untracked 
|1523|0x00000000ff300000, 0x00000000ff400000, 0x00000000ff400000|100%| E|CS|TAMS 0x00000000ff300000| PB 0x00000000ff300000| Complete 
|1524|0x00000000ff400000, 0x00000000ff500000, 0x00000000ff500000|100%| E|CS|TAMS 0x00000000ff400000| PB 0x00000000ff400000| Complete 
|1525|0x00000000ff500000, 0x00000000ff600000, 0x00000000ff600000|100%| E|CS|TAMS 0x00000000ff500000| PB 0x00000000ff500000| Complete 
|1526|0x00000000ff600000, 0x00000000ff700000, 0x00000000ff700000|100%| O|  |TAMS 0x00000000ff600000| PB 0x00000000ff600000| Untracked 
|1527|0x00000000ff700000, 0x00000000ff800000, 0x00000000ff800000|100%| O|  |TAMS 0x00000000ff700000| PB 0x00000000ff700000| Untracked 
|1528|0x00000000ff800000, 0x00000000ff900000, 0x00000000ff900000|100%| O|  |TAMS 0x00000000ff800000| PB 0x00000000ff800000| Untracked 
|1529|0x00000000ff900000, 0x00000000ffa00000, 0x00000000ffa00000|100%| O|  |TAMS 0x00000000ff900000| PB 0x00000000ff900000| Untracked 
|1530|0x00000000ffa00000, 0x00000000ffb00000, 0x00000000ffb00000|100%| O|  |TAMS 0x00000000ffa00000| PB 0x00000000ffa00000| Untracked 
|1531|0x00000000ffb00000, 0x00000000ffc00000, 0x00000000ffc00000|100%| O|  |TAMS 0x00000000ffb00000| PB 0x00000000ffb00000| Untracked 
|1532|0x00000000ffc00000, 0x00000000ffd00000, 0x00000000ffd00000|100%| O|  |TAMS 0x00000000ffc00000| PB 0x00000000ffc00000| Untracked 
|1533|0x00000000ffd00000, 0x00000000ffe00000, 0x00000000ffe00000|100%| O|  |TAMS 0x00000000ffd00000| PB 0x00000000ffd00000| Untracked 
|1534|0x00000000ffe00000, 0x00000000fff00000, 0x00000000fff00000|100%| E|CS|TAMS 0x00000000ffe00000| PB 0x00000000ffe00000| Complete 
|1535|0x00000000fff00000, 0x0000000100000000, 0x0000000100000000|100%| O|  |TAMS 0x00000000fff00000| PB 0x00000000fff00000| Untracked 

Card table byte_map: [0x000001f0195c0000,0x000001f0198c0000] _byte_map_base: 0x000001f0190c0000

Marking Bits: (CMBitMap*) 0x000001f00d91b460
 Bits: [0x000001f0198c0000, 0x000001f01b0c0000)

Polling page: 0x000001f00d090000

Metaspace:

Usage:
  Non-class:    209.59 MB used.
      Class:     30.33 MB used.
       Both:    239.92 MB used.

Virtual space:
  Non-class space:      256.00 MB reserved,     211.00 MB ( 82%) committed,  4 nodes.
      Class space:      416.00 MB reserved,      31.62 MB (  8%) committed,  1 nodes.
             Both:      672.00 MB reserved,     242.62 MB ( 36%) committed. 

Chunk freelists:
   Non-Class:  12.83 MB
       Class:  368.00 KB
        Both:  13.19 MB

MaxMetaspaceSize: 512.00 MB
CompressedClassSpaceSize: 416.00 MB
Initial GC threshold: 21.00 MB
Current GC threshold: 404.19 MB
CDS: off
 - commit_granule_bytes: 65536.
 - commit_granule_words: 8192.
 - virtual_space_node_default_size: 8388608.
 - enlarge_chunks_in_place: 1.
 - use_allocation_guard: 0.


Internal statistics:

num_allocs_failed_limit: 9.
num_arena_births: 5524.
num_arena_deaths: 6.
num_vsnodes_births: 5.
num_vsnodes_deaths: 0.
num_space_committed: 3883.
num_space_uncommitted: 4.
num_chunks_returned_to_freelist: 89.
num_chunks_taken_from_freelist: 15451.
num_chunk_merges: 17.
num_chunk_splits: 10897.
num_chunks_enlarged: 7847.
num_inconsistent_stats: 0.

CodeCache: size=131072Kb used=57195Kb max_used=74606Kb free=73876Kb
 bounds [0x000001f010a30000, 0x000001f015310000, 0x000001f018a30000]
 total_blobs=16176, nmethods=14912, adapters=1161, full_count=0
Compilation: enabled, stopped_count=0, restarted_count=0

Compilation events (20 events):
Event: 45.864 Thread 0x000001f01e4a26c0 42780       3       jdk.internal.org.objectweb.asm.SymbolTable::hash (12 bytes)
Event: 45.864 Thread 0x000001f01e674d50 42781       3       jdk.internal.org.objectweb.asm.SymbolTable::addUninitializedType (103 bytes)
Event: 45.864 Thread 0x000001f01e4a26c0 nmethod 42780 0x000001f01263e010 code [0x000001f01263e1c0, 0x000001f01263e2f8]
Event: 45.864 Thread 0x000001f01e672690 42782       3       jdk.internal.org.objectweb.asm.MethodWriter::putFrame (549 bytes)
Event: 45.865 Thread 0x000001f02bada5a0 42783       3       java.lang.reflect.ProxyGenerator$ProxyMethod::codeClassForName (35 bytes)
Event: 45.865 Thread 0x000001f02bada5a0 nmethod 42783 0x000001f01279bf90 code [0x000001f01279c1a0, 0x000001f01279c6d0]
Event: 45.865 Thread 0x000001f01e674d50 nmethod 42781 0x000001f013f4c210 code [0x000001f013f4c420, 0x000001f013f4c9a8]
Event: 45.866 Thread 0x000001f0310c5470 nmethod 42779 0x000001f012b4b890 code [0x000001f012b4ba20, 0x000001f012b4bbc8]
Event: 45.866 Thread 0x000001f01e672690 nmethod 42782 0x000001f01214d210 code [0x000001f01214d6a0, 0x000001f01214f100]
Event: 45.869 Thread 0x000001f01e4a1c20 nmethod 42771 0x000001f013bdab90 code [0x000001f013bdad80, 0x000001f013bdb448]
Event: 45.873 Thread 0x000001f03cb078f0 nmethod 42769 0x000001f0117c0c10 code [0x000001f0117c0e80, 0x000001f0117c1660]
Event: 45.886 Thread 0x000001f01e4a26c0 42784       3       java.security.PermissionCollection::<init> (5 bytes)
Event: 45.887 Thread 0x000001f01e4a26c0 nmethod 42784 0x000001f0131b5710 code [0x000001f0131b58c0, 0x000001f0131b5a28]
Event: 45.888 Thread 0x000001f03cb09430 nmethod 42777 0x000001f012a87490 code [0x000001f012a87760, 0x000001f012a88eb8]
Event: 45.896 Thread 0x000001f01e4a26c0 42785       3       java.lang.StringUTF16::compress (187 bytes)
Event: 45.896 Thread 0x000001f01e674d50 42786       3       java.util.regex.Pattern::read (33 bytes)
Event: 45.897 Thread 0x000001f01e674d50 nmethod 42786 0x000001f012049290 code [0x000001f012049440, 0x000001f0120496a0]
Event: 45.897 Thread 0x000001f01e4a26c0 nmethod 42785 0x000001f012400310 code [0x000001f012400560, 0x000001f012400d40]
Event: 45.898 Thread 0x000001f03cb09430 42787       4       java.util.LinkedHashMap::<init> (21 bytes)
Event: 45.898 Thread 0x000001f03cb09430 nmethod 42787 0x000001f01319ee90 code [0x000001f01319f020, 0x000001f01319f0e8]

GC Heap History (20 events):
Event: 36.486 GC heap before
{Heap before GC invocations=73 (full 0):
 garbage-first heap   total 444416K, used 281082K [0x00000000a0000000, 0x0000000100000000)
  region size 1024K, 16 young (16384K), 15 survivors (15360K)
 Metaspace       used 219541K, committed 222272K, reserved 622592K
  class space    used 28619K, committed 29952K, reserved 425984K
}
Event: 36.491 GC heap after
{Heap after GC invocations=74 (full 0):
 garbage-first heap   total 444416K, used 282824K [0x00000000a0000000, 0x0000000100000000)
  region size 1024K, 2 young (2048K), 2 survivors (2048K)
 Metaspace       used 219541K, committed 222272K, reserved 622592K
  class space    used 28619K, committed 29952K, reserved 425984K
}
Event: 38.491 GC heap before
{Heap before GC invocations=75 (full 0):
 garbage-first heap   total 473088K, used 405704K [0x00000000a0000000, 0x0000000100000000)
  region size 1024K, 118 young (120832K), 2 survivors (2048K)
 Metaspace       used 231493K, committed 234240K, reserved 688128K
  class space    used 29798K, committed 31104K, reserved 425984K
}
Event: 38.499 GC heap after
{Heap after GC invocations=76 (full 0):
 garbage-first heap   total 473088K, used 293906K [0x00000000a0000000, 0x0000000100000000)
  region size 1024K, 13 young (13312K), 13 survivors (13312K)
 Metaspace       used 231493K, committed 234240K, reserved 688128K
  class space    used 29798K, committed 31104K, reserved 425984K
}
Event: 38.675 GC heap before
{Heap before GC invocations=76 (full 0):
 garbage-first heap   total 473088K, used 308242K [0x00000000a0000000, 0x0000000100000000)
  region size 1024K, 29 young (29696K), 13 survivors (13312K)
 Metaspace       used 234853K, committed 237632K, reserved 688128K
  class space    used 30203K, committed 31552K, reserved 425984K
}
Event: 38.681 GC heap after
{Heap after GC invocations=77 (full 0):
 garbage-first heap   total 473088K, used 295801K [0x00000000a0000000, 0x0000000100000000)
  region size 1024K, 2 young (2048K), 2 survivors (2048K)
 Metaspace       used 234853K, committed 237632K, reserved 688128K
  class space    used 30203K, committed 31552K, reserved 425984K
}
Event: 40.765 GC heap before
{Heap before GC invocations=78 (full 0):
 garbage-first heap   total 495616K, used 410489K [0x00000000a0000000, 0x0000000100000000)
  region size 1024K, 116 young (118784K), 2 survivors (2048K)
 Metaspace       used 237769K, committed 240576K, reserved 688128K
  class space    used 30496K, committed 31872K, reserved 425984K
}
Event: 40.770 GC heap after
{Heap after GC invocations=79 (full 0):
 garbage-first heap   total 495616K, used 297645K [0x00000000a0000000, 0x0000000100000000)
  region size 1024K, 4 young (4096K), 4 survivors (4096K)
 Metaspace       used 237769K, committed 240576K, reserved 688128K
  class space    used 30496K, committed 31872K, reserved 425984K
}
Event: 41.959 GC heap before
{Heap before GC invocations=80 (full 0):
 garbage-first heap   total 498688K, used 458413K [0x00000000a0000000, 0x0000000100000000)
  region size 1024K, 151 young (154624K), 4 survivors (4096K)
 Metaspace       used 239995K, committed 242880K, reserved 688128K
  class space    used 30617K, committed 32000K, reserved 425984K
}
Event: 41.965 GC heap after
{Heap after GC invocations=81 (full 0):
 garbage-first heap   total 498688K, used 299192K [0x00000000a0000000, 0x0000000100000000)
  region size 1024K, 5 young (5120K), 5 survivors (5120K)
 Metaspace       used 239995K, committed 242880K, reserved 688128K
  class space    used 30617K, committed 32000K, reserved 425984K
}
Event: 43.000 GC heap before
{Heap before GC invocations=81 (full 0):
 garbage-first heap   total 498688K, used 476344K [0x00000000a0000000, 0x0000000100000000)
  region size 1024K, 174 young (178176K), 5 survivors (5120K)
 Metaspace       used 241602K, committed 244416K, reserved 688128K
  class space    used 30742K, committed 32128K, reserved 425984K
}
Event: 43.015 GC heap after
{Heap after GC invocations=82 (full 0):
 garbage-first heap   total 523264K, used 332185K [0x00000000a0000000, 0x0000000100000000)
  region size 1024K, 22 young (22528K), 22 survivors (22528K)
 Metaspace       used 241602K, committed 244416K, reserved 688128K
  class space    used 30742K, committed 32128K, reserved 425984K
}
Event: 43.104 GC heap before
{Heap before GC invocations=82 (full 0):
 garbage-first heap   total 523264K, used 342425K [0x00000000a0000000, 0x0000000100000000)
  region size 1024K, 33 young (33792K), 22 survivors (22528K)
 Metaspace       used 241851K, committed 244736K, reserved 688128K
  class space    used 30783K, committed 32192K, reserved 425984K
}
Event: 43.112 GC heap after
{Heap after GC invocations=83 (full 0):
 garbage-first heap   total 523264K, used 337116K [0x00000000a0000000, 0x0000000100000000)
  region size 1024K, 5 young (5120K), 5 survivors (5120K)
 Metaspace       used 241851K, committed 244736K, reserved 688128K
  class space    used 30783K, committed 32192K, reserved 425984K
}
Event: 44.192 GC heap before
{Heap before GC invocations=84 (full 0):
 garbage-first heap   total 568320K, used 473308K [0x00000000a0000000, 0x0000000100000000)
  region size 1024K, 128 young (131072K), 5 survivors (5120K)
 Metaspace       used 242799K, committed 245696K, reserved 688128K
  class space    used 30852K, committed 32256K, reserved 425984K
}
Event: 44.215 GC heap after
{Heap after GC invocations=85 (full 0):
 garbage-first heap   total 568320K, used 375501K [0x00000000a0000000, 0x0000000100000000)
  region size 1024K, 16 young (16384K), 16 survivors (16384K)
 Metaspace       used 242799K, committed 245696K, reserved 688128K
  class space    used 30852K, committed 32256K, reserved 425984K
}
Event: 44.777 GC heap before
{Heap before GC invocations=85 (full 0):
 garbage-first heap   total 568320K, used 505549K [0x00000000a0000000, 0x0000000100000000)
  region size 1024K, 138 young (141312K), 16 survivors (16384K)
 Metaspace       used 242964K, committed 245824K, reserved 688128K
  class space    used 30860K, committed 32256K, reserved 425984K
}
Event: 44.808 GC heap after
{Heap after GC invocations=86 (full 0):
 garbage-first heap   total 568320K, used 397312K [0x00000000a0000000, 0x0000000100000000)
  region size 1024K, 18 young (18432K), 18 survivors (18432K)
 Metaspace       used 242964K, committed 245824K, reserved 688128K
  class space    used 30860K, committed 32256K, reserved 425984K
}
Event: 45.515 GC heap before
{Heap before GC invocations=86 (full 0):
 garbage-first heap   total 568320K, used 509952K [0x00000000a0000000, 0x0000000100000000)
  region size 1024K, 129 young (132096K), 18 survivors (18432K)
 Metaspace       used 244069K, committed 246912K, reserved 688128K
  class space    used 30925K, committed 32320K, reserved 425984K
}
Event: 45.531 GC heap after
{Heap after GC invocations=87 (full 0):
 garbage-first heap   total 568320K, used 411173K [0x00000000a0000000, 0x0000000100000000)
  region size 1024K, 12 young (12288K), 12 survivors (12288K)
 Metaspace       used 244069K, committed 246912K, reserved 688128K
  class space    used 30925K, committed 32320K, reserved 425984K
}

Dll operation events (3 events):
Event: 0.008 Loaded shared library C:\Program Files\Android\Android Studio\jbr\bin\java.dll
Event: 0.012 Loaded shared library C:\Program Files\Android\Android Studio\jbr\bin\zip.dll
Event: 0.494 Loaded shared library C:\Program Files\Android\Android Studio\jbr\bin\verify.dll

Deoptimization events (20 events):
Event: 45.839 Thread 0x000001f02b7c9630 Uncommon trap: trap_request=0xffffffc6 fr.pc=0x000001f012219208 relative=0x0000000000000648
Event: 45.839 Thread 0x000001f02b7c9630 Uncommon trap: reason=bimorphic_or_optimized_type_check action=maybe_recompile pc=0x000001f012219208 method=com.sun.tools.javac.code.Symbol$MethodSymbol.accept(Ljavax/lang/model/element/ElementVisitor;Ljava/lang/Object;)Ljava/lang/Object; @ 3 c2
Event: 45.839 Thread 0x000001f02b7c9630 DEOPT PACKING pc=0x000001f012219208 sp=0x000000ce7f6fca80
Event: 45.839 Thread 0x000001f02b7c9630 DEOPT UNPACKING pc=0x000001f010a843a2 sp=0x000000ce7f6fca60 mode 2
Event: 45.840 Thread 0x000001f02b7c9630 Uncommon trap: trap_request=0xffffffc6 fr.pc=0x000001f0126eee5c relative=0x0000000000000a3c
Event: 45.840 Thread 0x000001f02b7c9630 Uncommon trap: reason=bimorphic_or_optimized_type_check action=maybe_recompile pc=0x000001f0126eee5c method=com.sun.tools.javac.code.Symbol$VarSymbol.accept(Ljavax/lang/model/element/ElementVisitor;Ljava/lang/Object;)Ljava/lang/Object; @ 3 c2
Event: 45.840 Thread 0x000001f02b7c9630 DEOPT PACKING pc=0x000001f0126eee5c sp=0x000000ce7f6fca70
Event: 45.840 Thread 0x000001f02b7c9630 DEOPT UNPACKING pc=0x000001f010a843a2 sp=0x000000ce7f6fca60 mode 2
Event: 45.840 Thread 0x000001f02b7c9630 Uncommon trap: trap_request=0xffffffc6 fr.pc=0x000001f012219208 relative=0x0000000000000648
Event: 45.840 Thread 0x000001f02b7c9630 Uncommon trap: reason=bimorphic_or_optimized_type_check action=maybe_recompile pc=0x000001f012219208 method=com.sun.tools.javac.code.Symbol$MethodSymbol.accept(Ljavax/lang/model/element/ElementVisitor;Ljava/lang/Object;)Ljava/lang/Object; @ 3 c2
Event: 45.840 Thread 0x000001f02b7c9630 DEOPT PACKING pc=0x000001f012219208 sp=0x000000ce7f6fca80
Event: 45.840 Thread 0x000001f02b7c9630 DEOPT UNPACKING pc=0x000001f010a843a2 sp=0x000000ce7f6fca60 mode 2
Event: 45.840 Thread 0x000001f02b7c9630 Uncommon trap: trap_request=0xffffffc6 fr.pc=0x000001f012219208 relative=0x0000000000000648
Event: 45.840 Thread 0x000001f02b7c9630 Uncommon trap: reason=bimorphic_or_optimized_type_check action=maybe_recompile pc=0x000001f012219208 method=com.sun.tools.javac.code.Symbol$MethodSymbol.accept(Ljavax/lang/model/element/ElementVisitor;Ljava/lang/Object;)Ljava/lang/Object; @ 3 c2
Event: 45.840 Thread 0x000001f02b7c9630 DEOPT PACKING pc=0x000001f012219208 sp=0x000000ce7f6fca80
Event: 45.840 Thread 0x000001f02b7c9630 DEOPT UNPACKING pc=0x000001f010a843a2 sp=0x000000ce7f6fca60 mode 2
Event: 45.840 Thread 0x000001f02b7c9630 Uncommon trap: trap_request=0xffffffc6 fr.pc=0x000001f012219208 relative=0x0000000000000648
Event: 45.840 Thread 0x000001f02b7c9630 Uncommon trap: reason=bimorphic_or_optimized_type_check action=maybe_recompile pc=0x000001f012219208 method=com.sun.tools.javac.code.Symbol$MethodSymbol.accept(Ljavax/lang/model/element/ElementVisitor;Ljava/lang/Object;)Ljava/lang/Object; @ 3 c2
Event: 45.840 Thread 0x000001f02b7c9630 DEOPT PACKING pc=0x000001f012219208 sp=0x000000ce7f6fca80
Event: 45.840 Thread 0x000001f02b7c9630 DEOPT UNPACKING pc=0x000001f010a843a2 sp=0x000000ce7f6fca60 mode 2

Classes loaded (20 events):
Event: 38.262 Loading class java/util/ResourceBundle$KeyElementReference
Event: 38.262 Loading class java/util/ResourceBundle$CacheKeyReference
Event: 38.262 Loading class java/util/ResourceBundle$CacheKeyReference done
Event: 38.262 Loading class java/util/ResourceBundle$KeyElementReference done
Event: 38.262 Loading class java/util/ResourceBundle$3
Event: 38.262 Loading class java/util/ResourceBundle$3 done
Event: 38.268 Loading class java/util/ResourceBundle$BundleReference
Event: 38.268 Loading class java/util/ResourceBundle$BundleReference done
Event: 39.048 Loading class java/util/EnumMap$Values
Event: 39.048 Loading class java/util/EnumMap$Values done
Event: 39.048 Loading class java/util/EnumMap$ValueIterator
Event: 39.048 Loading class java/util/EnumMap$ValueIterator done
Event: 39.272 Loading class java/nio/file/FileTreeIterator
Event: 39.272 Loading class java/nio/file/FileTreeIterator done
Event: 42.403 Loading class java/lang/StringIndexOutOfBoundsException
Event: 42.403 Loading class java/lang/StringIndexOutOfBoundsException done
Event: 43.057 Loading class java/util/regex/Pattern$Bound
Event: 43.058 Loading class java/util/regex/Pattern$Bound done
Event: 43.094 Loading class java/text/BreakIterator
Event: 43.095 Loading class java/text/BreakIterator done

Classes unloaded (20 events):
Event: 45.702 Thread 0x000001f01e414b90 Unloading class 0x00000001017d3500 'org/jetbrains/kotlin/kapt/base/util/ModuleManipulationUtilsKt'
Event: 45.702 Thread 0x000001f01e414b90 Unloading class 0x00000001017d32c8 'androidx/compose/compiler/plugins/kotlin/ComposeConfiguration'
Event: 45.702 Thread 0x000001f01e414b90 Unloading class 0x00000001017d3090 'org/jetbrains/kotlin/kapt/cli/KaptCliOption$Companion'
Event: 45.702 Thread 0x000001f01e414b90 Unloading class 0x00000001017d29c8 'org/jetbrains/kotlin/kapt/cli/CliToolOption$Format'
Event: 45.702 Thread 0x000001f01e414b90 Unloading class 0x00000001017d2788 'org/jetbrains/kotlin/kapt/cli/CliToolOption'
Event: 45.702 Thread 0x000001f01e414b90 Unloading class 0x00000001017d24d0 'org/jetbrains/kotlin/kapt/cli/KaptCliOption'
Event: 45.702 Thread 0x000001f01e414b90 Unloading class 0x00000001017d2238 'org/jetbrains/kotlin/kapt/KaptCommandLineProcessor'
Event: 45.702 Thread 0x000001f01e414b90 Unloading class 0x00000001017d2000 'org/jetbrains/kotlin/parcelize/ParcelizeCommandLineProcessor$Companion'
Event: 45.702 Thread 0x000001f01e414b90 Unloading class 0x00000001017d1bb0 'org/jetbrains/kotlin/parcelize/ParcelizeCommandLineProcessor'
Event: 45.702 Thread 0x000001f01e414b90 Unloading class 0x00000001017d1978 'androidx/compose/compiler/plugins/kotlin/ComposePluginKt'
Event: 45.702 Thread 0x000001f01e414b90 Unloading class 0x00000001017d1740 'androidx/compose/compiler/plugins/kotlin/FeatureFlag$Companion'
Event: 45.702 Thread 0x000001f01e414b90 Unloading class 0x00000001017d1298 'androidx/compose/compiler/plugins/kotlin/FeatureFlag'
Event: 45.702 Thread 0x000001f01e414b90 Unloading class 0x00000001017d0db8 'androidx/compose/compiler/plugins/kotlin/ComposeCommandLineProcessor$Companion'
Event: 45.702 Thread 0x000001f01e414b90 Unloading class 0x00000001017d1000 'androidx/compose/compiler/plugins/kotlin/ComposeCommandLineProcessor'
Event: 45.702 Thread 0x000001f01e414b90 Unloading class 0x00000001017d0b68 'org/jetbrains/kotlin/kapt/KaptCompilerPluginRegistrar'
Event: 45.702 Thread 0x000001f01e414b90 Unloading class 0x00000001017d0930 'org/jetbrains/kotlin/parcelize/ParcelizeComponentRegistrar$Companion'
Event: 45.702 Thread 0x000001f01e414b90 Unloading class 0x00000001017d06e0 'org/jetbrains/kotlin/parcelize/ParcelizeComponentRegistrar'
Event: 45.702 Thread 0x000001f01e414b90 Unloading class 0x00000001017d04a8 'androidx/compose/compiler/plugins/kotlin/ComposePluginRegistrar$Companion'
Event: 45.702 Thread 0x000001f01e414b90 Unloading class 0x00000001017d0258 'androidx/compose/compiler/plugins/kotlin/ComposePluginRegistrar'
Event: 45.702 Thread 0x000001f01e414b90 Unloading class 0x00000001017d0000 'org/jetbrains/kotlin/kapt/KaptComponentRegistrar'

Classes redefined (0 events):
No events

Internal exceptions (20 events):
Event: 40.934 Thread 0x000001f02a3a6ed0 Exception <a 'sun/nio/fs/WindowsException'{0x00000000bc90efa0}> (0x00000000bc90efa0) 
thrown [s\src\hotspot\share\prims\jni.cpp, line 537]
Event: 40.934 Thread 0x000001f02a3a6ed0 Exception <a 'sun/nio/fs/WindowsException'{0x00000000bc911e08}> (0x00000000bc911e08) 
thrown [s\src\hotspot\share\prims\jni.cpp, line 537]
Event: 40.934 Thread 0x000001f02a3a6ed0 Exception <a 'sun/nio/fs/WindowsException'{0x00000000bc914c88}> (0x00000000bc914c88) 
thrown [s\src\hotspot\share\prims\jni.cpp, line 537]
Event: 40.935 Thread 0x000001f02a3a6ed0 Exception <a 'sun/nio/fs/WindowsException'{0x00000000bc917af0}> (0x00000000bc917af0) 
thrown [s\src\hotspot\share\prims\jni.cpp, line 537]
Event: 40.972 Thread 0x000001f02a3a6ed0 Exception <a 'sun/nio/fs/WindowsException'{0x00000000bc50afc8}> (0x00000000bc50afc8) 
thrown [s\src\hotspot\share\prims\jni.cpp, line 537]
Event: 40.975 Thread 0x000001f02a3a6ed0 Exception <a 'sun/nio/fs/WindowsException'{0x00000000bc554f40}> (0x00000000bc554f40) 
thrown [s\src\hotspot\share\prims\jni.cpp, line 537]
Event: 40.976 Thread 0x000001f02a3a6ed0 Exception <a 'sun/nio/fs/WindowsException'{0x00000000bc558f68}> (0x00000000bc558f68) 
thrown [s\src\hotspot\share\prims\jni.cpp, line 537]
Event: 41.099 Thread 0x000001f02a3a6ed0 Exception <a 'sun/nio/fs/WindowsException'{0x00000000bb2c6968}> (0x00000000bb2c6968) 
thrown [s\src\hotspot\share\prims\jni.cpp, line 537]
Event: 41.440 Thread 0x000001f02a3a6ed0 Exception <a 'sun/nio/fs/WindowsException'{0x00000000b63d1718}> (0x00000000b63d1718) 
thrown [s\src\hotspot\share\prims\jni.cpp, line 537]
Event: 41.446 Thread 0x000001f02a3a6ed0 Exception <a 'sun/nio/fs/WindowsException'{0x00000000b63da330}> (0x00000000b63da330) 
thrown [s\src\hotspot\share\prims\jni.cpp, line 537]
Event: 41.447 Thread 0x000001f02a3a6ed0 Exception <a 'sun/nio/fs/WindowsException'{0x00000000b63df740}> (0x00000000b63df740) 
thrown [s\src\hotspot\share\prims\jni.cpp, line 537]
Event: 41.593 Thread 0x000001f0251a3240 Exception <a 'sun/nio/fs/WindowsException'{0x00000000b4f06680}> (0x00000000b4f06680) 
thrown [s\src\hotspot\share\prims\jni.cpp, line 537]
Event: 41.619 Thread 0x000001f02a3a6ed0 Exception <a 'java/lang/NoSuchMethodError'{0x00000000b4fefe50}: static Lorg/jetbrains/kotlin/gradle/internal/KaptOptionsForWorker;.<clinit>()V> (0x00000000b4fefe50) 
thrown [s\src\hotspot\share\prims\jni.cpp, line 1144]
Event: 41.676 Thread 0x000001f02b7c9630 Exception <a 'java/lang/NoSuchMethodError'{0x00000000b4b695e8}: 'java.lang.Object java.lang.invoke.DirectMethodHandle$Holder.newInvokeSpecial(java.lang.Object, java.lang.Object, java.lang.Object, java.lang.Object, java.lang.Object, java.lang.Object, java.lang.Object, java.lang.Object, java.lang.Object, java.lang.Object, java.lang.Object, java.lang.Object, java.lang.Object, java.lang.Object, java.lang.Object, java.lang.Object, java.lang.Object, java.lang.Object, java.lang.Object, java.lang.Object, java.lang
Event: 41.677 Thread 0x000001f02b7c9630 Exception <a 'java/lang/NoSuchMethodError'{0x00000000b4b6f560}: 'java.lang.Object java.lang.invoke.DelegatingMethodHandle$Holder.reinvoke_L(java.lang.Object, java.lang.Object, java.lang.Object, java.lang.Object, java.lang.Object, java.lang.Object, java.lang.Object, java.lang.Object, java.lang.Object, java.lang.Object, java.lang.Object, java.lang.Object, java.lang.Object, java.lang.Object, java.lang.Object, java.lang.Object, java.lang.Object, java.lang.Object, java.lang.Object, java.lang.Object, java.lang.O
Event: 41.711 Thread 0x000001f02b7c9630 Exception <a 'sun/nio/fs/WindowsException'{0x00000000b49d5800}> (0x00000000b49d5800) 
thrown [s\src\hotspot\share\prims\jni.cpp, line 537]
Event: 41.713 Thread 0x000001f02b7c9630 Exception <a 'sun/nio/fs/WindowsException'{0x00000000b49e43d0}> (0x00000000b49e43d0) 
thrown [s\src\hotspot\share\prims\jni.cpp, line 537]
Event: 41.859 Thread 0x000001f02b7c9630 Exception <a 'sun/nio/fs/WindowsException'{0x00000000b3fdae60}> (0x00000000b3fdae60) 
thrown [s\src\hotspot\share\prims\jni.cpp, line 537]
Event: 43.050 Thread 0x000001f02b7c9630 Exception <a 'sun/nio/fs/WindowsException'{0x00000000bc932428}> (0x00000000bc932428) 
thrown [s\src\hotspot\share\prims\jni.cpp, line 537]
Event: 43.631 Thread 0x000001f02b7c9630 Exception <a 'java/lang/NoSuchMethodError'{0x00000000bdc4de68}: 'java.lang.Object java.lang.invoke.DirectMethodHandle$Holder.invokeVirtual(java.lang.Object, java.lang.Object, java.lang.Object, int, int)'> (0x00000000bdc4de68) 
thrown [s\src\hotspot\share\interpreter\linkResolver.cpp, line 784]

ZGC Phase Switch (0 events):
No events

VM Operations (20 events):
Event: 44.777 Executing safepoint VM operation: G1CollectForAllocation (G1 Evacuation Pause)
Event: 44.808 Executing safepoint VM operation: G1CollectForAllocation (G1 Evacuation Pause) done
Event: 44.939 Executing safepoint VM operation: ICBufferFull
Event: 44.939 Executing safepoint VM operation: ICBufferFull done
Event: 45.008 Executing safepoint VM operation: ICBufferFull
Event: 45.008 Executing safepoint VM operation: ICBufferFull done
Event: 45.135 Executing safepoint VM operation: ICBufferFull
Event: 45.136 Executing safepoint VM operation: ICBufferFull done
Event: 45.157 Executing non-safepoint VM operation: HandshakeAllThreads (Deoptimize)
Event: 45.158 Executing non-safepoint VM operation: HandshakeAllThreads (Deoptimize) done
Event: 45.253 Executing safepoint VM operation: ICBufferFull
Event: 45.253 Executing safepoint VM operation: ICBufferFull done
Event: 45.343 Executing safepoint VM operation: ICBufferFull
Event: 45.344 Executing safepoint VM operation: ICBufferFull done
Event: 45.514 Executing safepoint VM operation: G1CollectForAllocation (G1 Evacuation Pause)
Event: 45.531 Executing safepoint VM operation: G1CollectForAllocation (G1 Evacuation Pause) done
Event: 45.692 Executing safepoint VM operation: G1PauseRemark
Event: 45.728 Executing safepoint VM operation: G1PauseRemark done
Event: 45.862 Executing safepoint VM operation: G1PauseCleanup
Event: 45.863 Executing safepoint VM operation: G1PauseCleanup done

Memory protections (0 events):
No events

Nmethod flushes (20 events):
Event: 45.725 Thread 0x000001f01e414b90 flushing  nmethod 0x000001f012178390
Event: 45.725 Thread 0x000001f01e414b90 flushing  nmethod 0x000001f012325410
Event: 45.725 Thread 0x000001f01e414b90 flushing  nmethod 0x000001f0127e9990
Event: 45.725 Thread 0x000001f01e414b90 flushing  nmethod 0x000001f012a7ea90
Event: 45.725 Thread 0x000001f01e414b90 flushing  nmethod 0x000001f012a7ee10
Event: 45.725 Thread 0x000001f01e414b90 flushing  nmethod 0x000001f012b2e410
Event: 45.725 Thread 0x000001f01e414b90 flushing  nmethod 0x000001f012bcb690
Event: 45.725 Thread 0x000001f01e414b90 flushing  nmethod 0x000001f012ccfe10
Event: 45.725 Thread 0x000001f01e414b90 flushing  nmethod 0x000001f012ef4c10
Event: 45.725 Thread 0x000001f01e414b90 flushing  nmethod 0x000001f012ff0390
Event: 45.725 Thread 0x000001f01e414b90 flushing  nmethod 0x000001f013a35590
Event: 45.725 Thread 0x000001f01e414b90 flushing  nmethod 0x000001f013a37910
Event: 45.725 Thread 0x000001f01e414b90 flushing  nmethod 0x000001f013d7bd90
Event: 45.725 Thread 0x000001f01e414b90 flushing  nmethod 0x000001f013d82910
Event: 45.725 Thread 0x000001f01e414b90 flushing  nmethod 0x000001f0140afc90
Event: 45.725 Thread 0x000001f01e414b90 flushing  nmethod 0x000001f01467c190
Event: 45.725 Thread 0x000001f01e414b90 flushing  nmethod 0x000001f01467c610
Event: 45.725 Thread 0x000001f01e414b90 flushing  nmethod 0x000001f014938f90
Event: 45.725 Thread 0x000001f01e414b90 flushing  nmethod 0x000001f0149e9a10
Event: 45.725 Thread 0x000001f01e414b90 flushing  nmethod 0x000001f015170190

Events (20 events):
Event: 41.982 Thread 0x000001f03cb09430 Thread exited: 0x000001f03cb09430
Event: 42.237 Thread 0x000001f02a72a550 Thread exited: 0x000001f02a72a550
Event: 42.412 Thread 0x000001f01e4a1c20 Thread added: 0x000001f0310c5470
Event: 42.446 Thread 0x000001f02bada5a0 Thread added: 0x000001f0310c4000
Event: 42.456 Thread 0x000001f01e4a26c0 Thread added: 0x000001f0310c46d0
Event: 42.456 Thread 0x000001f02bada5a0 Thread added: 0x000001f0310c6210
Event: 42.546 Thread 0x000001f02bada5a0 Thread added: 0x000001f0310c6fb0
Event: 43.059 Thread 0x000001f01e672690 Thread added: 0x000001f0310c91c0
Event: 43.459 Thread 0x000001f0310c91c0 Thread exited: 0x000001f0310c91c0
Event: 45.009 Thread 0x000001f0297c0260 Thread exited: 0x000001f0297c0260
Event: 45.219 Thread 0x000001f0310c4000 Thread added: 0x000001f03cb09430
Event: 45.219 Thread 0x000001f0310c4000 Thread added: 0x000001f03cb07220
Event: 45.731 Thread 0x000001f03cb07220 Thread exited: 0x000001f03cb07220
Event: 45.731 Thread 0x000001f03cb09430 Thread exited: 0x000001f03cb09430
Event: 45.731 Thread 0x000001f0310c6fb0 Thread exited: 0x000001f0310c6fb0
Event: 45.768 Thread 0x000001f0310c6210 Thread exited: 0x000001f0310c6210
Event: 45.769 Thread 0x000001f0310c46d0 Thread exited: 0x000001f0310c46d0
Event: 45.769 Thread 0x000001f0310c4000 Thread exited: 0x000001f0310c4000
Event: 45.790 Thread 0x000001f01e4a26c0 Thread added: 0x000001f03cb078f0
Event: 45.801 Thread 0x000001f01e4a1c20 Thread added: 0x000001f03cb09430


Dynamic libraries:
0x00007ff6bb110000 - 0x00007ff6bb11a000 	C:\Program Files\Android\Android Studio\jbr\bin\java.exe
0x00007ff82bf30000 - 0x00007ff82c149000 	C:\WINDOWS\SYSTEM32\ntdll.dll
0x00007ff82acf0000 - 0x00007ff82adb4000 	C:\WINDOWS\System32\KERNEL32.DLL
0x00007ff829500000 - 0x00007ff8298c8000 	C:\WINDOWS\System32\KERNELBASE.dll
0x00007ff829300000 - 0x00007ff829411000 	C:\WINDOWS\System32\ucrtbase.dll
0x00007ff815a10000 - 0x00007ff815a28000 	C:\Program Files\Android\Android Studio\jbr\bin\jli.dll
0x00007ff82a620000 - 0x00007ff82a7d1000 	C:\WINDOWS\System32\USER32.dll
0x00007ff813460000 - 0x00007ff81347b000 	C:\Program Files\Android\Android Studio\jbr\bin\VCRUNTIME140.dll
0x00007ff80afd0000 - 0x00007ff80b26c000 	C:\WINDOWS\WinSxS\amd64_microsoft.windows.common-controls_6595b64144ccf1df_6.0.22621.6931_none_270fd4b77385a2c0\COMCTL32.dll
0x00007ff8294a0000 - 0x00007ff8294c6000 	C:\WINDOWS\System32\win32u.dll
0x00007ff82ae70000 - 0x00007ff82ae99000 	C:\WINDOWS\System32\GDI32.dll
0x00007ff82b7f0000 - 0x00007ff82b897000 	C:\WINDOWS\System32\msvcrt.dll
0x00007ff829970000 - 0x00007ff829a8c000 	C:\WINDOWS\System32\gdi32full.dll
0x00007ff8298d0000 - 0x00007ff82996a000 	C:\WINDOWS\System32\msvcp_win.dll
0x00007ff829bd0000 - 0x00007ff829c01000 	C:\WINDOWS\System32\IMM32.DLL
0x00007ff813450000 - 0x00007ff81345c000 	C:\Program Files\Android\Android Studio\jbr\bin\vcruntime140_1.dll
0x00007ff802060000 - 0x00007ff8020ed000 	C:\Program Files\Android\Android Studio\jbr\bin\msvcp140.dll
0x00007fffce700000 - 0x00007fffcf396000 	C:\Program Files\Android\Android Studio\jbr\bin\server\jvm.dll
0x00007ff82b8c0000 - 0x00007ff82b971000 	C:\WINDOWS\System32\ADVAPI32.dll
0x00007ff82adc0000 - 0x00007ff82ae68000 	C:\WINDOWS\System32\sechost.dll
0x00007ff8294d0000 - 0x00007ff8294f8000 	C:\WINDOWS\System32\bcrypt.dll
0x00007ff82bcd0000 - 0x00007ff82bde8000 	C:\WINDOWS\System32\RPCRT4.dll
0x00007ff82bdf0000 - 0x00007ff82be61000 	C:\WINDOWS\System32\WS2_32.dll
0x00007ff827e60000 - 0x00007ff827ead000 	C:\WINDOWS\SYSTEM32\POWRPROF.dll
0x00007ff8208f0000 - 0x00007ff820924000 	C:\WINDOWS\SYSTEM32\WINMM.dll
0x00007ff80e180000 - 0x00007ff80e18a000 	C:\WINDOWS\SYSTEM32\VERSION.dll
0x00007ff827e20000 - 0x00007ff827e33000 	C:\WINDOWS\SYSTEM32\UMPDC.dll
0x00007ff8280e0000 - 0x00007ff8280f8000 	C:\WINDOWS\SYSTEM32\kernel.appcore.dll
0x00007ff8132f0000 - 0x00007ff8132fa000 	C:\Program Files\Android\Android Studio\jbr\bin\jimage.dll
0x00007ff826470000 - 0x00007ff8266a3000 	C:\WINDOWS\SYSTEM32\DBGHELP.DLL
0x00007ff829c10000 - 0x00007ff829fa2000 	C:\WINDOWS\System32\combase.dll
0x00007ff82b980000 - 0x00007ff82ba59000 	C:\WINDOWS\System32\OLEAUT32.dll
0x00007ff811990000 - 0x00007ff8119c2000 	C:\WINDOWS\SYSTEM32\dbgcore.DLL
0x00007ff8291c0000 - 0x00007ff82923b000 	C:\WINDOWS\System32\bcryptPrimitives.dll
0x00007ff808570000 - 0x00007ff80857e000 	C:\Program Files\Android\Android Studio\jbr\bin\instrument.dll
0x00007ff812610000 - 0x00007ff812630000 	C:\Program Files\Android\Android Studio\jbr\bin\java.dll
0x00007ff811ab0000 - 0x00007ff811ac8000 	C:\Program Files\Android\Android Studio\jbr\bin\zip.dll
0x00007ff82aeb0000 - 0x00007ff82b74e000 	C:\WINDOWS\System32\SHELL32.dll
0x00007ff829a90000 - 0x00007ff829bcf000 	C:\WINDOWS\System32\wintypes.dll
0x00007ff826ed0000 - 0x00007ff8277e2000 	C:\WINDOWS\SYSTEM32\windows.storage.dll
0x00007ff82bbc0000 - 0x00007ff82bcc4000 	C:\WINDOWS\System32\SHCORE.dll
0x00007ff82aaa0000 - 0x00007ff82ab09000 	C:\WINDOWS\System32\shlwapi.dll
0x00007ff828f80000 - 0x00007ff828fa5000 	C:\WINDOWS\SYSTEM32\profapi.dll
0x00007ff813200000 - 0x00007ff813210000 	C:\Program Files\Android\Android Studio\jbr\bin\net.dll
0x00007ff824970000 - 0x00007ff824a9c000 	C:\WINDOWS\SYSTEM32\WINHTTP.dll
0x00007ff828590000 - 0x00007ff8285f9000 	C:\WINDOWS\system32\mswsock.dll
0x00007ff811970000 - 0x00007ff811986000 	C:\Program Files\Android\Android Studio\jbr\bin\nio.dll
0x00007ff80dc10000 - 0x00007ff80dc20000 	C:\Program Files\Android\Android Studio\jbr\bin\verify.dll
0x00007ff807690000 - 0x00007ff8076b7000 	C:\Users\owner\.gradle\native\660c5614fbf4a5f2a75b1949f50a0caf5cd603558e7d8a26e50b933a0cfb79d1\windows-amd64\native-platform.dll
0x00007ff801090000 - 0x00007ff801107000 	C:\Users\owner\.gradle\native\0.2.8\x86_64-windows-gnu\gradle-fileevents.dll
0x00007ff8123c0000 - 0x00007ff8123c9000 	C:\Program Files\Android\Android Studio\jbr\bin\management.dll
0x00007ff811aa0000 - 0x00007ff811aab000 	C:\Program Files\Android\Android Studio\jbr\bin\management_ext.dll
0x00007ff82aea0000 - 0x00007ff82aea8000 	C:\WINDOWS\System32\PSAPI.DLL
0x00007ff827ac0000 - 0x00007ff827aed000 	C:\WINDOWS\SYSTEM32\IPHLPAPI.DLL
0x00007ff82b7e0000 - 0x00007ff82b7e9000 	C:\WINDOWS\System32\NSI.dll
0x00007ff808580000 - 0x00007ff808589000 	C:\Program Files\Android\Android Studio\jbr\bin\extnet.dll
0x00007ff8288e0000 - 0x00007ff8288fb000 	C:\WINDOWS\SYSTEM32\CRYPTSP.dll
0x00007ff828040000 - 0x00007ff828077000 	C:\WINDOWS\system32\rsaenh.dll
0x00007ff828630000 - 0x00007ff828658000 	C:\WINDOWS\SYSTEM32\USERENV.dll
0x00007ff8288c0000 - 0x00007ff8288cc000 	C:\WINDOWS\SYSTEM32\CRYPTBASE.dll
0x00007fffffd10000 - 0x00007fffffd18000 	C:\WINDOWS\system32\wshunix.dll
0x00007ff823440000 - 0x00007ff8234d7000 	C:\WINDOWS\system32\apphelp.dll
0x00007ff8281f0000 - 0x00007ff828224000 	C:\WINDOWS\SYSTEM32\ntmarta.dll
0x00007ff811b10000 - 0x00007ff811b17000 	C:\Program Files\Android\Android Studio\jbr\bin\rmi.dll

JVMTI agents:
C:\Users\owner\.gradle\wrapper\dists\gradle-9.5.1-all\3mo7ofu40rhxhyro6vr9xd6jp\gradle-9.5.1\lib\agents\gradle-instrumentation-agent-9.5.1.jar path:C:\Program Files\Android\Android Studio\jbr\bin\instrument.dll, loaded, initialized, instrumentlib options:none

dbghelp: loaded successfully - version: 4.0.5 - missing functions: none
symbol engine: initialized successfully - sym options: 0x614 - pdb path: .;C:\Program Files\Android\Android Studio\jbr\bin;C:\WINDOWS\SYSTEM32;C:\WINDOWS\WinSxS\amd64_microsoft.windows.common-controls_6595b64144ccf1df_6.0.22621.6931_none_270fd4b77385a2c0;C:\Program Files\Android\Android Studio\jbr\bin\server;C:\Users\owner\.gradle\native\660c5614fbf4a5f2a75b1949f50a0caf5cd603558e7d8a26e50b933a0cfb79d1\windows-amd64;C:\Users\owner\.gradle\native\0.2.8\x86_64-windows-gnu

VM Arguments:
jvm_args: --add-opens=java.base/java.lang=ALL-UNNAMED --add-opens=java.base/java.lang.invoke=ALL-UNNAMED --add-opens=java.base/java.util=ALL-UNNAMED --add-opens=java.prefs/java.util.prefs=ALL-UNNAMED --add-exports=jdk.compiler/com.sun.tools.javac.api=ALL-UNNAMED --add-exports=jdk.compiler/com.sun.tools.javac.util=ALL-UNNAMED --add-opens=java.base/java.nio.charset=ALL-UNNAMED --add-opens=java.base/java.net=ALL-UNNAMED --add-opens=java.base/java.util.concurrent=ALL-UNNAMED --add-opens=java.base/java.util.concurrent.atomic=ALL-UNNAMED --add-opens=java.xml/javax.xml.namespace=ALL-UNNAMED --add-opens=java.base/java.time=ALL-UNNAMED -XX:MaxMetaspaceSize=512m -XX:ReservedCodeCacheSize=128m -Xmx1536M -Dfile.encoding=UTF-8 -Duser.country=JP -Duser.language=ja -Duser.variant -javaagent:C:\Users\owner\.gradle\wrapper\dists\gradle-9.5.1-all\3mo7ofu40rhxhyro6vr9xd6jp\gradle-9.5.1\lib\agents\gradle-instrumentation-agent-9.5.1.jar 
java_command: org.gradle.launcher.daemon.bootstrap.GradleDaemon 9.5.1
java_class_path (initial): C:\Users\owner\.gradle\wrapper\dists\gradle-9.5.1-all\3mo7ofu40rhxhyro6vr9xd6jp\gradle-9.5.1\lib\gradle-daemon-main-9.5.1.jar
Launcher Type: SUN_STANDARD

[Global flags]
     intx CICompilerCount                          = 12                                        {product} {ergonomic}
   size_t CompressedClassSpaceSize                 = 436207616                                 {product} {ergonomic}
     uint ConcGCThreads                            = 4                                         {product} {ergonomic}
     uint G1ConcRefinementThreads                  = 14                                        {product} {ergonomic}
   size_t G1HeapRegionSize                         = 1048576                                   {product} {ergonomic}
    uintx GCDrainStackTargetSize                   = 64                                        {product} {ergonomic}
   size_t InitialHeapSize                          = 257949696                                 {product} {ergonomic}
   size_t MarkStackSize                            = 4194304                                   {product} {ergonomic}
   size_t MaxHeapSize                              = 1610612736                                {product} {command line}
   size_t MaxMetaspaceSize                         = 536870912                                 {product} {command line}
   size_t MaxNewSize                               = 965738496                                 {product} {ergonomic}
   size_t MinHeapDeltaBytes                        = 1048576                                   {product} {ergonomic}
   size_t MinHeapSize                              = 8388608                                   {product} {ergonomic}
    uintx NonNMethodCodeHeapSize                   = 4096                                   {pd product} {ergonomic}
    uintx NonProfiledCodeHeapSize                  = 0                                      {pd product} {ergonomic}
     bool PerfDisableSharedMem                     = true                                      {product} {ergonomic}
    uintx ProfiledCodeHeapSize                     = 0                                      {pd product} {ergonomic}
    uintx ReservedCodeCacheSize                    = 134217728                              {pd product} {command line}
   size_t SoftMaxHeapSize                          = 1610612736                             {manageable} {ergonomic}
     bool UseCompressedOops                        = true                           {product lp64_product} {ergonomic}
     bool UseG1GC                                  = true                                      {product} {ergonomic}
     bool UseLargePagesIndividualAllocation        = false                                  {pd product} {ergonomic}

Logging:
Log output configuration:
 #0: stdout all=warning uptime,level,tags foldmultilines=false
 #1: stderr all=off uptime,level,tags foldmultilines=false

Release file:
JAVA_VERSION="21.0.10" 
MODULES="java.base java.compiler java.datatransfer java.xml java.prefs java.desktop java.instrument java.logging java.management java.security.sasl java.naming java.rmi java.management.rmi java.net.http java.scripting java.security.jgss java.transaction.xa java.sql java.sql.rowset java.xml.crypto java.se java.smartcardio jdk.accessibility jdk.internal.jvmstat jdk.attach jdk.charsets jdk.internal.opt jdk.zipfs jdk.compiler jdk.crypto.ec jdk.crypto.cryptoki jdk.dynalink jdk.hotspot.agent jdk.httpserver jdk.internal.ed jdk.internal.le jdk.internal.vm.ci jdk.jartool jdk.javadoc jdk.jcmd jdk.jdeps jdk.jdwp.agent jdk.jdi jdk.jfr jdk.jlink jdk.jsobject jdk.localedata jdk.management jdk.management.agent jdk.management.jfr jdk.naming.dns jdk.naming.rmi jdk.net jdk.sctp jdk.security.auth jdk.security.jgss jdk.unsupported jdk.unsupported.desktop jdk.xml.dom" 
IMPLEMENTOR="JetBrains s.r.o." 
JAVA_RUNTIME_VERSION="21.0.10+-14961533-b1163.108" 
LIBC="default" 
OS_ARCH="x86_64" 
OS_NAME="Windows" 
SOURCE=".:git:1351622c2ff2" 

Environment Variables:
JAVA_HOME=C:\Program Files\Android\Android Studio\jbr
CLASSPATH=C:\Users\owner\Downloads\MISSXXX\PipePipe-main\PipePipe-main\PipePipeClient\\gradle\wrapper\gradle-wrapper.jar
PATH=C:\Program Files\Android\Android Studio\jbr\bin;C:\Users\owner\.codex\tmp\arg0\codex-arg03NyAcB;C:\Users\owner\.cache\codex-runtimes\codex-primary-runtime\dependencies\bin;C:\Program Files\Eclipse Adoptium\jdk-26.0.1.8-hotspot\bin;C:\Program Files\Eclipse Adoptium\jdk-17.0.19.10-hotspot\bin;C:\Program Files (x86)\Common Files\Oracle\Java\java8path;C:\Program Files (x86)\Common Files\Oracle\Java\javapath;C:\WINDOWS\system32;C:\WINDOWS;C:\WINDOWS\System32\Wbem;C:\WINDOWS\System32\WindowsPowerShell\v1.0\;C:\WINDOWS\System32\OpenSSH\;C:\Program Files\dotnet\;C:\Program Files\Calibre2\;C:\Users\owner\AppData\Local\Microsoft\WindowsApps;C:\Users\owner\AppData\Local\Programs\VSCodium\bin;C:\ADB;C:\Program Files\gs\gs10.06.0\bin;C:\Program Files\Git\cmd;C:\Program Files\nodejs\;C:\Program Files\MEGA12;C:\Program Files\MEGACC;C:\Program Files\PowerToys\DSCModules\;C:\Program Files\WiX Toolset v7.0\bin\;C:\Program Files\Go\bin;C:\Program Files (x86)\Windows Kits\10\Windows Performance Toolkit\;C:\Users\owner\AppData\Local\Programs\Python\Python311\Scripts\;C:\Users\owner\AppData\Local\Programs\Python\Python311\;C:\Users\owner\AppData\Local\Programs\Python\Python313\Scripts\;C:\Users\owner\AppData\Local\Programs\Python\Python313\;C:\Users\owner\.cargo\bin;C:\Users\owner\AppData\Local\Pandoc\;C:\Users\owner\AppData\Roaming\npm;C:\Users\owner\AppData\Local\Microsoft\WinGet\Links;C:\Users\owner\go\bin;C:\Users\owner\.dotnet\tools;C:\Program Files\AntiMicroX\bin;C:\Users\owner\AppData\Local\OpenAI\Codex\bin\ada252862d154cdd;C:\Program Files\WindowsApps\OpenAI.Codex_26.623.13972.0_x64__2p2nqsd0c76g0\app\resources
USERNAME=owner
SHELL=C:\WINDOWS\System32\WindowsPowerShell\v1.0\powershell.exe
LANG=C.UTF-8
LC_ALL=C.UTF-8
LC_CTYPE=C.UTF-8
TERM=dumb
OS=Windows_NT
PROCESSOR_IDENTIFIER=Intel64 Family 6 Model 170 Stepping 4, GenuineIntel
TMP=C:\Users\owner\AppData\Local\Temp
TEMP=C:\Users\owner\AppData\Local\Temp




Periodic native trim disabled

JNI global refs:
JNI global refs: 32, weak refs: 0

JNI global refs memory usage: 835, weak refs: 201

Process memory usage:
Resident Set Size: 1183572K (7% of 16121028K total physical memory with 2840468K free physical memory)

OOME stack traces (most recent first):
Classloader memory used:
Loader java.net.URLClassLoader                                                         : 98365K
Loader org.gradle.internal.classloader.VisitableURLClassLoader                         : 57771K
Loader org.gradle.internal.classloader.VisitableURLClassLoader$InstrumentingVisitableURLClassLoader: 34108K
Loader bootstrap                                                                       : 32317K
Loader org.gradle.initialization.MixInLegacyTypesClassLoader                           : 12883K
Loader jdk.internal.loader.ClassLoaders$AppClassLoader                                 : 8601K
Loader jdk.internal.loader.ClassLoaders$PlatformClassLoader                            : 747K
Loader jdk.internal.reflect.DelegatingClassLoader                                      : 440K
Loader org.gradle.groovy.scripts.internal.DefaultScriptCompilationHandler$ScriptClassLoader: 429K
Loader org.gradle.internal.classloader.VisitableURLClassLoader                         : 9016B

Classes loaded by more than one classloader:
Class kotlin.text.StringsKt__StringsKt                                                : loaded 4 times (x 71B)
Class kotlin.NotImplementedError                                                      : loaded 4 times (x 82B)
Class kotlin.collections.CollectionsKt__CollectionsKt                                 : loaded 4 times (x 71B)
Class kotlin.collections.ArraysKt___ArraysJvmKt                                       : loaded 4 times (x 71B)
Class kotlin.text.StringsKt__RegexExtensionsJVMKt                                     : loaded 4 times (x 71B)
Class kotlin.enums.EnumEntriesList                                                    : loaded 4 times (x 223B)
Class kotlin.collections.CollectionsKt                                                : loaded 4 times (x 71B)
Class kotlin.comparisons.ComparisonsKt___ComparisonsJvmKt                             : loaded 4 times (x 71B)
Class kotlin.collections.CollectionsKt__IteratorsJVMKt                                : loaded 4 times (x 71B)
Class kotlin.Pair                                                                     : loaded 4 times (x 72B)
Class kotlin.collections.CollectionsKt__MutableCollectionsKt                          : loaded 4 times (x 71B)
Class kotlin.text.CharsKt                                                             : loaded 4 times (x 71B)
Class kotlin.collections.EmptyList                                                    : loaded 4 times (x 174B)
Class kotlin.jvm.internal.markers.KMappedMarker                                       : loaded 4 times (x 70B)
Class kotlin.collections.MapsKt__MapsJVMKt                                            : loaded 4 times (x 71B)
Class kotlin.collections.ArraysKt__ArraysKt                                           : loaded 4 times (x 71B)
Class kotlin.NoWhenBranchMatchedException                                             : loaded 4 times (x 82B)
Class kotlin.Lazy                                                                     : loaded 4 times (x 70B)
Class kotlin.collections.SetsKt__SetsJVMKt                                            : loaded 4 times (x 71B)
Class kotlin.Function                                                                 : loaded 4 times (x 70B)
Class kotlin.text.StringsKt__StringsJVMKt                                             : loaded 4 times (x 71B)
Class kotlin.text.StringsKt__IndentKt                                                 : loaded 4 times (x 71B)
Class kotlin.collections.SetsKt                                                       : loaded 4 times (x 71B)
Class kotlin.collections.CollectionsKt__ReversedViewsKt                               : loaded 4 times (x 71B)
Class kotlin.collections.MapsKt__MapsKt                                               : loaded 4 times (x 71B)
Class kotlin.Metadata                                                                 : loaded 4 times (x 70B)
Class kotlin.UninitializedPropertyAccessException                                     : loaded 4 times (x 82B)
Class kotlin.text.StringsKt__StringBuilderKt                                          : loaded 4 times (x 71B)
Class kotlin.collections.CollectionsKt__CollectionsJVMKt                              : loaded 4 times (x 71B)
Class kotlin.collections.CollectionsKt__IteratorsKt                                   : loaded 4 times (x 71B)
Class kotlin.collections.ArraysKt__ArraysJVMKt                                        : loaded 4 times (x 71B)
Class kotlin.text.StringsKt                                                           : loaded 4 times (x 71B)
Class kotlin.LazyKt                                                                   : loaded 4 times (x 71B)
Class kotlin.collections.SetsKt__SetsKt                                               : loaded 4 times (x 71B)
Class kotlin.text.StringsKt__StringNumberConversionsJVMKt                             : loaded 4 times (x 71B)
Class kotlin.sequences.Sequence                                                       : loaded 4 times (x 70B)
Class kotlin.collections.ArraysKt                                                     : loaded 4 times (x 71B)
Class kotlin.text.CharsKt__CharKt                                                     : loaded 4 times (x 71B)
Class kotlin.LazyKt__LazyJVMKt                                                        : loaded 4 times (x 71B)
Class kotlin.ranges.RangesKt___RangesKt                                               : loaded 4 times (x 71B)
Class kotlin.text.StringsKt__StringNumberConversionsKt                                : loaded 4 times (x 71B)
Class kotlin.enums.EnumEntries                                                        : loaded 4 times (x 70B)
Class kotlin.text.StringsKt__AppendableKt                                             : loaded 4 times (x 71B)
Class kotlin.collections.EmptyIterator                                                : loaded 4 times (x 89B)
Class kotlin.text.StringsKt__RegexExtensionsKt                                        : loaded 4 times (x 71B)
Class kotlin.KotlinNullPointerException                                               : loaded 4 times (x 83B)
Class kotlin.SynchronizedLazyImpl                                                     : loaded 4 times (x 76B)
Class kotlin.collections.AbstractList                                                 : loaded 4 times (x 197B)
Class kotlin.collections.CollectionsKt__IterablesKt                                   : loaded 4 times (x 71B)
Class kotlin.collections.MapsKt                                                       : loaded 4 times (x 71B)
Class kotlin.collections.AbstractCollection                                           : loaded 4 times (x 117B)
Class kotlin.jvm.internal.Intrinsics                                                  : loaded 4 times (x 71B)
Class kotlin._Assertions                                                              : loaded 4 times (x 71B)
Class kotlin.text.StringsKt__StringBuilderJVMKt                                       : loaded 4 times (x 71B)
Class kotlin.collections.EmptyMap                                                     : loaded 4 times (x 108B)
Class kotlin.LazyKt__LazyKt                                                           : loaded 4 times (x 71B)
Class kotlin.UNINITIALIZED_VALUE                                                      : loaded 4 times (x 71B)
Class kotlin.comparisons.ComparisonsKt__ComparisonsKt                                 : loaded 4 times (x 71B)
Class kotlin.collections.SetsKt___SetsKt                                              : loaded 4 times (x 71B)
Class kotlin.ranges.RangesKt__RangesKt                                                : loaded 4 times (x 71B)
Class kotlin.comparisons.ComparisonsKt                                                : loaded 4 times (x 71B)
Class kotlin.comparisons.ComparisonsKt___ComparisonsKt                                : loaded 4 times (x 71B)
Class kotlin.text.CharsKt__CharJVMKt                                                  : loaded 4 times (x 71B)
Class kotlin.collections.CollectionsKt__MutableCollectionsJVMKt                       : loaded 4 times (x 71B)
Class kotlin.enums.EnumEntriesKt                                                      : loaded 4 times (x 71B)
Class kotlin.text.StringsKt___StringsKt                                               : loaded 4 times (x 71B)
Class kotlin.collections.AbstractList$Companion                                       : loaded 4 times (x 71B)
Class kotlin.collections.CollectionsKt___CollectionsJvmKt                             : loaded 4 times (x 71B)
Class kotlin.TuplesKt                                                                 : loaded 4 times (x 71B)
Class kotlin.collections.MapsKt__MapWithDefaultKt                                     : loaded 4 times (x 71B)
Class kotlin.ranges.RangesKt                                                          : loaded 4 times (x 71B)
Class kotlin.collections.ArraysUtilJVM                                                : loaded 4 times (x 71B)
Class kotlin.jvm.functions.Function0                                                  : loaded 4 times (x 70B)
Class kotlin.jvm.functions.Function1                                                  : loaded 4 times (x 70B)
Class kotlin.collections.MapsKt___MapsKt                                              : loaded 4 times (x 71B)
Class kotlin.collections.ArraysKt___ArraysKt                                          : loaded 4 times (x 71B)
Class kotlin.collections.MapsKt___MapsJvmKt                                           : loaded 4 times (x 71B)
Class kotlin.annotation.Target                                                        : loaded 4 times (x 70B)
Class kotlin.text.StringsKt___StringsJvmKt                                            : loaded 4 times (x 71B)
Class kotlin.collections.EmptySet                                                     : loaded 4 times (x 122B)
Class kotlin.collections.CollectionsKt___CollectionsKt                                : loaded 4 times (x 71B)
Class kotlin.annotation.Retention                                                     : loaded 4 times (x 70B)
Class kotlin.jvm.functions.Function5                                                  : loaded 3 times (x 70B)
Class kotlin.reflect.jvm.internal.KClassImpl$Data                                     : loaded 3 times (x 72B)
Class kotlin.jvm.functions.Function4                                                  : loaded 3 times (x 70B)
Class kotlin.reflect.jvm.internal.impl.builtins.PrimitiveType$Companion               : loaded 3 times (x 71B)
Class kotlin.reflect.KDeclarationContainer                                            : loaded 3 times (x 70B)
Class kotlin.jvm.functions.Function6                                                  : loaded 3 times (x 70B)
Class kotlin.io.FileTreeWalk$WalkState                                                : loaded 3 times (x 73B)
Class kotlin.reflect.jvm.internal.KTypeParameterOwnerImpl                             : loaded 3 times (x 70B)
Class kotlin.reflect.jvm.internal.impl.name.FqName                                    : loaded 3 times (x 72B)
Class [Lkotlin.reflect.KClass;                                                        : loaded 3 times (x 69B)
Class kotlin.reflect.jvm.internal.KDeclarationContainerImpl$Data                      : loaded 3 times (x 72B)
Class kotlin.jvm.functions.Function3                                                  : loaded 3 times (x 70B)
Class com.google.common.collect.ImmutableMap                                          : loaded 3 times (x 120B)
Class kotlin.jvm.functions.Function2                                                  : loaded 3 times (x 70B)
Class com.google.common.collect.SortedMapDifference                                   : loaded 3 times (x 70B)
Class kotlin.io.FilesKt                                                               : loaded 3 times (x 71B)
Class kotlin.jvm.functions.Function7                                                  : loaded 3 times (x 70B)
Class kotlin.reflect.jvm.internal.KClassImpl                                          : loaded 3 times (x 115B)
Class kotlin.io.FileTreeWalk$DirectoryState                                           : loaded 3 times (x 73B)
Class kotlin.reflect.jvm.internal.impl.name.Name                                      : loaded 3 times (x 75B)
Class kotlin.sequences.SequencesKt___SequencesJvmKt                                   : loaded 3 times (x 71B)
Class kotlin.Unit                                                                     : loaded 3 times (x 71B)
Class [Lkotlin.annotation.AnnotationRetention;                                        : loaded 3 times (x 69B)
Class kotlin.jvm.functions.Function8                                                  : loaded 3 times (x 70B)
Class kotlin.reflect.jvm.internal.ReflectProperties$Val$1                             : loaded 3 times (x 71B)
Class kotlin.reflect.jvm.internal.impl.name.FqNameUnsafe                              : loaded 3 times (x 72B)
Class kotlin.sequences.SequencesKt___SequencesKt                                      : loaded 3 times (x 71B)
Class kotlin.reflect.KType                                                            : loaded 3 times (x 70B)
Class kotlin.sequences.FilteringSequence                                              : loaded 3 times (x 75B)
Class kotlin.annotation.MustBeDocumented                                              : loaded 3 times (x 70B)
Class kotlin.jvm.functions.Function10                                                 : loaded 3 times (x 70B)
Class kotlin.jvm.functions.Function9                                                  : loaded 3 times (x 70B)
Class kotlin.Result$Companion                                                         : loaded 3 times (x 71B)
Class kotlin.sequences.SequencesKt__SequencesKt                                       : loaded 3 times (x 71B)
Class [Lkotlin.LazyThreadSafetyMode;                                                  : loaded 3 times (x 69B)
Class [Lkotlin.reflect.KClassifier;                                                   : loaded 3 times (x 69B)
Class kotlin.jvm.internal.MutablePropertyReference2                                   : loaded 3 times (x 137B)
Class kotlin.jvm.internal.ClassBasedDeclarationContainer                              : loaded 3 times (x 70B)
Class [Lkotlin.reflect.jvm.internal.impl.resolve.jvm.JvmPrimitiveType;                : loaded 3 times (x 69B)
Class kotlin.reflect.jvm.internal.ReflectProperties$Val                               : loaded 3 times (x 74B)
Class kotlin.jvm.internal.ReflectionFactory                                           : loaded 3 times (x 91B)
Class kotlin.io.FileTreeWalk$FileTreeWalkIterator                                     : loaded 3 times (x 83B)
Class kotlin.reflect.jvm.internal.EmptyContainerForLocal                              : loaded 3 times (x 84B)
Class kotlin.jvm.functions.Function11                                                 : loaded 3 times (x 70B)
Class kotlin.text.Regex                                                               : loaded 3 times (x 72B)
Class kotlin.reflect.KAnnotatedElement                                                : loaded 3 times (x 70B)
Class kotlin.sequences.SequencesKt__SequencesJVMKt                                    : loaded 3 times (x 71B)
Class com.google.common.collect.Maps$8                                                : loaded 3 times (x 82B)
Class kotlin.jvm.functions.Function12                                                 : loaded 3 times (x 70B)
Class kotlin.io.FileTreeWalk$FileTreeWalkIterator$TopDownDirectoryState               : loaded 3 times (x 74B)
Class kotlin.jvm.functions.Function13                                                 : loaded 3 times (x 70B)
Class kotlin.jvm.internal.MutablePropertyReference1                                   : loaded 3 times (x 137B)
Class kotlin.SafePublicationLazyImpl$Companion                                        : loaded 3 times (x 71B)
Class kotlin.jvm.internal.PropertyReference1Impl                                      : loaded 3 times (x 127B)
Class com.google.common.collect.ImmutableEnumMap                                      : loaded 3 times (x 126B)
Class kotlin.jvm.internal.SpreadBuilder                                               : loaded 3 times (x 76B)
Class kotlin.LazyThreadSafetyMode                                                     : loaded 3 times (x 79B)
Class kotlin.reflect.full.IllegalPropertyDelegateAccessException                      : loaded 3 times (x 82B)
Class [Lkotlin.reflect.jvm.internal.impl.builtins.jvm.JavaToKotlinClassMap$PlatformMutabilityMapping;: loaded 3 times (x 69B)
Class kotlin.jvm.internal.MutablePropertyReference                                    : loaded 3 times (x 119B)
Class kotlin.jvm.internal.PropertyReference2                                          : loaded 3 times (x 127B)
Class kotlin.LazyKt__LazyJVMKt$WhenMappings                                           : loaded 3 times (x 71B)
Class com.google.common.collect.Maps                                                  : loaded 3 times (x 71B)
Class kotlin.jvm.internal.PropertyReference1                                          : loaded 3 times (x 127B)
Class kotlin.jvm.internal.DefaultConstructorMarker                                    : loaded 3 times (x 71B)
Class kotlin.reflect.full.IllegalCallableAccessException                              : loaded 3 times (x 82B)
Class kotlin.io.FileSystemException                                                   : loaded 3 times (x 82B)
Class kotlin.jvm.internal.PropertyReference0                                          : loaded 3 times (x 127B)
Class kotlin.reflect.jvm.internal.KDeclarationContainerImpl$Companion                 : loaded 3 times (x 71B)
Class com.google.common.base.Function                                                 : loaded 3 times (x 70B)
Class kotlin.reflect.KProperty$Accessor                                               : loaded 3 times (x 70B)
Class [Lkotlin.reflect.KCallable;                                                     : loaded 3 times (x 69B)
Class kotlin.text.Charsets                                                            : loaded 3 times (x 71B)
Class com.google.common.base.Equivalence                                              : loaded 3 times (x 82B)
Class kotlin.reflect.jvm.internal.impl.descriptors.runtime.structure.ReflectClassUtilKt: loaded 3 times (x 71B)
Class kotlin.jvm.internal.CallableReference                                           : loaded 3 times (x 106B)
Class kotlin.io.FileWalkDirection                                                     : loaded 3 times (x 79B)
Class kotlin.reflect.jvm.internal.impl.builtins.PrimitiveType                         : loaded 3 times (x 79B)
Class [Lkotlin.Pair;                                                                  : loaded 3 times (x 69B)
Class kotlin.io.FilesKt__FileReadWriteKt                                              : loaded 3 times (x 71B)
Class com.google.common.collect.Maps$EntryTransformer                                 : loaded 3 times (x 70B)
Class kotlin.jvm.functions.Function14                                                 : loaded 3 times (x 70B)
Class kotlin.io.FileTreeWalk$FileTreeWalkIterator$SingleFileState                     : loaded 3 times (x 74B)
Class kotlin.jvm.functions.Function15                                                 : loaded 3 times (x 70B)
Class com.google.common.collect.AbstractMapBasedMultimap                              : loaded 3 times (x 139B)
Class com.google.common.base.Preconditions                                            : loaded 3 times (x 71B)
Class kotlin.reflect.jvm.internal.impl.builtins.jvm.JavaToKotlinClassMap$PlatformMutabilityMapping: loaded 3 times (x 72B)
Class kotlin.jvm.functions.Function16                                                 : loaded 3 times (x 70B)
Class kotlin.jvm.functions.Function17                                                 : loaded 3 times (x 70B)
Class kotlin.sequences.SequencesKt                                                    : loaded 3 times (x 71B)
Class com.google.common.base.Converter                                                : loaded 3 times (x 90B)
Class kotlin.jvm.functions.Function18                                                 : loaded 3 times (x 70B)
Class kotlin.reflect.jvm.internal.impl.name.SpecialNames                              : loaded 3 times (x 71B)
Class kotlin.io.FilesKt__UtilsKt                                                      : loaded 3 times (x 71B)
Class kotlin.jvm.internal.CallableReference$NoReceiver                                : loaded 3 times (x 71B)
Class kotlin.reflect.jvm.internal.KDeclarationContainerImpl                           : loaded 3 times (x 84B)
Class kotlin.SafePublicationLazyImpl                                                  : loaded 3 times (x 76B)
Class kotlin.reflect.jvm.internal.ReflectProperties                                   : loaded 3 times (x 71B)
Class kotlin.reflect.KProperty$Getter                                                 : loaded 3 times (x 70B)
Class kotlin.io.FilesKt__FileTreeWalkKt                                               : loaded 3 times (x 71B)
Class com.google.common.collect.ImmutableMap$IteratorBasedImmutableMap                : loaded 3 times (x 126B)
Class kotlin.sequences.SequencesKt__SequenceBuilderKt                                 : loaded 3 times (x 71B)
Class kotlin.sequences.FilteringSequence$iterator$1                                   : loaded 3 times (x 79B)
Class [Lkotlin.reflect.KDeclarationContainer;                                         : loaded 3 times (x 69B)
Class kotlin.reflect.KFunction                                                        : loaded 3 times (x 70B)
Class kotlin.jvm.functions.Function20                                                 : loaded 3 times (x 70B)
Class [Lkotlin.reflect.jvm.internal.impl.name.FqName;                                 : loaded 3 times (x 69B)
Class kotlin.jvm.internal.MutablePropertyReference0                                   : loaded 3 times (x 137B)
Class kotlin.reflect.jvm.internal.impl.builtins.CompanionObjectMapping                : loaded 3 times (x 71B)
Class kotlin.jvm.internal.CollectionToArray                                           : loaded 3 times (x 71B)
Class kotlin.reflect.jvm.internal.impl.resolve.jvm.JvmPrimitiveType                   : loaded 3 times (x 79B)
Class com.google.common.collect.Multimap                                              : loaded 3 times (x 70B)
Class kotlin.jvm.internal.Reflection                                                  : loaded 3 times (x 71B)
Class kotlin.reflect.KProperty                                                        : loaded 3 times (x 70B)
Class kotlin.jvm.JvmClassMappingKt                                                    : loaded 3 times (x 71B)
Class kotlin.annotation.AnnotationTarget                                              : loaded 3 times (x 79B)
Class [Lkotlin.reflect.KAnnotatedElement;                                             : loaded 3 times (x 69B)
Class kotlin.reflect.jvm.internal.ReflectProperties$LazySoftVal                       : loaded 3 times (x 78B)
Class kotlin.reflect.jvm.internal.impl.builtins.StandardNames                         : loaded 3 times (x 71B)
Class [Lkotlin.reflect.jvm.internal.impl.builtins.PrimitiveType;                      : loaded 3 times (x 69B)
Class kotlin.jvm.functions.Function21                                                 : loaded 3 times (x 70B)
Class kotlin.reflect.jvm.internal.impl.name.ClassId                                   : loaded 3 times (x 72B)
Class kotlin.jvm.internal.PropertyReference                                           : loaded 3 times (x 115B)
Class kotlin.io.FileAlreadyExistsException                                            : loaded 3 times (x 82B)
Class kotlin.reflect.KMutableProperty                                                 : loaded 3 times (x 70B)
Class kotlin.jvm.functions.Function19                                                 : loaded 3 times (x 70B)
Class com.google.common.collect.Maps$BiMapConverter                                   : loaded 3 times (x 90B)
Class kotlin.reflect.jvm.internal.KotlinReflectionInternalError                       : loaded 3 times (x 82B)
Class kotlin.reflect.jvm.internal.impl.builtins.jvm.JavaToKotlinClassMap              : loaded 3 times (x 71B)
Class com.google.common.collect.Multiset                                              : loaded 3 times (x 70B)
Class kotlin.sequences.ConstrainedOnceSequence                                        : loaded 3 times (x 75B)
Class kotlin.Result$Failure                                                           : loaded 3 times (x 72B)
Class com.google.common.collect.BiMap                                                 : loaded 3 times (x 70B)
Class kotlin.reflect.jvm.internal.impl.builtins.StandardNames$FqNames                 : loaded 3 times (x 71B)
Class [Lkotlin.reflect.KProperty;                                                     : loaded 3 times (x 69B)
Class kotlin.reflect.jvm.internal.ReflectionFactoryImpl                               : loaded 3 times (x 91B)
Class [Lkotlin.io.FileWalkDirection;                                                  : loaded 3 times (x 69B)
Class kotlin.io.FileTreeWalk$FileTreeWalkIterator$WhenMappings                        : loaded 3 times (x 71B)
Class kotlin.collections.AbstractIterator                                             : loaded 3 times (x 83B)
Class kotlin.reflect.KMutableProperty0                                                : loaded 3 times (x 70B)
Class kotlin.io.FilesKt__FilePathComponentsKt                                         : loaded 3 times (x 71B)
Class kotlin.annotation.AnnotationRetention                                           : loaded 3 times (x 79B)
Class kotlin.collections.MapWithDefault                                               : loaded 3 times (x 70B)
Class kotlin.jvm.functions.Function22                                                 : loaded 3 times (x 70B)
Class kotlin.io.TerminateException                                                    : loaded 3 times (x 82B)
Class kotlin.reflect.KCallable                                                        : loaded 3 times (x 70B)
Class kotlin.reflect.jvm.internal.impl.utils.CollectionsKt                            : loaded 3 times (x 71B)
Class kotlin.io.CloseableKt                                                           : loaded 3 times (x 71B)
Class com.google.common.collect.AbstractMultimap                                      : loaded 3 times (x 123B)
Class kotlin.reflect.KClassifier                                                      : loaded 3 times (x 70B)
Class kotlin.reflect.KProperty2                                                       : loaded 3 times (x 70B)
Class kotlin.reflect.KClass                                                           : loaded 3 times (x 70B)
Class kotlin.reflect.KProperty1                                                       : loaded 3 times (x 70B)
Class kotlin.io.FileTreeWalk                                                          : loaded 3 times (x 75B)
Class com.google.common.collect.Platform                                              : loaded 3 times (x 71B)
Class com.google.common.collect.UnmodifiableIterator                                  : loaded 3 times (x 80B)
Class kotlin.reflect.KProperty0                                                       : loaded 3 times (x 70B)
Class kotlin.Result                                                                   : loaded 3 times (x 72B)
Class kotlin.reflect.KMutableProperty1                                                : loaded 3 times (x 70B)
Class kotlin.reflect.KMutableProperty2                                                : loaded 3 times (x 70B)
Class kotlin.reflect.jvm.internal.impl.name.FqNamesUtilKt                             : loaded 3 times (x 71B)
Class kotlin.io.NoSuchFileException                                                   : loaded 3 times (x 82B)
Class kotlin.jvm.internal.FunctionBase                                                : loaded 3 times (x 70B)
Class kotlin.jvm.internal.FunctionReference                                           : loaded 3 times (x 122B)
Class kotlin.reflect.KTypeParameter                                                   : loaded 3 times (x 70B)
Class kotlin.reflect.jvm.internal.RuntimeTypeMapper                                   : loaded 3 times (x 71B)
Class kotlin.jvm.KotlinReflectionNotSupportedError                                    : loaded 3 times (x 82B)
Class kotlin.io.TextStreamsKt                                                         : loaded 3 times (x 71B)
Class com.google.common.collect.MapDifference                                         : loaded 3 times (x 70B)
Class [Lkotlin.annotation.AnnotationTarget;                                           : loaded 3 times (x 69B)
Class kotlin.text.Regex$Companion                                                     : loaded 3 times (x 71B)
Class kotlin.io.FilePathComponents                                                    : loaded 3 times (x 72B)
Class kotlin.reflect.jvm.internal.impl.resolve.scopes.receivers.ThisClassReceiver     : loaded 2 times (x 70B)
Class [Lkotlin.reflect.jvm.internal.impl.load.java.typeEnhancement.TypeComponentPosition;: loaded 2 times (x 69B)
Class kotlin.reflect.jvm.internal.impl.load.java.components.JavaAnnotationMapper      : loaded 2 times (x 71B)
Class kotlin.reflect.jvm.internal.impl.serialization.deserialization.MemberDeserializer: loaded 2 times (x 72B)
Class kotlin.reflect.jvm.internal.impl.serialization.deserialization.ClassDeserializer: loaded 2 times (x 72B)
Class kotlin.reflect.jvm.internal.impl.types.KotlinTypeFactory$EMPTY_REFINED_TYPE_FACTORY$1: loaded 2 times (x 78B)
Class kotlin.reflect.jvm.internal.impl.utils.WrappedValues                            : loaded 2 times (x 71B)
Class kotlin.reflect.jvm.internal.impl.descriptors.ModuleCapability                   : loaded 2 times (x 72B)
Class kotlin.reflect.jvm.internal.impl.storage.LockBasedStorageManager$ExceptionHandlingStrategy: loaded 2 times (x 70B)
Class org.objectweb.asm.Handle                                                        : loaded 2 times (x 72B)
Class com.google.common.cache.LocalCache$Strength$3                                   : loaded 2 times (x 81B)
Class kotlin.reflect.jvm.internal.impl.builtins.functions.FunctionTypeKind            : loaded 2 times (x 72B)
Class kotlin.reflect.jvm.internal.impl.load.java.JavaDescriptorVisibilities$1         : loaded 2 times (x 76B)
Class kotlin.reflect.jvm.internal.calls.Caller                                        : loaded 2 times (x 70B)
Class org.jetbrains.kotlin.build.report.metrics.SHRINK_AND_SAVE_CURRENT_CLASSPATH_SNAPSHOT_AFTER_COMPILATION: loaded 2 times (x 72B)
Class kotlin.reflect.jvm.internal.impl.load.java.JavaDescriptorVisibilities$2         : loaded 2 times (x 76B)
Class kotlin.reflect.jvm.internal.impl.types.TypeCheckerState                         : loaded 2 times (x 75B)
Class kotlin.reflect.jvm.internal.impl.types.IndexedParametersSubstitution            : loaded 2 times (x 78B)
Class kotlin.reflect.jvm.internal.impl.descriptors.impl.AbstractReceiverParameterDescriptor: loaded 2 times (x 137B)
Class kotlin.reflect.jvm.internal.impl.load.java.structure.JavaClass                  : loaded 2 times (x 70B)
Class kotlin.reflect.jvm.internal.impl.descriptors.DescriptorVisibility               : loaded 2 times (x 75B)
Class kotlin.reflect.jvm.internal.impl.descriptors.Modality$Companion                 : loaded 2 times (x 71B)
Class kotlin.reflect.jvm.internal.impl.load.kotlin.DeserializedDescriptorResolver$Companion: loaded 2 times (x 71B)
Class org.objectweb.asm.FieldWriter                                                   : loaded 2 times (x 78B)
Class com.google.common.cache.CacheBuilder$NullListener                               : loaded 2 times (x 82B)
Class org.gradle.internal.classpath.TransformedClassPath                              : loaded 2 times (x 96B)
Class org.gradle.internal.classloader.InstrumentingClassLoader                        : loaded 2 times (x 70B)
Class kotlin.reflect.jvm.internal.impl.metadata.jvm.deserialization.JvmMemberSignature$Field: loaded 2 times (x 75B)
Class kotlin.reflect.jvm.internal.impl.name.StandardClassIds                          : loaded 2 times (x 71B)
Class com.google.common.cache.LocalCache$Strength$2                                   : loaded 2 times (x 81B)
Class com.google.common.util.concurrent.SettableFuture                                : loaded 2 times (x 114B)
Class org.apache.commons.io.output.QueueOutputStream                                  : loaded 2 times (x 87B)
Class org.jetbrains.kotlin.com.google.common.base.Preconditions                       : loaded 2 times (x 71B)
Class [Lkotlin.coroutines.intrinsics.CoroutineSingletons;                             : loaded 2 times (x 69B)
Class kotlin.reflect.jvm.KTypesJvm                                                    : loaded 2 times (x 71B)
Class kotlin.reflect.jvm.internal.impl.load.java.JavaDescriptorVisibilities$3         : loaded 2 times (x 76B)
Class [Lkotlin.reflect.jvm.internal.impl.resolve.OverridingUtil$OverrideCompatibilityInfo$Result;: loaded 2 times (x 69B)
Class kotlin.reflect.jvm.internal.impl.metadata.ProtoBuf$QualifiedNameTable$QualifiedName: loaded 2 times (x 96B)
Class kotlin.reflect.jvm.internal.impl.load.java.lazy.LazyJavaAnnotations             : loaded 2 times (x 85B)
Class kotlin.reflect.jvm.internal.impl.descriptors.deserialization.ClassDescriptorFactory: loaded 2 times (x 70B)
Class kotlin.reflect.jvm.internal.impl.protobuf.GeneratedMessageLite$ExtendableMessage: loaded 2 times (x 99B)
Class [Lkotlin.reflect.jvm.internal.impl.renderer.AnnotationArgumentsRenderingPolicy; : loaded 2 times (x 69B)
Class kotlin.reflect.jvm.internal.impl.load.java.components.SignaturePropagator$1     : loaded 2 times (x 75B)
Class [Lorg.jetbrains.org.objectweb.asm.SymbolTable$Entry;                            : loaded 2 times (x 69B)
Class org.apache.commons.io.output.UnsynchronizedByteArrayOutputStream                : loaded 2 times (x 102B)
Class com.google.common.collect.ImmutableRangeSet$AsSet                               : loaded 2 times (x 300B)
Class com.google.common.cache.CacheLoader$FunctionToCacheLoader                       : loaded 2 times (x 75B)
Class com.google.common.collect.Iterators$ArrayItr                                    : loaded 2 times (x 97B)
Class com.google.common.collect.ImmutableCollection$Builder                           : loaded 2 times (x 76B)
Class kotlin.reflect.jvm.internal.impl.descriptors.ModuleDescriptor                   : loaded 2 times (x 70B)
Class kotlin.reflect.jvm.internal.impl.name.StandardClassIdsKt                        : loaded 2 times (x 71B)
Class [Lkotlin.reflect.jvm.internal.impl.storage.LockBasedStorageManager$NotValue;    : loaded 2 times (x 69B)
Class kotlin.reflect.jvm.internal.impl.descriptors.impl.DeclarationDescriptorImpl     : loaded 2 times (x 88B)
Class kotlin.collections.builders.ListBuilder$Companion                               : loaded 2 times (x 71B)
Class kotlin.collections.builders.ListBuilder                                         : loaded 2 times (x 207B)
Class org.jetbrains.kotlin.incremental.IncrementalCompilationFeatures$Companion       : loaded 2 times (x 71B)
Class kotlin.collections.builders.AbstractMapBuilderEntrySet                          : loaded 2 times (x 144B)
Class kotlin.reflect.jvm.internal.impl.descriptors.impl.LazyClassReceiverParameterDescriptor: loaded 2 times (x 137B)
Class kotlin.reflect.jvm.internal.impl.metadata.ProtoBuf$QualifiedNameTable$QualifiedName$Kind$1: loaded 2 times (x 74B)
Class kotlin.reflect.jvm.internal.impl.serialization.deserialization.ClassDeserializer$ClassKey: loaded 2 times (x 72B)
Class kotlin.reflect.jvm.internal.impl.metadata.ProtoBuf$Type$1                       : loaded 2 times (x 87B)
Class kotlin.reflect.jvm.internal.impl.descriptors.PropertySetterDescriptor           : loaded 2 times (x 70B)
Class kotlin.reflect.jvm.internal.impl.descriptors.impl.VariableDescriptorWithInitializerImpl: loaded 2 times (x 143B)
Class kotlin.reflect.jvm.internal.impl.renderer.DescriptorRendererOptionsImpl         : loaded 2 times (x 92B)
Class kotlin.reflect.jvm.internal.impl.load.java.JavaClassesTracker$Default           : loaded 2 times (x 74B)
Class org.apache.commons.io.output.ByteArrayOutputStream                              : loaded 2 times (x 102B)
Class com.google.common.base.Joiner                                                   : loaded 2 times (x 79B)
Class com.google.common.base.MoreObjects                                              : loaded 2 times (x 71B)
Class kotlin.reflect.jvm.internal.impl.load.java.JavaTypeEnhancementState             : loaded 2 times (x 72B)
Class kotlin.reflect.jvm.internal.impl.load.kotlin.JavaClassDataFinder                : loaded 2 times (x 75B)
Class kotlin.reflect.jvm.internal.impl.serialization.deserialization.DeserializationConfiguration$Default: loaded 2 times (x 79B)
Class kotlin.reflect.jvm.internal.impl.renderer.ExcludedTypeAnnotations               : loaded 2 times (x 71B)
Class org.jetbrains.kotlin.build.report.metrics.COMPILER_PERFORMANCE                  : loaded 2 times (x 72B)
Class org.jetbrains.kotlin.compilerRunner.OutputItemsCollectorImpl                    : loaded 2 times (x 77B)
Class org.jetbrains.kotlin.cli.common.arguments.PreprocessCommandLineArgumentsKt      : loaded 2 times (x 71B)
Class kotlin.reflect.jvm.internal.impl.descriptors.java.JavaVisibilities$ProtectedStaticVisibility: loaded 2 times (x 75B)
Class kotlin.reflect.jvm.internal.impl.descriptors.Visibilities                       : loaded 2 times (x 71B)
Class kotlin.reflect.jvm.internal.impl.serialization.deserialization.descriptors.DeserializedClassDescriptor$DeserializedClassMemberScope$generateFakeOverrides$1: loaded 2 times (x 77B)
Class kotlin.reflect.jvm.internal.impl.serialization.deserialization.descriptors.DeserializedClassDescriptor$DeserializedClassTypeConstructor: loaded 2 times (x 97B)
Class kotlin.reflect.jvm.internal.impl.load.kotlin.header.ReadKotlinClassHeaderAnnotationVisitor$KotlinMetadataArgumentVisitor: loaded 2 times (x 86B)
Class kotlin.reflect.jvm.internal.impl.utils.SmartList                                : loaded 2 times (x 199B)
Class [Lkotlin.reflect.jvm.internal.impl.incremental.components.NoLookupLocation;     : loaded 2 times (x 69B)
Class [Lorg.jetbrains.kotlin.com.intellij.openapi.diagnostic.LogLevel;                : loaded 2 times (x 69B)
Class [Lorg.objectweb.asm.Attribute;                                                  : loaded 2 times (x 69B)
Class [Lorg.objectweb.asm.Type;                                                       : loaded 2 times (x 69B)
Class org.gradle.internal.service.ServiceLocator                                      : loaded 2 times (x 70B)
Class kotlin.reflect.jvm.internal.impl.protobuf.GeneratedMessageLite                  : loaded 2 times (x 93B)
Class kotlin.reflect.jvm.internal.impl.metadata.ProtoBuf$Constructor$1                : loaded 2 times (x 87B)
Class kotlin.reflect.jvm.internal.impl.protobuf.Internal$EnumLiteMap                  : loaded 2 times (x 70B)
Class kotlin.reflect.jvm.internal.impl.load.java.SpecialGenericSignatures$Companion$NameAndSignature: loaded 2 times (x 72B)
Class kotlin.reflect.jvm.internal.impl.descriptors.impl.ValueParameterDescriptorImpl  : loaded 2 times (x 165B)
Class kotlin.sequences.TransformingSequence$iterator$1                                : loaded 2 times (x 79B)
Class kotlin.reflect.jvm.internal.impl.metadata.deserialization.NameResolverImpl      : loaded 2 times (x 77B)
Class kotlin.reflect.jvm.internal.impl.load.java.structure.JavaTypeParameterListOwner : loaded 2 times (x 70B)
Class kotlin.reflect.jvm.internal.impl.metadata.deserialization.VersionSpecificBehaviorKt: loaded 2 times (x 71B)
Class [Lkotlin.reflect.jvm.internal.impl.descriptors.impl.DeclarationDescriptorImpl;  : loaded 2 times (x 69B)
Class [Lkotlin.reflect.jvm.internal.impl.metadata.ProtoBuf$Annotation$Argument$Value$Type;: loaded 2 times (x 69B)
Class kotlin.reflect.jvm.internal.impl.metadata.jvm.JvmProtoBuf$JvmFieldSignature     : loaded 2 times (x 96B)
Class kotlin.reflect.jvm.internal.impl.protobuf.SmallSortedMap                        : loaded 2 times (x 129B)
Class kotlin.reflect.jvm.internal.impl.protobuf.LazyField                             : loaded 2 times (x 77B)
Class kotlin.reflect.jvm.internal.impl.storage.DefaultSimpleLock                      : loaded 2 times (x 78B)
Class [Lkotlin.Function;                                                              : loaded 2 times (x 69B)
Class com.google.common.collect.SingletonImmutableBiMap                               : loaded 2 times (x 143B)
Class com.google.common.base.Ascii                                                    : loaded 2 times (x 71B)
Class com.google.common.cache.LocalCache$1                                            : loaded 2 times (x 89B)
Class com.google.common.collect.Iterators$SingletonIterator                           : loaded 2 times (x 81B)
Class com.google.common.collect.AbstractMapEntry                                      : loaded 2 times (x 81B)
Class kotlin.reflect.jvm.internal.impl.serialization.deserialization.ErrorReporter$1  : loaded 2 times (x 75B)
Class kotlin.reflect.jvm.internal.impl.metadata.jvm.deserialization.BitEncoding       : loaded 2 times (x 71B)
Class com.google.common.collect.AbstractSetMultimap                                   : loaded 2 times (x 174B)
Class kotlin.reflect.jvm.internal.impl.types.RawType                                  : loaded 2 times (x 70B)
Class kotlin.collections.builders.MapBuilderEntries                                   : loaded 2 times (x 145B)
Class kotlin.reflect.jvm.internal.impl.serialization.deserialization.descriptors.DescriptorWithContainerSource: loaded 2 times (x 70B)
Class kotlin.sequences.GeneratorSequence$iterator$1                                   : loaded 2 times (x 79B)
Class kotlin.reflect.jvm.internal.impl.load.java.structure.JavaPrimitiveType          : loaded 2 times (x 70B)
Class kotlin.reflect.jvm.internal.impl.metadata.ProtoBuf$Annotation$Argument$Value$Builder: loaded 2 times (x 92B)
Class kotlin.reflect.jvm.internal.impl.metadata.jvm.JvmProtoBuf$StringTableTypes      : loaded 2 times (x 96B)
Class kotlin.reflect.jvm.internal.impl.descriptors.Visibilities$Inherited             : loaded 2 times (x 75B)
Class kotlin.reflect.jvm.internal.impl.load.java.NullabilityAnnotationStates$Companion: loaded 2 times (x 71B)
Class kotlin.reflect.jvm.internal.impl.load.kotlin.KotlinClassFinder                  : loaded 2 times (x 70B)
Class com.google.common.collect.Sets$ImprovedAbstractSet                              : loaded 2 times (x 135B)
Class com.google.common.collect.ImmutableList$Builder                                 : loaded 2 times (x 77B)
Class com.google.common.cache.LocalCache$2                                            : loaded 2 times (x 142B)
Class org.jetbrains.kotlin.cli.common.messages.CompilerMessageSeverity                : loaded 2 times (x 79B)
Class kotlin.reflect.jvm.internal.CacheByClass                                        : loaded 2 times (x 73B)
Class kotlin.coroutines.jvm.internal.ContinuationImpl                                 : loaded 2 times (x 87B)
Class kotlin.coroutines.jvm.internal.SuspendLambda                                    : loaded 2 times (x 91B)
Class com.google.common.cache.LocalCache$Strength$1                                   : loaded 2 times (x 81B)
Class kotlin.coroutines.CoroutineContext$Element                                      : loaded 2 times (x 70B)
Class kotlin.reflect.jvm.internal.impl.resolve.DescriptorFactory                      : loaded 2 times (x 71B)
Class kotlin.reflect.jvm.internal.impl.metadata.ProtoBuf$Annotation$Argument$1        : loaded 2 times (x 87B)
Class kotlin.reflect.jvm.internal.impl.types.SimpleTypeImpl                           : loaded 2 times (x 89B)
Class kotlin.reflect.jvm.internal.impl.renderer.DescriptorRendererImpl                : loaded 2 times (x 99B)
Class kotlin.reflect.jvm.internal.impl.renderer.DescriptorRenderer$Companion          : loaded 2 times (x 71B)
Class kotlin.reflect.jvm.internal.impl.storage.LockBasedStorageManager$MapBasedMemoizedFunctionToNotNull: loaded 2 times (x 84B)
Class org.jetbrains.kotlin.build.report.metrics.ValueType                             : loaded 2 times (x 79B)
Class com.google.common.collect.ImmutableRangeSet$1                                   : loaded 2 times (x 210B)
Class com.google.common.collect.RegularImmutableAsList                                : loaded 2 times (x 217B)
Class org.objectweb.asm.ModuleVisitor                                                 : loaded 2 times (x 81B)
Class kotlin.io.LinesSequence$iterator$1                                              : loaded 2 times (x 79B)
Class com.google.common.collect.Sets$4                                                : loaded 2 times (x 139B)
Class kotlin.reflect.jvm.internal.impl.types.model.TypeSystemInferenceExtensionContext: loaded 2 times (x 70B)
Class [Lkotlin.reflect.jvm.internal.impl.descriptors.TypeParameterDescriptor;         : loaded 2 times (x 69B)
Class kotlin.reflect.jvm.internal.impl.serialization.deserialization.descriptors.DeserializedContainerAbiStability: loaded 2 times (x 79B)
Class [Lkotlin.reflect.jvm.internal.impl.metadata.ProtoBuf$Type$Argument$Projection;  : loaded 2 times (x 69B)
Class kotlin.reflect.jvm.internal.impl.descriptors.runtime.structure.ReflectJavaPackage: loaded 2 times (x 82B)
Class kotlin.reflect.jvm.internal.impl.serialization.deserialization.AnnotationAndConstantLoaderImpl: loaded 2 times (x 84B)
Class kotlin.reflect.jvm.internal.impl.metadata.ProtoBuf$Annotation$1                 : loaded 2 times (x 87B)
Class kotlin.reflect.jvm.internal.impl.resolve.scopes.MemberScope$Empty               : loaded 2 times (x 92B)
Class kotlin.reflect.jvm.internal.impl.storage.LockBasedStorageManager$LockBasedNotNullLazyValue: loaded 2 times (x 84B)
Class org.jetbrains.kotlin.build.report.metrics.RUN_COMPILATION_IN_WORKER             : loaded 2 times (x 72B)
Class com.google.common.collect.Range                                                 : loaded 2 times (x 87B)
Class com.google.common.util.concurrent.AbstractFuture$Trusted                        : loaded 2 times (x 70B)
Class com.google.common.collect.Iterators                                             : loaded 2 times (x 71B)
Class kotlin.reflect.jvm.internal.impl.builtins.functions.FunctionTypeKind$SuspendFunction: loaded 2 times (x 72B)
Class org.jetbrains.kotlin.config.Services                                            : loaded 2 times (x 72B)
Class kotlin.coroutines.ContinuationInterceptor$Key                                   : loaded 2 times (x 71B)
Class kotlin.reflect.jvm.internal.impl.descriptors.impl.PropertySetterDescriptorImpl  : loaded 2 times (x 191B)
Class kotlin.reflect.jvm.internal.impl.serialization.deserialization.AnnotatedCallableKind: loaded 2 times (x 79B)
Class kotlin.reflect.jvm.internal.impl.serialization.deserialization.ProtoEnumFlagsUtilsKt: loaded 2 times (x 71B)
Class kotlin.reflect.jvm.internal.impl.resolve.scopes.receivers.ReceiverValue         : loaded 2 times (x 70B)
Class kotlin.reflect.jvm.internal.impl.descriptors.impl.ClassDescriptorImpl           : loaded 2 times (x 175B)
Class kotlin.reflect.jvm.internal.impl.descriptors.Modality                           : loaded 2 times (x 79B)
Class kotlin.reflect.jvm.internal.impl.descriptors.CallableMemberDescriptor           : loaded 2 times (x 70B)
Class kotlin.reflect.jvm.internal.impl.descriptors.Substitutable                      : loaded 2 times (x 70B)
Class kotlin.reflect.jvm.internal.impl.storage.LockBasedStorageManager$NotValue       : loaded 2 times (x 79B)
Class kotlin.reflect.jvm.internal.ModuleByClassLoaderKt                               : loaded 2 times (x 71B)
Class com.google.common.collect.Lists$StringAsImmutableList                           : loaded 2 times (x 207B)
Class com.google.common.util.concurrent.UncheckedExecutionException                   : loaded 2 times (x 82B)
Class [Lorg.jetbrains.org.objectweb.asm.Attribute;                                    : loaded 2 times (x 69B)
Class kotlin.jvm.internal.Ref$IntRef                                                  : loaded 2 times (x 71B)
Class org.jetbrains.kotlin.build.report.metrics.PRECISE_BACKUP_OUTPUT                 : loaded 2 times (x 72B)
Class kotlin.collections.builders.MapBuilder$EntriesItr                               : loaded 2 times (x 81B)
Class kotlin.reflect.jvm.internal.impl.resolve.MemberComparator$NameAndTypeMemberComparator: loaded 2 times (x 91B)
Class kotlin.reflect.jvm.internal.impl.load.java.lazy.descriptors.JavaDescriptorUtilKt: loaded 2 times (x 71B)
Class kotlin.reflect.jvm.internal.impl.descriptors.DescriptorUtilKt                   : loaded 2 times (x 71B)
Class kotlin.reflect.jvm.internal.impl.renderer.DescriptorRendererModifier            : loaded 2 times (x 79B)
Class kotlin.reflect.jvm.internal.impl.resolve.constants.ConstantValue                : loaded 2 times (x 74B)
Class kotlin.reflect.jvm.internal.impl.load.java.lazy.ModuleClassResolver             : loaded 2 times (x 70B)
Class kotlin.reflect.jvm.internal.impl.descriptors.annotations.Annotations            : loaded 2 times (x 70B)
Class kotlin.reflect.jvm.internal.impl.descriptors.annotations.Annotated              : loaded 2 times (x 70B)
Class org.jetbrains.org.objectweb.asm.ClassTooLargeException                          : loaded 2 times (x 83B)
Class kotlin.reflect.jvm.internal.impl.types.KotlinType                               : loaded 2 times (x 81B)
Class kotlin.reflect.jvm.internal.impl.load.java.lazy.TypeParameterResolver$EMPTY     : loaded 2 times (x 74B)
Class kotlin.reflect.jvm.internal.impl.types.TypeSubstitution$Companion               : loaded 2 times (x 71B)
Class com.google.common.collect.HashMultimapGwtSerializationDependencies              : loaded 2 times (x 174B)
Class kotlin.DeprecationLevel                                                         : loaded 2 times (x 79B)
Class kotlin.time.DurationUnitKt__DurationUnitJvmKt                                   : loaded 2 times (x 71B)
Class kotlin.collections.builders.SetBuilder$Companion                                : loaded 2 times (x 71B)
Class kotlin.reflect.KClasses                                                         : loaded 2 times (x 71B)
Class kotlin.reflect.jvm.internal.impl.load.java.descriptors.JavaCallableMemberDescriptor: loaded 2 times (x 70B)
Class kotlin.collections.ArraysKt___ArraysKt$asSequence$$inlined$Sequence$1           : loaded 2 times (x 75B)
Class kotlin.reflect.jvm.internal.impl.metadata.jvm.JvmProtoBuf$JvmPropertySignature$Builder: loaded 2 times (x 92B)
Class kotlin.reflect.jvm.internal.impl.metadata.jvm.JvmProtoBuf$StringTableTypes$Record$Operation$1: loaded 2 times (x 74B)
Class kotlin.reflect.jvm.internal.impl.protobuf.AbstractMessageLite$Builder$LimitedInputStream: loaded 2 times (x 92B)
Class kotlin.reflect.jvm.internal.impl.load.java.lazy.types.JavaTypeResolver          : loaded 2 times (x 72B)
Class kotlin.reflect.jvm.internal.impl.descriptors.deserialization.AdditionalClassPartsProvider: loaded 2 times (x 70B)
Class kotlin.reflect.jvm.internal.impl.descriptors.runtime.components.RuntimeSourceElementFactory: loaded 2 times (x 74B)
Class com.google.common.collect.ImmutableBiMap$Builder                                : loaded 2 times (x 82B)
Class com.google.common.collect.AbstractMapBasedMultimap$KeySet$1                     : loaded 2 times (x 82B)
Class org.jetbrains.kotlin.gradle.plugin.KotlinPlatformType                           : loaded 2 times (x 82B)
Class org.objectweb.asm.ClassWriter                                                   : loaded 2 times (x 106B)
Class com.google.common.cache.CacheLoader$UnsupportedLoadingOperationException        : loaded 2 times (x 82B)
Class com.google.common.base.CharMatcher$And                                          : loaded 2 times (x 112B)
Class kotlin.reflect.jvm.internal.impl.descriptors.PackageViewDescriptor              : loaded 2 times (x 70B)
Class [Lkotlin.reflect.jvm.internal.impl.descriptors.ClassKind;                       : loaded 2 times (x 69B)
Class org.jetbrains.kotlin.build.report.metrics.SNAPSHOT_SIZE                         : loaded 2 times (x 72B)
Class kotlin.text.LinesIterator$State                                                 : loaded 2 times (x 71B)
Class kotlin.coroutines.ContinuationKt                                                : loaded 2 times (x 71B)
Class kotlin.reflect.jvm.internal.impl.load.java.SpecialGenericSignatures$TypeSafeBarrierDescription$MAP_GET_OR_DEFAULT: loaded 2 times (x 79B)
Class kotlin.collections.builders.ListBuilderKt                                       : loaded 2 times (x 71B)
Class kotlin.reflect.jvm.internal.impl.descriptors.runtime.structure.ReflectJavaType  : loaded 2 times (x 84B)
Class kotlin.reflect.jvm.internal.impl.descriptors.ParameterDescriptor                : loaded 2 times (x 70B)
Class kotlin.reflect.jvm.internal.impl.serialization.deserialization.ContractDeserializer: loaded 2 times (x 70B)
Class kotlin.reflect.jvm.internal.WeakClassLoaderBox                                  : loaded 2 times (x 72B)
Class org.objectweb.asm.FieldVisitor                                                  : loaded 2 times (x 77B)
Class com.google.common.collect.IndexedImmutableSet                                   : loaded 2 times (x 152B)
Class com.google.common.collect.ImmutableMap$1                                        : loaded 2 times (x 81B)
Class org.gradle.api.internal.classpath.DefaultModuleRegistry$DefaultModule           : loaded 2 times (x 82B)
Class kotlin.reflect.jvm.internal.ClassValueCache                                     : loaded 2 times (x 74B)
Class kotlin.ResultKt                                                                 : loaded 2 times (x 71B)
Class kotlin.reflect.jvm.internal.impl.types.TypeSubstitutor                          : loaded 2 times (x 79B)
Class kotlin.reflect.jvm.internal.impl.descriptors.impl.PropertyGetterDescriptorImpl  : loaded 2 times (x 191B)
Class kotlin.reflect.jvm.internal.impl.resolve.scopes.receivers.ImplicitReceiver      : loaded 2 times (x 70B)
Class kotlin.reflect.jvm.internal.impl.protobuf.SmallSortedMap$EntryIterator          : loaded 2 times (x 83B)
Class kotlin.reflect.jvm.internal.impl.serialization.deserialization.ProtoEnumFlags   : loaded 2 times (x 71B)
Class kotlin.reflect.jvm.internal.impl.descriptors.runtime.components.ReflectAnnotationSource: loaded 2 times (x 75B)
Class kotlin.reflect.jvm.internal.impl.storage.LockBasedStorageManager$KeyWithComputation: loaded 2 times (x 72B)
Class kotlin.reflect.jvm.internal.impl.metadata.ProtoBuf$Property                     : loaded 2 times (x 102B)
Class kotlin.reflect.jvm.internal.impl.descriptors.SupertypeLoopChecker$EMPTY         : loaded 2 times (x 74B)
Class kotlin.jvm.internal.KotlinGenericDeclaration                                    : loaded 2 times (x 70B)
Class com.google.common.primitives.Ints                                               : loaded 2 times (x 71B)
Class com.google.common.collect.AbstractIterator                                      : loaded 2 times (x 82B)
Class [Lkotlin.reflect.jvm.internal.impl.descriptors.deserialization.ClassDescriptorFactory;: loaded 2 times (x 69B)
Class kotlin.reflect.jvm.internal.impl.load.java.lazy.descriptors.LazyJavaStaticScope : loaded 2 times (x 104B)
Class kotlin.reflect.jvm.internal.impl.load.java.lazy.descriptors.LazyJavaPackageScope: loaded 2 times (x 104B)
Class kotlin.reflect.jvm.internal.impl.metadata.ProtoBuf$Visibility                   : loaded 2 times (x 82B)
Class kotlin.collections.IndexingIterable                                             : loaded 2 times (x 79B)
Class kotlin.reflect.jvm.internal.impl.builtins.jvm.JvmBuiltInClassDescriptorFactory  : loaded 2 times (x 77B)
Class kotlin.reflect.jvm.internal.impl.metadata.ProtoBuf$ConstructorOrBuilder         : loaded 2 times (x 70B)
Class kotlin.reflect.jvm.internal.impl.types.TypeSubstitution                         : loaded 2 times (x 77B)
Class kotlin.reflect.jvm.internal.impl.load.java.typeEnhancement.SignatureEnhancement : loaded 2 times (x 72B)
Class kotlin.reflect.jvm.internal.impl.load.java.NullabilityAnnotationStatesImpl      : loaded 2 times (x 75B)
Class org.jetbrains.org.objectweb.asm.FieldVisitor                                    : loaded 2 times (x 77B)
Class com.google.common.collect.ObjectArrays                                          : loaded 2 times (x 71B)
Class com.google.common.math.MathPreconditions                                        : loaded 2 times (x 71B)
Class com.google.common.collect.ArrayListMultimapGwtSerializationDependencies         : loaded 2 times (x 172B)
Class com.google.common.collect.AbstractIndexedListIterator                           : loaded 2 times (x 96B)
Class [Lkotlin.reflect.jvm.internal.impl.metadata.jvm.JvmProtoBuf$StringTableTypes$Record$Operation;: loaded 2 times (x 69B)
Class kotlin.reflect.jvm.internal.impl.resolve.scopes.DescriptorKindFilter            : loaded 2 times (x 72B)
Class kotlin.reflect.jvm.internal.impl.metadata.ProtoBuf$Annotation$ArgumentOrBuilder : loaded 2 times (x 70B)
Class kotlin.reflect.jvm.internal.impl.serialization.deserialization.ProtoBasedClassDataFinder: loaded 2 times (x 75B)
Class kotlin.reflect.jvm.internal.impl.metadata.jvm.JvmProtoBuf$StringTableTypes$Record: loaded 2 times (x 96B)
Class kotlin.reflect.jvm.internal.impl.metadata.ProtoBuf$Annotation$Argument$Value$Type: loaded 2 times (x 82B)
Class kotlin.reflect.jvm.internal.impl.types.ClassTypeConstructorImpl                 : loaded 2 times (x 97B)
Class org.jetbrains.kotlin.build.report.metrics.LOAD_CLASSES_PATHS_ONLY               : loaded 2 times (x 72B)
Class org.apache.commons.io.output.NullOutputStream                                   : loaded 2 times (x 85B)
Class com.google.common.collect.ImmutableMapEntrySet                                  : loaded 2 times (x 152B)
Class org.gradle.api.internal.classpath.Module                                        : loaded 2 times (x 70B)
Class kotlin.reflect.jvm.internal.KClassImpl$Data$$Lambda$0                           : loaded 2 times (x 76B)
Class kotlin.reflect.jvm.internal.KClassifierImpl                                     : loaded 2 times (x 70B)
Class kotlin.reflect.jvm.internal.impl.load.java.descriptors.JavaMethodDescriptor     : loaded 2 times (x 207B)
Class kotlin.reflect.jvm.internal.impl.descriptors.impl.FunctionDescriptorImpl$CopyConfiguration: loaded 2 times (x 137B)
Class kotlin.reflect.jvm.internal.impl.resolve.OverridingStrategy                     : loaded 2 times (x 75B)
Class kotlin.reflect.jvm.internal.impl.metadata.ProtoBuf$QualifiedNameTable$1         : loaded 2 times (x 87B)
Class kotlin.internal.ProgressionUtilKt                                               : loaded 2 times (x 71B)
Class kotlin.reflect.jvm.internal.impl.protobuf.RopeByteString                        : loaded 2 times (x 99B)
Class kotlin.reflect.jvm.internal.impl.incremental.UtilsKt                            : loaded 2 times (x 71B)
Class kotlin.reflect.jvm.internal.impl.metadata.jvm.JvmProtoBuf$JvmMethodSignatureOrBuilder: loaded 2 times (x 70B)
Class kotlin.reflect.jvm.internal.impl.resolve.sam.SamConversionResolver              : loaded 2 times (x 70B)
Class kotlin.KotlinVersion                                                            : loaded 2 times (x 74B)
Class kotlin.reflect.jvm.internal.impl.builtins.jvm.JvmBuiltIns                       : loaded 2 times (x 113B)
Class com.google.common.cache.Weigher                                                 : loaded 2 times (x 70B)
Class org.gradle.api.internal.classpath.UnknownModuleException                        : loaded 2 times (x 82B)
Class kotlin.reflect.jvm.internal.KClassImpl$Data$$Lambda$1                           : loaded 2 times (x 76B)
Class kotlin.reflect.jvm.internal.calls.CallerImpl$Constructor                        : loaded 2 times (x 81B)
Class org.jetbrains.kotlin.config.Services$Companion                                  : loaded 2 times (x 71B)
Class kotlin.reflect.jvm.internal.impl.protobuf.CodedOutputStream$OutOfSpaceException : loaded 2 times (x 82B)
Class kotlin.reflect.jvm.internal.impl.load.kotlin.KotlinJvmBinaryClass$AnnotationVisitor: loaded 2 times (x 70B)
Class kotlin.reflect.jvm.internal.impl.protobuf.SmallSortedMap$EmptySet$1             : loaded 2 times (x 78B)
Class kotlin.reflect.jvm.internal.impl.protobuf.FieldSet                              : loaded 2 times (x 72B)
Class kotlin.reflect.jvm.internal.impl.descriptors.ConstructorDescriptor              : loaded 2 times (x 70B)
Class kotlin.reflect.jvm.internal.impl.storage.LockBasedStorageManager$ExceptionHandlingStrategy$1: loaded 2 times (x 74B)
Class com.google.common.base.Stopwatch                                                : loaded 2 times (x 72B)
Class com.google.common.cache.LocalCache$Strength                                     : loaded 2 times (x 81B)
Class com.google.common.cache.Cache                                                   : loaded 2 times (x 70B)
Class kotlin.reflect.jvm.internal.KClassImpl$Data$$Lambda$2                           : loaded 2 times (x 76B)
Class kotlin.reflect.KProperty1$Getter                                                : loaded 2 times (x 70B)
Class kotlin.reflect.jvm.internal.impl.types.AbstractTypeChecker                      : loaded 2 times (x 71B)
Class [Lkotlin.reflect.jvm.internal.impl.descriptors.DeclarationDescriptorNonRoot;    : loaded 2 times (x 69B)
Class kotlin.reflect.jvm.internal.impl.serialization.deserialization.descriptors.NonEmptyDeserializedAnnotations: loaded 2 times (x 89B)
Class kotlin.reflect.jvm.internal.impl.storage.SingleThreadValue                      : loaded 2 times (x 74B)
Class kotlin.reflect.jvm.internal.impl.serialization.deserialization.ProtoEnumFlags$WhenMappings: loaded 2 times (x 71B)
Class kotlin.collections.IndexingIterator                                             : loaded 2 times (x 79B)
Class kotlin.reflect.jvm.internal.impl.metadata.ProtoBuf$PackageOrBuilder             : loaded 2 times (x 70B)
Class kotlin.reflect.jvm.internal.impl.protobuf.SmallSortedMap$EmptySet$2             : loaded 2 times (x 78B)
Class kotlin.reflect.jvm.internal.impl.descriptors.ClassifierDescriptorWithTypeParameters: loaded 2 times (x 70B)
Class org.jetbrains.kotlin.build.report.metrics.BuildMetricsReporter                  : loaded 2 times (x 70B)
Class com.google.common.util.concurrent.AbstractFuture$Cancellation                   : loaded 2 times (x 72B)
Class com.google.common.collect.ImmutableMap$Builder                                  : loaded 2 times (x 82B)
Class org.gradle.internal.service.UnknownServiceException                             : loaded 2 times (x 83B)
Class com.google.common.cache.LocalCache$LocalLoadingCache                            : loaded 2 times (x 134B)
Class kotlin.reflect.jvm.internal.KClassImpl$Data$$Lambda$3                           : loaded 2 times (x 76B)
Class com.google.common.collect.Sets$3                                                : loaded 2 times (x 139B)
Class [Lorg.objectweb.asm.AnnotationVisitor;                                          : loaded 2 times (x 69B)
Class kotlin.reflect.jvm.internal.impl.load.java.typeEnhancement.JavaTypeQualifiers$Companion: loaded 2 times (x 71B)
Class kotlin.reflect.jvm.internal.impl.load.java.typeEnhancement.JavaTypeQualifiers   : loaded 2 times (x 72B)
Class kotlin.reflect.jvm.internal.impl.metadata.deserialization.Flags                 : loaded 2 times (x 71B)
Class kotlin.reflect.jvm.internal.impl.metadata.ProtoBuf$TypeParameter                : loaded 2 times (x 102B)
Class kotlin.reflect.jvm.internal.impl.metadata.ProtoBuf$Annotation                   : loaded 2 times (x 96B)
Class [Lkotlin.reflect.jvm.internal.impl.descriptors.DescriptorVisibility;            : loaded 2 times (x 69B)
Class kotlin.reflect.jvm.internal.impl.descriptors.VariableDescriptor                 : loaded 2 times (x 70B)
Class kotlin.reflect.jvm.internal.impl.descriptors.PackageFragmentProvider            : loaded 2 times (x 70B)
Class kotlin.reflect.jvm.internal.impl.load.java.JavaNullabilityAnnotationsStatus     : loaded 2 times (x 72B)
Class org.jetbrains.org.objectweb.asm.FieldWriter                                     : loaded 2 times (x 78B)
Class org.jetbrains.org.objectweb.asm.MethodVisitor                                   : loaded 2 times (x 105B)
Class kotlin.io.ByteStreamsKt                                                         : loaded 2 times (x 71B)
Class com.google.common.cache.RemovalListener                                         : loaded 2 times (x 70B)
Class org.gradle.api.internal.DefaultClassPathRegistry                                : loaded 2 times (x 76B)
Class kotlin.reflect.jvm.internal.impl.descriptors.runtime.components.ReflectJavaClassFinder: loaded 2 times (x 77B)
Class kotlin.reflect.jvm.internal.impl.builtins.KotlinBuiltIns                        : loaded 2 times (x 113B)
Class kotlin.reflect.jvm.internal.KClassImpl$Data$$Lambda$4                           : loaded 2 times (x 76B)
Class kotlin.reflect.jvm.internal.KPropertyImpl                                       : loaded 2 times (x 115B)
Class kotlin.reflect.jvm.internal.impl.serialization.SerializerExtensionProtocol      : loaded 2 times (x 72B)
Class kotlin.reflect.jvm.internal.impl.load.java.structure.LightClassOriginKind       : loaded 2 times (x 79B)
Class kotlin.collections.CollectionsKt___CollectionsKt$asSequence$$inlined$Sequence$1 : loaded 2 times (x 75B)
Class org.jetbrains.kotlin.build.report.metrics.CACHE_DIRECTORY_SIZE                  : loaded 2 times (x 72B)
Class org.jetbrains.kotlin.build.report.metrics.BACKEND                               : loaded 2 times (x 72B)
Class org.jetbrains.kotlin.cli.common.messages.MessageCollector                       : loaded 2 times (x 70B)
Class kotlin.ranges.ClosedRange                                                       : loaded 2 times (x 70B)
Class kotlin.reflect.jvm.internal.impl.metadata.deserialization.TypeTable             : loaded 2 times (x 72B)
Class kotlin.reflect.jvm.internal.impl.descriptors.runtime.components.ReflectKotlinClass: loaded 2 times (x 79B)
Class [Lkotlin.reflect.jvm.internal.impl.descriptors.PackageFragmentProviderOptimized;: loaded 2 times (x 69B)
Class kotlin.reflect.jvm.internal.impl.metadata.ProtoBuf$ValueParameterOrBuilder      : loaded 2 times (x 70B)
Class kotlin.reflect.jvm.internal.impl.metadata.ProtoBuf$Function                     : loaded 2 times (x 102B)
Class kotlin.reflect.jvm.internal.impl.renderer.RenderingFormat$PLAIN                 : loaded 2 times (x 80B)
Class com.google.common.primitives.IntsMethodsForWeb                                  : loaded 2 times (x 71B)
Class org.gradle.internal.classpath.DefaultClassPath$ImmutableUniqueList              : loaded 2 times (x 199B)
Class org.gradle.api.internal.ClassPathRegistry                                       : loaded 2 times (x 70B)
Class kotlin.reflect.jvm.internal.impl.types.model.TypeSystemCommonSuperTypesContext  : loaded 2 times (x 70B)
Class kotlin.reflect.jvm.internal.KClassImpl$Data$$Lambda$5                           : loaded 2 times (x 76B)
Class kotlin.reflect.jvm.internal.ComputableClassValue                                : loaded 2 times (x 80B)
Class kotlin.reflect.jvm.internal.impl.load.java.SpecialGenericSignatures$TypeSafeBarrierDescription: loaded 2 times (x 79B)
Class kotlin.jvm.internal.TypeIntrinsics                                              : loaded 2 times (x 71B)
Class kotlin.reflect.jvm.internal.impl.load.java.JvmAbi                               : loaded 2 times (x 71B)
Class kotlin.reflect.jvm.internal.impl.resolve.DescriptorFactory$DefaultClassConstructorDescriptor: loaded 2 times (x 216B)
Class kotlin.reflect.jvm.internal.impl.metadata.ProtoBuf$QualifiedNameTableOrBuilder  : loaded 2 times (x 70B)
Class kotlin.collections.IntIterator                                                  : loaded 2 times (x 82B)
Class kotlin.reflect.jvm.internal.impl.resolve.scopes.ChainedMemberScope$Companion    : loaded 2 times (x 71B)
Class kotlin.reflect.jvm.internal.impl.descriptors.impl.SubpackagesScope              : loaded 2 times (x 93B)
Class kotlin.reflect.jvm.internal.impl.protobuf.GeneratedMessageLite$ExtensionDescriptor: loaded 2 times (x 83B)
Class kotlin.reflect.jvm.internal.impl.load.java.lazy.LazyJavaPackageFragmentProvider : loaded 2 times (x 80B)
Class org.jetbrains.org.objectweb.asm.ByteVector                                      : loaded 2 times (x 78B)
Class org.jetbrains.kotlin.build.report.metrics.INCREMENTAL_COMPILATION_DAEMON        : loaded 2 times (x 72B)
Class org.apache.commons.io.IOUtils                                                   : loaded 2 times (x 71B)
Class kotlin.reflect.jvm.internal.KClassImpl$Data$$Lambda$6                           : loaded 2 times (x 76B)
Class org.jetbrains.kotlin.cli.common.arguments.Argument                              : loaded 2 times (x 70B)
Class org.jetbrains.kotlin.cli.common.CompilerSystemProperties                        : loaded 2 times (x 80B)
Class kotlin.time.DurationUnit                                                        : loaded 2 times (x 79B)
Class kotlin.reflect.jvm.internal.impl.builtins.jvm.CloneableClassScope               : loaded 2 times (x 94B)
Class [Lkotlin.reflect.jvm.internal.impl.resolve.ExternalOverridabilityCondition$Result;: loaded 2 times (x 69B)
Class kotlin.reflect.jvm.internal.impl.load.java.AnnotationQualifierApplicabilityType : loaded 2 times (x 79B)
Class kotlin.reflect.jvm.internal.impl.serialization.deserialization.descriptors.DeserializedPackageMemberScope: loaded 2 times (x 103B)
Class kotlin.reflect.jvm.internal.impl.serialization.deserialization.descriptors.DeserializedAnnotations: loaded 2 times (x 89B)
Class kotlin.reflect.jvm.internal.impl.serialization.deserialization.descriptors.DeserializedMemberScope$Implementation: loaded 2 times (x 70B)
Class kotlin.reflect.jvm.internal.impl.load.kotlin.KotlinClassFinder$Result$KotlinClass: loaded 2 times (x 72B)
Class kotlin.reflect.jvm.internal.impl.load.kotlin.header.KotlinClassHeader           : loaded 2 times (x 72B)
Class kotlin.reflect.jvm.internal.impl.protobuf.WireFormat$FieldType$1                : loaded 2 times (x 83B)
Class kotlin.reflect.jvm.internal.impl.descriptors.Visibilities$Protected             : loaded 2 times (x 75B)
Class kotlin.reflect.jvm.internal.impl.renderer.RenderingFormat                       : loaded 2 times (x 80B)
Class kotlin.reflect.jvm.internal.impl.load.kotlin.DeserializationComponentsForJavaKt : loaded 2 times (x 71B)
Class kotlin.reflect.jvm.internal.impl.builtins.KotlinBuiltIns$1                      : loaded 2 times (x 77B)
Class org.jetbrains.kotlin.cli.common.arguments.K2JVMCompilerArgumentsConfigurator    : loaded 2 times (x 74B)
Class [Lorg.jetbrains.org.objectweb.asm.AnnotationWriter;                             : loaded 2 times (x 69B)
Class Program                                                                         : loaded 2 times (x 72B)
Class com.google.common.cache.CacheBuilder                                            : loaded 2 times (x 72B)
Class com.google.common.collect.SingletonImmutableList                                : loaded 2 times (x 207B)
Class org.gradle.internal.classpath.ClassPath                                         : loaded 2 times (x 70B)
Class org.jetbrains.kotlin.build.report.metrics.GradleBuildPerformanceMetric          : loaded 2 times (x 72B)
Class kotlin.reflect.jvm.internal.KClassImpl$Data$$Lambda$7                           : loaded 2 times (x 76B)
Class org.gradle.api.internal.ClassPathProvider                                       : loaded 2 times (x 70B)
Class kotlin.collections.ArrayDeque                                                   : loaded 2 times (x 207B)
Class kotlin.reflect.jvm.internal.impl.types.DisjointKeysUnionTypeSubstitution        : loaded 2 times (x 78B)
Class kotlin.reflect.jvm.internal.impl.util.collectionUtils.ScopeUtilsKt              : loaded 2 times (x 71B)
Class kotlin.reflect.jvm.internal.impl.protobuf.WireFormat$FieldType$2                : loaded 2 times (x 83B)
Class kotlin.reflect.jvm.internal.impl.descriptors.DescriptorVisibilities             : loaded 2 times (x 71B)
Class kotlin.reflect.jvm.internal.impl.descriptors.ModuleDescriptor$DefaultImpls      : loaded 2 times (x 71B)
Class kotlin.reflect.jvm.internal.impl.renderer.ClassifierNamePolicy$SHORT            : loaded 2 times (x 74B)
Class kotlin.reflect.jvm.internal.impl.builtins.KotlinBuiltIns$2                      : loaded 2 times (x 77B)
Class kotlin.reflect.jvm.internal.impl.storage.StorageManager                         : loaded 2 times (x 70B)
Class kotlin.reflect.jvm.internal.impl.descriptors.runtime.components.RuntimeErrorReporter: loaded 2 times (x 75B)
Class com.google.common.base.JdkPattern                                               : loaded 2 times (x 75B)
Class com.google.common.collect.ImmutableList$ReverseImmutableList                    : loaded 2 times (x 209B)
Class kotlin.reflect.jvm.internal.KClassImpl$Data$$Lambda$8                           : loaded 2 times (x 76B)
Class [Lorg.gradle.api.internal.ClassPathProvider;                                    : loaded 2 times (x 69B)
Class com.google.common.collect.Sets$2                                                : loaded 2 times (x 139B)
Class kotlin.time.DurationUnitKt__DurationUnitKt                                      : loaded 2 times (x 71B)
Class kotlin.reflect.jvm.internal.impl.utils.SmartSet$Companion                       : loaded 2 times (x 71B)
Class kotlin.reflect.jvm.internal.impl.protobuf.CodedInputStream                      : loaded 2 times (x 72B)
Class kotlin.reflect.jvm.internal.impl.load.java.lazy.descriptors.LazyJavaScope       : loaded 2 times (x 104B)
Class kotlin.reflect.jvm.internal.impl.protobuf.WireFormat$FieldType$3                : loaded 2 times (x 83B)
Class kotlin.reflect.jvm.internal.impl.incremental.components.LookupTracker           : loaded 2 times (x 70B)
Class kotlin.reflect.jvm.internal.impl.storage.LockBasedStorageManager$CacheWithNullableValuesBasedOnMemoizedFunction: loaded 2 times (x 83B)
Class kotlin.reflect.jvm.internal.impl.builtins.KotlinBuiltIns$3                      : loaded 2 times (x 77B)
Class org.jetbrains.kotlin.cli.common.arguments.Freezable                             : loaded 2 times (x 72B)
Class org.jetbrains.kotlin.com.intellij.openapi.diagnostic.Logger                     : loaded 2 times (x 99B)
Class org.jetbrains.kotlin.build.report.metrics.CLASSPATH_ENTRY_SNAPSHOT_TRANSFORM    : loaded 2 times (x 72B)
Class kotlin.jvm.internal.Lambda                                                      : loaded 2 times (x 75B)
Class org.objectweb.asm.SymbolTable$Entry                                             : loaded 2 times (x 74B)
Class org.gradle.api.internal.classpath.DefaultModuleRegistry$DefaultModuleAlias      : loaded 2 times (x 80B)
Class kotlin.reflect.jvm.internal.KClassImpl$Data$$Lambda$9                           : loaded 2 times (x 76B)
Class kotlin.jvm.internal.markers.KMutableMap$Entry                                   : loaded 2 times (x 70B)
Class kotlin.reflect.jvm.internal.impl.resolve.OverridingUtil$OverrideCompatibilityInfo: loaded 2 times (x 73B)
Class kotlin.reflect.jvm.internal.impl.types.checker.ClassicTypeCheckerStateKt        : loaded 2 times (x 71B)
Class [Lkotlin.reflect.jvm.internal.impl.resolve.scopes.MemberScope;                  : loaded 2 times (x 69B)
Class kotlin.reflect.jvm.internal.impl.protobuf.WireFormat$FieldType$4                : loaded 2 times (x 83B)
Class kotlin.reflect.jvm.internal.impl.descriptors.impl.FunctionDescriptorImpl        : loaded 2 times (x 192B)
Class kotlin.reflect.jvm.internal.impl.types.ClassifierBasedTypeConstructor           : loaded 2 times (x 86B)
Class kotlin.reflect.jvm.internal.impl.renderer.PropertyAccessorRenderingPolicy       : loaded 2 times (x 79B)
Class kotlin.reflect.jvm.internal.impl.load.kotlin.AbstractBinaryClassAnnotationAndConstantLoader: loaded 2 times (x 99B)
Class kotlin.reflect.jvm.internal.impl.incremental.components.LookupTracker$DO_NOTHING: loaded 2 times (x 75B)
Class kotlin.reflect.jvm.internal.impl.builtins.KotlinBuiltIns$4                      : loaded 2 times (x 77B)
Class org.jetbrains.org.objectweb.asm.ClassWriter                                     : loaded 2 times (x 106B)
Class org.objectweb.asm.Edge                                                          : loaded 2 times (x 72B)
Class com.google.common.base.Suppliers$SupplierOfInstance                             : loaded 2 times (x 79B)
Class com.google.common.collect.Iterators$1                                           : loaded 2 times (x 81B)
Class kotlin.reflect.jvm.internal.impl.types.checker.KotlinTypePreparator$Default     : loaded 2 times (x 73B)
Class kotlin.comparisons.NaturalOrderComparator                                       : loaded 2 times (x 88B)
Class kotlin.reflect.jvm.internal.impl.load.java.lazy.types.JavaTypeAttributes        : loaded 2 times (x 72B)
Class kotlin.reflect.jvm.internal.impl.protobuf.FieldSet$FieldDescriptorLite          : loaded 2 times (x 70B)
Class org.jetbrains.kotlin.incremental.ClasspathChanges$ClasspathSnapshotEnabled$IncrementalRun$NoChanges: loaded 2 times (x 73B)
Class kotlin.collections.AbstractMutableSet                                           : loaded 2 times (x 142B)
Class kotlin.reflect.jvm.internal.impl.serialization.deserialization.SuspendFunctionTypeUtilKt: loaded 2 times (x 71B)
Class kotlin.reflect.jvm.internal.impl.types.model.TypeSystemContext                  : loaded 2 times (x 70B)
Class kotlin.reflect.jvm.internal.impl.load.java.structure.ListBasedJavaAnnotationOwner: loaded 2 times (x 70B)
Class kotlin.reflect.jvm.internal.impl.metadata.ProtoBuf$QualifiedNameTable$QualifiedName$Kind: loaded 2 times (x 82B)
Class kotlin.reflect.jvm.internal.impl.metadata.ProtoBuf$StringTable$1                : loaded 2 times (x 87B)
Class kotlin.reflect.jvm.internal.impl.descriptors.runtime.components.RuntimeSourceElementFactory$RuntimeSourceElement: loaded 2 times (x 78B)
Class kotlin.reflect.jvm.internal.impl.descriptors.runtime.structure.ReflectJavaClass : loaded 2 times (x 115B)
Class kotlin.reflect.jvm.internal.impl.metadata.deserialization.Flags$EnumLiteFlagField: loaded 2 times (x 76B)
Class kotlin.reflect.jvm.internal.impl.serialization.deserialization.FlexibleTypeDeserializer$ThrowException: loaded 2 times (x 74B)
Class kotlin.reflect.jvm.internal.impl.metadata.jvm.JvmProtoBuf                       : loaded 2 times (x 71B)
Class kotlin.reflect.jvm.internal.impl.descriptors.impl.ClassDescriptorBase           : loaded 2 times (x 175B)
Class kotlin.properties.Delegates                                                     : loaded 2 times (x 71B)
Class kotlin.reflect.jvm.internal.impl.resolve.constants.IntegerValueConstant         : loaded 2 times (x 74B)
Class kotlin.reflect.jvm.internal.impl.types.checker.NewKotlinTypeChecker$Companion   : loaded 2 times (x 71B)
Class kotlin.reflect.jvm.internal.impl.load.java.JavaClassesTracker                   : loaded 2 times (x 70B)
Class kotlin.reflect.jvm.internal.impl.builtins.ReflectionTypes$Companion             : loaded 2 times (x 71B)
Class kotlin.reflect.jvm.internal.impl.descriptors.DeclarationDescriptorNonRoot       : loaded 2 times (x 70B)
Class com.google.common.cache.LocalCache$ComputingValueReference                      : loaded 2 times (x 96B)
Class com.google.common.collect.SingletonImmutableSet                                 : loaded 2 times (x 146B)
Class kotlin.reflect.jvm.internal.impl.metadata.ProtoBuf$VersionRequirementTable$1    : loaded 2 times (x 87B)
Class [Lorg.jetbrains.kotlin.cli.common.messages.CompilerMessageSeverity;             : loaded 2 times (x 69B)
Class kotlin.reflect.jvm.internal.impl.load.java.components.DescriptorResolverUtils$1 : loaded 2 times (x 77B)
Class kotlin.reflect.jvm.internal.impl.load.kotlin.KotlinJvmBinarySourceElement       : loaded 2 times (x 78B)
Class kotlin.reflect.jvm.internal.impl.descriptors.impl.ModuleDependencies            : loaded 2 times (x 70B)
Class kotlin.reflect.jvm.internal.impl.renderer.DescriptorRendererOptions             : loaded 2 times (x 70B)
Class kotlin.reflect.jvm.internal.impl.metadata.deserialization.BinaryVersion         : loaded 2 times (x 72B)
Class com.google.common.cache.LocalCache$Segment                                      : loaded 2 times (x 154B)
Class kotlin.reflect.jvm.internal.impl.descriptors.DeserializedDescriptor             : loaded 2 times (x 70B)
Class kotlin.reflect.jvm.internal.impl.serialization.deserialization.descriptors.DeserializedClassDescriptor$memberScopeHolder$1: loaded 2 times (x 129B)
Class kotlin.time.DurationJvmKt                                                       : loaded 2 times (x 71B)
Class org.jetbrains.kotlin.cli.jvm.compiler.KotlinCoreEnvironment                     : loaded 2 times (x 72B)
Class org.jetbrains.kotlin.incremental.ClasspathChanges$ClasspathSnapshotEnabled$IncrementalRun: loaded 2 times (x 72B)
Class kotlin.reflect.jvm.internal.impl.types.FlexibleTypesKt                          : loaded 2 times (x 71B)
Class kotlin.reflect.jvm.internal.impl.metadata.jvm.JvmProtoBuf$StringTableTypes$Record$1: loaded 2 times (x 87B)
Class kotlin.reflect.jvm.internal.impl.types.WrappedType                              : loaded 2 times (x 83B)
Class build_6y6m7oz1ub1eheoai3p25uow7$_run_closure1                                   : loaded 2 times (x 140B)
Class com.google.common.collect.SortedIterable                                        : loaded 2 times (x 70B)
Class com.google.common.collect.AbstractListMultimap                                  : loaded 2 times (x 172B)
Class [Lorg.objectweb.asm.SymbolTable$Entry;                                          : loaded 2 times (x 69B)
Class com.google.common.cache.CacheLoader                                             : loaded 2 times (x 74B)
Class com.google.common.collect.Iterators$4                                           : loaded 2 times (x 82B)
Class com.google.common.collect.ImmutableBiMap                                        : loaded 2 times (x 143B)
Class org.gradle.api.internal.classpath.ModuleRegistry                                : loaded 2 times (x 70B)
Class org.gradle.internal.installation.GradleInstallation$1                           : loaded 2 times (x 75B)
Class kotlin.reflect.jvm.internal.impl.types.AbstractStubType                         : loaded 2 times (x 91B)
Class kotlin.reflect.jvm.internal.impl.metadata.deserialization.NameResolver          : loaded 2 times (x 70B)
Class kotlin.reflect.jvm.internal.impl.descriptors.FindClassInModuleKt                : loaded 2 times (x 71B)
Class [Lkotlin.reflect.jvm.internal.impl.descriptors.DeclarationDescriptor;           : loaded 2 times (x 69B)
Class kotlin.reflect.jvm.internal.impl.metadata.ProtoBuf$VersionRequirementTableOrBuilder: loaded 2 times (x 70B)
Class kotlin.reflect.jvm.internal.impl.metadata.ProtoBuf$ValueParameter$1             : loaded 2 times (x 87B)
Class kotlin.reflect.jvm.internal.impl.descriptors.FieldDescriptor                    : loaded 2 times (x 70B)
Class org.jetbrains.org.objectweb.asm.AnnotationVisitor                               : loaded 2 times (x 78B)
Class org.apache.commons.io.output.NullWriter                                         : loaded 2 times (x 99B)
Class com.google.common.collect.ImmutableSet$JdkBackedSetBuilderImpl                  : loaded 2 times (x 76B)
Class com.google.common.util.concurrent.internal.InternalFutureFailureAccess          : loaded 2 times (x 72B)
Class com.google.common.collect.Iterators$5                                           : loaded 2 times (x 82B)
Class kotlin.sequences.SequencesKt__SequencesKt$sequenceOf$$inlined$Sequence$1        : loaded 2 times (x 75B)
Class [Lorg.jetbrains.org.objectweb.asm.Type;                                         : loaded 2 times (x 69B)
Class kotlin.time.Duration$Companion                                                  : loaded 2 times (x 71B)
Class kotlin.coroutines.intrinsics.IntrinsicsKt__IntrinsicsKt                         : loaded 2 times (x 71B)
Class kotlin.text.RegexKt                                                             : loaded 2 times (x 71B)
Class kotlin.reflect.jvm.internal.impl.serialization.deserialization.descriptors.DeserializedPropertyDescriptor: loaded 2 times (x 211B)
Class kotlin.reflect.jvm.internal.impl.descriptors.runtime.structure.ReflectJavaType$Factory: loaded 2 times (x 71B)
Class kotlin.reflect.jvm.internal.impl.metadata.ProtoBuf$Modality$1                   : loaded 2 times (x 74B)
Class kotlin.reflect.jvm.internal.impl.protobuf.ByteString                            : loaded 2 times (x 97B)
Class kotlin.reflect.jvm.internal.impl.serialization.deserialization.LocalClassifierTypeSettings: loaded 2 times (x 70B)
Class kotlin.reflect.jvm.internal.impl.load.java.ReportLevel$Companion                : loaded 2 times (x 71B)
Class kotlin.reflect.jvm.internal.impl.load.java.ReportLevel                          : loaded 2 times (x 79B)
Class kotlin.reflect.jvm.internal.impl.load.java.JavaClassFinder                      : loaded 2 times (x 70B)
Class org.jetbrains.kotlin.gradle.plugin.KotlinMultiplatformPluginWrapper             : loaded 2 times (x 86B)
Class com.google.common.cache.LocalCache$LocalManualCache$1                           : loaded 2 times (x 75B)
Class com.google.common.base.CharMatcher$ForPredicate                                 : loaded 2 times (x 112B)
Class [Lkotlin.reflect.jvm.internal.impl.load.java.typeEnhancement.MutabilityQualifier;: loaded 2 times (x 69B)
Class kotlin.reflect.jvm.internal.impl.types.IntersectionTypeConstructor              : loaded 2 times (x 82B)
Class kotlin.reflect.jvm.internal.impl.metadata.ProtoBuf$PackageFragment$1            : loaded 2 times (x 87B)
Class kotlin.reflect.jvm.internal.impl.protobuf.SmallSortedMap$EntrySet               : loaded 2 times (x 137B)
Class kotlin.reflect.jvm.internal.impl.protobuf.CodedOutputStream                     : loaded 2 times (x 72B)
Class kotlin.reflect.jvm.internal.impl.load.java.structure.JavaPackage                : loaded 2 times (x 70B)
Class kotlin.reflect.jvm.internal.impl.util.ModuleVisibilityHelper$EMPTY              : loaded 2 times (x 74B)
Class kotlin.reflect.jvm.internal.impl.descriptors.impl.ModuleAwareClassDescriptor    : loaded 2 times (x 172B)
Class com.google.common.base.CharMatcher$AnyOf                                        : loaded 2 times (x 112B)
Class com.google.common.collect.ImmutableCollection                                   : loaded 2 times (x 125B)
Class org.gradle.api.internal.classpath.DefaultModuleRegistry                         : loaded 2 times (x 84B)
Class kotlin.reflect.jvm.internal.impl.descriptors.impl.ModuleAwareClassDescriptorKt  : loaded 2 times (x 71B)
Class kotlin.reflect.jvm.internal.impl.builtins.functions.FunctionTypeKind$KFunction  : loaded 2 times (x 72B)
Class kotlin.collections.builders.MapBuilder$EntryRef                                 : loaded 2 times (x 81B)
Class kotlin.text.MatchResult                                                         : loaded 2 times (x 70B)
Class kotlin.sequences.SequenceScope                                                  : loaded 2 times (x 73B)
Class org.jetbrains.kotlin.build.report.metrics.SHRUNK_CLASSPATH_SNAPSHOT_SIZE        : loaded 2 times (x 72B)
Class kotlin.collections.builders.MapBuilder$Itr                                      : loaded 2 times (x 72B)
Class kotlin.reflect.jvm.internal.impl.name.CallableId$Companion                      : loaded 2 times (x 71B)
Class kotlin.reflect.jvm.internal.impl.load.java.lazy.descriptors.DeclaredMemberIndex : loaded 2 times (x 70B)
Class kotlin.reflect.jvm.internal.impl.resolve.scopes.DescriptorKindFilter$Companion$MaskToName: loaded 2 times (x 72B)
Class kotlin.reflect.jvm.internal.impl.metadata.ProtoBuf$Type$Argument$1              : loaded 2 times (x 87B)
Class kotlin.collections.IndexedValue                                                 : loaded 2 times (x 72B)
Class kotlin.reflect.jvm.internal.impl.descriptors.impl.AbstractClassDescriptor$1     : loaded 2 times (x 77B)
Class kotlin.reflect.jvm.internal.impl.types.LazyWrappedType                          : loaded 2 times (x 84B)
Class kotlin.reflect.jvm.internal.impl.load.java.lazy.types.JavaTypeFlexibility       : loaded 2 times (x 79B)
Class kotlin.KotlinVersionCurrentValue                                                : loaded 2 times (x 71B)
Class kotlin.reflect.jvm.internal.impl.storage.MemoizedFunctionToNotNull              : loaded 2 times (x 70B)
Class kotlin.reflect.jvm.internal.impl.descriptors.runtime.components.RuntimeModuleData$Companion: loaded 2 times (x 71B)
Class org.jetbrains.org.objectweb.asm.AnnotationWriter                                : loaded 2 times (x 79B)
Class com.google.common.collect.Lists                                                 : loaded 2 times (x 71B)
Class com.google.common.util.concurrent.ListenableFuture                              : loaded 2 times (x 70B)
Class com.google.common.cache.ReferenceEntry                                          : loaded 2 times (x 70B)
Class com.google.common.collect.ImmutableSet$CachingAsList                            : loaded 2 times (x 148B)
Class org.jetbrains.kotlin.build.report.metrics.COMPILER_INITIALIZATION               : loaded 2 times (x 72B)
Class org.gradle.api.internal.DefaultClassPathProvider                                : loaded 2 times (x 76B)
Class kotlin.jvm.internal.markers.KMutableSet                                         : loaded 2 times (x 70B)
Class kotlin.reflect.jvm.internal.impl.descriptors.TypeAliasDescriptor                : loaded 2 times (x 70B)
Class kotlin.reflect.jvm.internal.impl.protobuf.Internal$EnumLite                     : loaded 2 times (x 70B)
Class kotlin.reflect.jvm.internal.impl.descriptors.Visibilities$Public                : loaded 2 times (x 75B)
Class kotlin.reflect.jvm.internal.impl.descriptors.SimpleFunctionDescriptor           : loaded 2 times (x 70B)
Class kotlin.reflect.jvm.internal.impl.descriptors.ReceiverParameterDescriptor        : loaded 2 times (x 70B)
Class kotlin.reflect.jvm.internal.impl.descriptors.impl.AbstractClassDescriptor$2     : loaded 2 times (x 77B)
Class kotlin.reflect.jvm.internal.impl.descriptors.SourceElement                      : loaded 2 times (x 70B)
Class org.jetbrains.kotlin.com.intellij.openapi.diagnostic.Logger$DefaultFactory      : loaded 2 times (x 74B)
Class com.google.common.util.concurrent.AbstractFuture                                : loaded 2 times (x 106B)
Class com.google.common.base.FunctionalEquivalence                                    : loaded 2 times (x 83B)
Class com.google.common.collect.Iterators$9                                           : loaded 2 times (x 81B)
Class com.google.common.collect.ImmutableAsList                                       : loaded 2 times (x 209B)
Class org.objectweb.asm.AnnotationVisitor                                             : loaded 2 times (x 78B)
Class com.google.common.collect.Sets$1                                                : loaded 2 times (x 139B)
Class org.jetbrains.kotlin.build.report.metrics.CALCULATE_OUTPUT_SIZE                 : loaded 2 times (x 72B)
Class kotlin.coroutines.jvm.internal.RestrictedContinuationImpl                       : loaded 2 times (x 87B)
Class kotlin.coroutines.CoroutineContext$Key                                          : loaded 2 times (x 70B)
Class kotlin.reflect.jvm.internal.impl.metadata.ProtoBuf$QualifiedNameTable$QualifiedNameOrBuilder: loaded 2 times (x 70B)
Class kotlin.reflect.jvm.internal.impl.builtins.BuiltInsPackageFragment               : loaded 2 times (x 70B)
Class kotlin.reflect.jvm.internal.impl.serialization.deserialization.descriptors.DeserializedContainerSource: loaded 2 times (x 70B)
Class kotlin.reflect.jvm.internal.impl.metadata.ProtoBuf$Package                      : loaded 2 times (x 102B)
Class kotlin.reflect.jvm.internal.impl.metadata.ProtoBuf$Constructor                  : loaded 2 times (x 102B)
Class kotlin.reflect.jvm.internal.impl.descriptors.impl.AbstractClassDescriptor$3     : loaded 2 times (x 77B)
Class kotlin.reflect.jvm.internal.impl.types.model.TypeConstructorMarker              : loaded 2 times (x 70B)
Class kotlin.reflect.jvm.internal.impl.load.java.ErasedOverridabilityCondition        : loaded 2 times (x 75B)
Class org.objectweb.asm.RecordComponentVisitor                                        : loaded 2 times (x 77B)
Class com.google.common.cache.CacheLoader$SupplierToCacheLoader                       : loaded 2 times (x 75B)
Class settings_bmpq4efggm6dhxantkqaf24d2                                              : loaded 2 times (x 171B)
Class com.google.common.collect.ImmutableSet$SerializedForm                           : loaded 2 times (x 73B)
Class kotlin.reflect.jvm.internal.impl.types.UnwrappedType                            : loaded 2 times (x 84B)
Class kotlin.reflect.jvm.internal.impl.resolve.ExternalOverridabilityCondition        : loaded 2 times (x 70B)
Class kotlin.reflect.jvm.internal.impl.renderer.DescriptorRenderer                    : loaded 2 times (x 78B)
Class kotlin.jvm.internal.markers.KMutableList                                        : loaded 2 times (x 70B)
Class [Lorg.jetbrains.kotlin.cli.common.ExitCode;                                     : loaded 2 times (x 69B)
Class kotlin.text.MatchNamedGroupCollection                                           : loaded 2 times (x 70B)
Class kotlin.reflect.jvm.internal.impl.descriptors.java.JavaVisibilities$ProtectedAndPackage: loaded 2 times (x 75B)
Class kotlin.reflect.jvm.internal.impl.descriptors.impl.FieldDescriptorImpl           : loaded 2 times (x 78B)
Class kotlin.reflect.jvm.internal.impl.types.model.FlexibleTypeMarker                 : loaded 2 times (x 70B)
Class kotlin.reflect.jvm.internal.impl.load.java.FakePureImplementationsProvider      : loaded 2 times (x 71B)
Class kotlin.reflect.jvm.internal.impl.builtins.jvm.JvmBuiltInsSignatures             : loaded 2 times (x 71B)
Class [Lkotlin.reflect.jvm.internal.impl.metadata.ProtoBuf$Modality;                  : loaded 2 times (x 69B)
Class kotlin.reflect.jvm.internal.impl.metadata.deserialization.Flags$BooleanFlagField: loaded 2 times (x 75B)
Class kotlin.reflect.jvm.internal.impl.metadata.ProtoBuf$Annotation$Argument$Value    : loaded 2 times (x 96B)
Class kotlin.reflect.jvm.internal.impl.protobuf.LazyFieldLite                         : loaded 2 times (x 76B)
Class kotlin.reflect.jvm.internal.impl.descriptors.PropertyGetterDescriptor           : loaded 2 times (x 70B)
Class kotlin.reflect.jvm.internal.impl.descriptors.impl.PackageFragmentDescriptorImpl : loaded 2 times (x 105B)
Class kotlin.reflect.jvm.internal.impl.builtins.jvm.JvmBuiltInsCustomizer             : loaded 2 times (x 81B)
Class org.gradle.internal.service.ServiceLookupException                              : loaded 2 times (x 82B)
Class org.jetbrains.kotlin.cli.common.CompilerSystemProperties$value$2                : loaded 2 times (x 129B)
Class kotlin.reflect.jvm.internal.impl.load.java.UtilsKt                              : loaded 2 times (x 71B)
Class kotlin.reflect.jvm.internal.impl.resolve.OverridingUtil$OverrideCompatibilityInfo$Result: loaded 2 times (x 79B)
Class [Lkotlin.sequences.Sequence;                                                    : loaded 2 times (x 69B)
Class kotlin.reflect.jvm.internal.impl.descriptors.impl.LazyPackageViewDescriptorImpl : loaded 2 times (x 102B)
Class kotlin.reflect.jvm.internal.impl.metadata.ProtoBuf$TypeTable                    : loaded 2 times (x 96B)
Class kotlin.reflect.jvm.internal.impl.protobuf.MessageLiteOrBuilder                  : loaded 2 times (x 70B)
Class kotlin.jvm.internal.MutablePropertyReference1Impl                               : loaded 2 times (x 141B)
Class kotlin.reflect.jvm.internal.impl.serialization.deserialization.AnnotationAndConstantLoader: loaded 2 times (x 70B)
Class kotlin.reflect.jvm.internal.impl.load.java.components.JavaPropertyInitializerEvaluator$DoNothing: loaded 2 times (x 74B)
Class [Lkotlin.reflect.jvm.internal.impl.load.java.ReportLevel;                       : loaded 2 times (x 69B)
Class kotlin.reflect.jvm.internal.impl.storage.LockBasedStorageManager$MapBasedMemoizedFunction: loaded 2 times (x 82B)
Class kotlin.reflect.jvm.internal.impl.storage.NotNullLazyValue                       : loaded 2 times (x 70B)
Class org.jetbrains.kotlin.com.intellij.openapi.diagnostic.LogLevel                   : loaded 2 times (x 79B)
Class com.google.common.collect.ImmutableSortedSet                                    : loaded 2 times (x 300B)
Class [Lcom.google.common.cache.LocalCache$EntryFactory;                              : loaded 2 times (x 69B)
Class org.gradle.internal.classloader.ClassLoaderFactory                              : loaded 2 times (x 70B)
Class kotlin.reflect.jvm.internal.impl.descriptors.impl.ModuleAwareClassDescriptor$Companion: loaded 2 times (x 71B)
Class kotlin.reflect.jvm.internal.impl.resolve.VisibilityUtilKt                       : loaded 2 times (x 71B)
Class org.jetbrains.kotlin.cli.common.arguments.ArgumentParseErrors                   : loaded 2 times (x 72B)
Class kotlin.reflect.jvm.internal.impl.descriptors.impl.TypeAliasConstructorDescriptor: loaded 2 times (x 70B)
Class kotlin.reflect.jvm.internal.impl.descriptors.impl.PropertyAccessorDescriptorImpl: loaded 2 times (x 187B)
Class [Lkotlin.reflect.jvm.internal.impl.descriptors.Named;                           : loaded 2 times (x 69B)
Class kotlin.reflect.jvm.internal.impl.metadata.ProtoBuf$TypeTable$1                  : loaded 2 times (x 87B)
Class kotlin.reflect.jvm.internal.impl.protobuf.WireFormat$FieldType                  : loaded 2 times (x 83B)
Class kotlin.reflect.jvm.internal.impl.metadata.ProtoBuf$TypeParameter$Variance$1     : loaded 2 times (x 74B)
Class kotlin.reflect.jvm.internal.impl.renderer.ClassifierNamePolicy$SOURCE_CODE_QUALIFIED: loaded 2 times (x 74B)
Class [Lorg.jetbrains.kotlin.build.report.metrics.ValueType;                          : loaded 2 times (x 69B)
Class com.google.common.collect.ImmutableMap$SerializedForm                           : loaded 2 times (x 73B)
Class org.apache.commons.io.CloseableURLConnection                                    : loaded 2 times (x 116B)
Class com.google.common.base.CommonPattern                                            : loaded 2 times (x 74B)
Class com.google.common.cache.LocalCache$LocalManualCache                             : loaded 2 times (x 99B)
Class com.google.common.base.CharMatcher$IsNot                                        : loaded 2 times (x 111B)
Class build_5rwq4r623auwaeu7mfkj97m6v                                                 : loaded 2 times (x 172B)
Class org.gradle.internal.service.CachingServiceLocator                               : loaded 2 times (x 82B)
Class kotlin.reflect.jvm.internal.impl.protobuf.ExtensionRegistryLite$ObjectIntPair   : loaded 2 times (x 72B)
Class org.jetbrains.kotlin.build.report.metrics.IC_GEN_COMPILER_REF_INDEX             : loaded 2 times (x 72B)
Class org.jetbrains.kotlin.build.report.metrics.IC_UPDATE_CACHES                      : loaded 2 times (x 72B)
Class kotlin.reflect.jvm.internal.impl.serialization.deserialization.descriptors.DeserializedMemberScope$OptimizedImplementation$computeDescriptors$1$1: loaded 2 times (x 79B)
Class kotlin.reflect.jvm.internal.impl.load.kotlin.KotlinJvmBinaryClass               : loaded 2 times (x 70B)
Class kotlin.reflect.jvm.internal.impl.descriptors.impl.CompositePackageFragmentProvider: loaded 2 times (x 80B)
Class kotlin.reflect.jvm.internal.impl.metadata.ProtoBuf$Contract                     : loaded 2 times (x 96B)
Class kotlin.reflect.jvm.internal.impl.descriptors.impl.PropertyDescriptorImpl        : loaded 2 times (x 199B)
Class kotlin.reflect.jvm.internal.impl.descriptors.Visibilities$Unknown               : loaded 2 times (x 75B)
Class kotlin.reflect.jvm.internal.impl.serialization.deserialization.DeserializationComponents: loaded 2 times (x 72B)
Class kotlin.reflect.jvm.internal.impl.types.checker.KotlinTypeChecker                : loaded 2 times (x 70B)
Class kotlin.reflect.jvm.internal.impl.descriptors.runtime.components.ReflectKotlinClassFinder: loaded 2 times (x 79B)
Class kotlin.collections.AbstractList$IteratorImpl                                    : loaded 2 times (x 82B)
Class com.google.common.collect.AbstractMapBasedMultimap$KeySet                       : loaded 2 times (x 137B)
Class com.google.common.collect.RegularImmutableSortedSet                             : loaded 2 times (x 300B)
Class com.google.common.math.IntMath                                                  : loaded 2 times (x 71B)
Class kotlin.jvm.internal.ArrayIteratorKt                                             : loaded 2 times (x 71B)
Class kotlin.reflect.jvm.internal.impl.builtins.jvm.JvmBuiltIns$Settings              : loaded 2 times (x 72B)
Class kotlin.jvm.internal.markers.KMutableMap                                         : loaded 2 times (x 70B)
Class kotlin.ranges.IntRange                                                          : loaded 2 times (x 93B)
Class kotlin.reflect.jvm.internal.impl.metadata.deserialization.ProtoTypeTableUtilKt  : loaded 2 times (x 71B)
Class kotlin.reflect.jvm.internal.impl.metadata.jvm.JvmProtoBuf$StringTableTypes$1    : loaded 2 times (x 87B)
Class kotlin.reflect.jvm.internal.impl.protobuf.MessageLite$Builder                   : loaded 2 times (x 70B)
Class kotlin.reflect.jvm.internal.impl.descriptors.Visibilities$Local                 : loaded 2 times (x 75B)
Class kotlin.reflect.jvm.internal.impl.descriptors.CallableMemberDescriptor$Kind      : loaded 2 times (x 79B)
Class kotlin.properties.ReadOnlyProperty                                              : loaded 2 times (x 70B)
Class kotlin.reflect.jvm.internal.impl.descriptors.CallableDescriptor                 : loaded 2 times (x 70B)
Class org.objectweb.asm.commons.InstructionAdapter                                    : loaded 2 times (x 188B)
Class com.google.common.collect.ImmutableMapEntry                                     : loaded 2 times (x 85B)
Class org.jetbrains.kotlin.incremental.ClasspathChanges                               : loaded 2 times (x 71B)
Class kotlin.jvm.internal.AdaptedFunctionReference                                    : loaded 2 times (x 77B)
Class kotlin.reflect.jvm.internal.KCallableImpl                                       : loaded 2 times (x 105B)
Class org.jetbrains.kotlin.build.report.metrics.ANALYSIS_LPS                          : loaded 2 times (x 72B)
Class kotlin.reflect.jvm.internal.impl.protobuf.ProtocolStringList                    : loaded 2 times (x 70B)
Class kotlin.reflect.jvm.internal.impl.serialization.deserialization.TypeDeserializer : loaded 2 times (x 72B)
Class kotlin.reflect.jvm.internal.impl.descriptors.PropertyDescriptor                 : loaded 2 times (x 70B)
Class kotlin.reflect.jvm.internal.impl.renderer.DescriptorRenderer$ValueParametersHandler: loaded 2 times (x 70B)
Class kotlin.reflect.jvm.internal.impl.storage.LockBasedStorageManager$LockBasedLazyValue: loaded 2 times (x 81B)
Class kotlin.reflect.jvm.internal.impl.serialization.deserialization.builtins.BuiltInsResourceLoader: loaded 2 times (x 72B)
Class org.jetbrains.org.objectweb.asm.Type                                            : loaded 2 times (x 72B)
Class org.jetbrains.kotlin.build.report.metrics.DoNothingBuildMetricsReporter         : loaded 2 times (x 86B)
Class org.objectweb.asm.signature.SignatureVisitor                                    : loaded 2 times (x 87B)
Class com.google.common.collect.ImmutableMapEntry$NonTerminalImmutableMapEntry        : loaded 2 times (x 85B)
Class [Lorg.jetbrains.kotlin.cli.common.CompilerSystemProperties;                     : loaded 2 times (x 69B)
Class kotlin.reflect.jvm.internal.impl.resolve.scopes.receivers.ImplicitClassReceiver : loaded 2 times (x 82B)
Class kotlin.reflect.jvm.internal.impl.descriptors.runtime.components.PackagePartScopeCache: loaded 2 times (x 72B)
Class kotlin.reflect.jvm.internal.impl.metadata.ProtoBuf$Annotation$Argument$ValueOrBuilder: loaded 2 times (x 70B)
Class kotlin.reflect.jvm.internal.impl.serialization.deserialization.AnnotationDeserializer: loaded 2 times (x 72B)
Class kotlin.reflect.jvm.internal.impl.load.java.components.SignaturePropagator       : loaded 2 times (x 70B)
Class kotlin.reflect.jvm.internal.impl.load.kotlin.DeserializationComponentsForJava$Companion: loaded 2 times (x 71B)
Class org.apache.commons.io.output.AbstractByteArrayOutputStream                      : loaded 2 times (x 102B)
Class com.google.common.cache.CacheBuilder$OneWeigher                                 : loaded 2 times (x 82B)
Class com.google.common.collect.RegularImmutableList                                  : loaded 2 times (x 213B)
Class kotlin.reflect.jvm.internal.impl.builtins.functions.FunctionTypeKind$Function   : loaded 2 times (x 72B)
Class org.jetbrains.kotlin.build.report.metrics.CLEAN_BACKUP_STASH                    : loaded 2 times (x 72B)
Class kotlin.text.StringsKt__StringsKt$lineSequence$$inlined$Sequence$1               : loaded 2 times (x 75B)
Class kotlin.reflect.jvm.internal.impl.resolve.ExternalOverridabilityCondition$Result : loaded 2 times (x 79B)
Class kotlin.reflect.jvm.internal.impl.load.java.structure.JavaClassifierType         : loaded 2 times (x 70B)
Class kotlin.reflect.jvm.internal.impl.metadata.ProtoBuf$Annotation$Argument          : loaded 2 times (x 96B)
Class kotlin.reflect.jvm.internal.impl.resolve.scopes.InnerClassesScopeWrapper        : loaded 2 times (x 93B)
Class [Lkotlin.reflect.jvm.internal.impl.metadata.ProtoBuf$MemberKind;                : loaded 2 times (x 69B)
Class kotlin.reflect.jvm.internal.impl.protobuf.GeneratedMessageLite$Builder          : loaded 2 times (x 89B)
Class kotlin.reflect.jvm.internal.impl.descriptors.runtime.components.ReflectJavaClassFinderKt: loaded 2 times (x 71B)
Class kotlin.reflect.jvm.internal.impl.metadata.ProtoBuf$TypeParameter$Variance       : loaded 2 times (x 82B)
Class kotlin.reflect.jvm.internal.impl.metadata.ProtoBuf$Type                         : loaded 2 times (x 102B)
Class kotlin.reflect.jvm.internal.impl.protobuf.AbstractMessageLite                   : loaded 2 times (x 91B)
Class kotlin.reflect.jvm.internal.impl.descriptors.VariableAccessorDescriptor         : loaded 2 times (x 70B)
Class kotlin.reflect.jvm.internal.impl.load.kotlin.header.KotlinClassHeader$Kind      : loaded 2 times (x 79B)
Class kotlin.reflect.jvm.internal.impl.descriptors.annotations.AnnotatedImpl          : loaded 2 times (x 76B)
Class kotlin.reflect.jvm.internal.impl.types.model.SimpleTypeMarker                   : loaded 2 times (x 70B)
Class kotlin.reflect.jvm.internal.impl.serialization.deserialization.ErrorReporter    : loaded 2 times (x 70B)
Class org.jetbrains.kotlin.com.intellij.openapi.diagnostic.Logger$Factory             : loaded 2 times (x 70B)
Class org.gradle.internal.classloader.ClasspathUtil                                   : loaded 2 times (x 71B)
Class com.google.common.collect.ListMultimap                                          : loaded 2 times (x 70B)
Class com.google.common.collect.ImmutableRangeSet                                     : loaded 2 times (x 115B)
Class org.jetbrains.kotlin.build.report.metrics.SHRINK_AND_SAVE_CLASSPATH_SNAPSHOT_EXECUTION_COUNT: loaded 2 times (x 72B)
Class org.jetbrains.kotlin.build.report.metrics.IC_ANALYZE_CHANGES_IN_ANDROID_LAYOUTS : loaded 2 times (x 72B)
Class kotlin.collections.builders.SetBuilder                                          : loaded 2 times (x 143B)
Class org.jetbrains.kotlin.cli.common.arguments.ParseCommandLineArgumentsKt           : loaded 2 times (x 71B)
Class kotlin.reflect.jvm.internal.impl.resolve.ExternalOverridabilityCondition$Contract: loaded 2 times (x 79B)
Class kotlin.sequences.EmptySequence                                                  : loaded 2 times (x 78B)
Class kotlin.reflect.jvm.internal.impl.metadata.ProtoBuf$QualifiedNameTable$QualifiedName$1: loaded 2 times (x 87B)
Class kotlin.reflect.jvm.internal.impl.metadata.ProtoBuf$QualifiedNameTable           : loaded 2 times (x 96B)
Class kotlin.reflect.jvm.internal.impl.load.java.sources.JavaSourceElement            : loaded 2 times (x 70B)
Class kotlin.reflect.jvm.internal.impl.load.java.lazy.descriptors.LazyJavaPackageScope$KotlinClassLookupResult$NotFound: loaded 2 times (x 71B)
Class kotlin.reflect.jvm.internal.impl.load.kotlin.SignatureBuildingComponents        : loaded 2 times (x 71B)
Class kotlin.reflect.jvm.internal.CreateKCallableVisitor                              : loaded 2 times (x 104B)
Class kotlin.reflect.jvm.internal.impl.metadata.jvm.JvmProtoBuf$JvmMethodSignature$Builder: loaded 2 times (x 91B)
Class kotlin.reflect.jvm.internal.impl.metadata.jvm.JvmProtoBuf$JvmFieldSignatureOrBuilder: loaded 2 times (x 70B)
Class kotlin.reflect.jvm.internal.impl.resolve.scopes.MemberScope                     : loaded 2 times (x 70B)
Class kotlin.reflect.jvm.internal.impl.storage.StorageKt                              : loaded 2 times (x 71B)
Class org.jetbrains.kotlin.build.report.metrics.RUN_COMPILATION                       : loaded 2 times (x 72B)
Class com.google.common.util.concurrent.Uninterruptibles                              : loaded 2 times (x 71B)
Class kotlin.reflect.jvm.internal.impl.builtins.functions.FunctionTypeKind$KSuspendFunction: loaded 2 times (x 72B)
Class org.apache.commons.io.output.StringBuilderWriter                                : loaded 2 times (x 100B)
Class kotlin.reflect.jvm.internal.KClassImpl$$Lambda$0                                : loaded 2 times (x 76B)
Class [Lorg.apache.commons.io.StandardLineSeparator;                                  : loaded 2 times (x 69B)
Class kotlin.reflect.jvm.internal.impl.load.java.typeEnhancement.JavaTypeEnhancement  : loaded 2 times (x 72B)
Class kotlin.reflect.jvm.internal.impl.serialization.deserialization.ContractDeserializer$Companion$DEFAULT$1: loaded 2 times (x 74B)
Class kotlin.reflect.jvm.internal.impl.types.checker.ClassicTypeSystemContext         : loaded 2 times (x 70B)
Class kotlin.reflect.jvm.internal.impl.load.kotlin.header.ReadKotlinClassHeaderAnnotationVisitor$CollectStringArrayAnnotationVisitor: loaded 2 times (x 85B)
Class kotlin.reflect.jvm.internal.impl.descriptors.DelegatedDescriptorVisibility      : loaded 2 times (x 76B)
Class [Lkotlin.reflect.jvm.internal.impl.load.kotlin.header.KotlinClassHeader$Kind;   : loaded 2 times (x 69B)
Class org.jetbrains.org.objectweb.asm.ModuleVisitor                                   : loaded 2 times (x 81B)
Class org.jetbrains.kotlin.gradle.plugin.AbstractKotlinMultiplatformPluginWrapper     : loaded 2 times (x 86B)
Class com.google.common.util.concurrent.LazyLogger                                    : loaded 2 times (x 72B)
Class org.gradle.api.specs.Spec                                                       : loaded 2 times (x 70B)
Class kotlin.reflect.jvm.internal.impl.descriptors.Visibility                         : loaded 2 times (x 75B)
Class kotlin.reflect.jvm.internal.CachesKt$$Lambda$0                                  : loaded 2 times (x 75B)
Class kotlin.reflect.jvm.internal.impl.metadata.jvm.JvmProtoBuf$JvmFieldSignature$1   : loaded 2 times (x 87B)
Class kotlin.reflect.jvm.internal.impl.builtins.jvm.JvmBuiltInClassDescriptorFactory$Companion: loaded 2 times (x 71B)
Class org.jetbrains.kotlin.build.report.metrics.IC_ANALYZE_CHANGES_IN_JAVA_SOURCES    : loaded 2 times (x 72B)
Class kotlin.jvm.internal.KTypeBase                                                   : loaded 2 times (x 70B)
Class kotlin.reflect.jvm.internal.impl.metadata.jvm.JvmProtoBuf$StringTableTypes$RecordOrBuilder: loaded 2 times (x 70B)
Class kotlin.reflect.jvm.internal.impl.metadata.jvm.deserialization.JvmNameResolver   : loaded 2 times (x 77B)
Class kotlin.UnsafeLazyImpl                                                           : loaded 2 times (x 76B)
Class kotlin.reflect.jvm.internal.impl.types.DelegatingSimpleType                     : loaded 2 times (x 91B)
Class kotlin.reflect.jvm.internal.impl.types.AbstractClassTypeConstructor             : loaded 2 times (x 97B)
Class kotlin.reflect.jvm.internal.impl.descriptors.PackageFragmentDescriptor          : loaded 2 times (x 70B)
Class kotlin.reflect.jvm.internal.impl.resolve.constants.UnsignedValueConstant        : loaded 2 times (x 74B)
Class [Lcom.google.common.collect.ImmutableEntry;                                     : loaded 2 times (x 69B)
Class kotlin.reflect.jvm.internal.impl.load.kotlin.header.ReadKotlinClassHeaderAnnotationVisitor$KotlinMetadataArgumentVisitor$2: loaded 2 times (x 85B)
Class kotlin.reflect.jvm.internal.impl.metadata.jvm.JvmProtoBuf$StringTableTypes$Record$Operation: loaded 2 times (x 82B)
Class kotlin.reflect.jvm.internal.impl.load.java.typeEnhancement.TypeComponentPosition: loaded 2 times (x 79B)
Class kotlin.reflect.jvm.internal.CachesKt$$Lambda$1                                  : loaded 2 times (x 75B)
Class kotlin.reflect.jvm.internal.impl.metadata.jvm.deserialization.JvmMemberSignature: loaded 2 times (x 74B)
Class kotlin.jvm.internal.ArrayIterator                                               : loaded 2 times (x 79B)
Class kotlin.reflect.jvm.internal.impl.load.java.lazy.descriptors.LazyJavaClassMemberScope: loaded 2 times (x 105B)
Class kotlin.reflect.jvm.internal.impl.types.AbstractTypeRefiner                      : loaded 2 times (x 72B)
Class kotlin.reflect.jvm.internal.impl.load.java.lazy.JavaResolverComponents          : loaded 2 times (x 72B)
Class org.jetbrains.org.objectweb.asm.Symbol                                          : loaded 2 times (x 73B)
Class org.jetbrains.kotlin.build.report.metrics.BuildPerformanceMetric                : loaded 2 times (x 72B)
Class com.google.common.cache.LocalCache$LoadingValueReference                        : loaded 2 times (x 96B)
Class kotlin.coroutines.ContinuationInterceptor                                       : loaded 2 times (x 70B)
Class kotlin.reflect.jvm.internal.impl.name.FqNameUnsafe$1                            : loaded 2 times (x 74B)
Class kotlin.reflect.jvm.internal.CachesKt$$Lambda$2                                  : loaded 2 times (x 75B)
Class [Lcom.google.common.collect.ImmutableMapEntry;                                  : loaded 2 times (x 69B)
Class org.jetbrains.org.objectweb.asm.ClassReader                                     : loaded 2 times (x 92B)
Class org.jetbrains.kotlin.incremental.ClasspathSnapshotFiles$Companion               : loaded 2 times (x 71B)
Class kotlin.reflect.jvm.internal.impl.descriptors.impl.SimpleFunctionDescriptorImpl  : loaded 2 times (x 199B)
Class kotlin.reflect.jvm.internal.impl.serialization.deserialization.descriptors.DeserializedCallableMemberDescriptor: loaded 2 times (x 70B)
Class kotlin.reflect.jvm.internal.impl.serialization.deserialization.builtins.BuiltInsPackageFragmentImpl: loaded 2 times (x 111B)
Class kotlin.reflect.jvm.internal.impl.descriptors.runtime.components.ReflectKotlinClassFinderKt: loaded 2 times (x 71B)
Class kotlin.reflect.jvm.internal.impl.descriptors.impl.ModuleDependenciesImpl        : loaded 2 times (x 77B)
Class kotlin.reflect.jvm.internal.impl.resolve.jvm.SyntheticJavaPartsProvider$Companion: loaded 2 times (x 71B)
Class kotlin.reflect.jvm.internal.impl.resolve.jvm.SyntheticJavaPartsProvider         : loaded 2 times (x 70B)
Class kotlin.reflect.jvm.internal.impl.load.java.JavaTypeEnhancementState$Companion   : loaded 2 times (x 71B)
Class kotlin.reflect.jvm.internal.impl.builtins.jvm.JvmBuiltIns$WhenMappings          : loaded 2 times (x 71B)
Class com.google.common.base.Platform                                                 : loaded 2 times (x 71B)
Class kotlin.reflect.jvm.internal.CachesKt$$Lambda$3                                  : loaded 2 times (x 75B)
Class kotlin.reflect.jvm.internal.impl.load.kotlin.JavaFlexibleTypeDeserializer       : loaded 2 times (x 74B)
Class [Lkotlin.reflect.jvm.internal.impl.protobuf.WireFormat$FieldType;               : loaded 2 times (x 69B)
Class kotlin.reflect.jvm.internal.impl.metadata.ProtoBuf$Function$1                   : loaded 2 times (x 87B)
Class kotlin.reflect.jvm.internal.impl.metadata.ProtoBuf$EnumEntry                    : loaded 2 times (x 102B)
Class kotlin.reflect.jvm.internal.impl.load.java.structure.JavaElement                : loaded 2 times (x 70B)
Class kotlin.coroutines.jvm.internal.RestrictedSuspendLambda                          : loaded 2 times (x 91B)
Class org.jetbrains.kotlin.codegen.CompilationException                               : loaded 2 times (x 95B)
Class kotlin.reflect.jvm.internal.calls.CallerImpl$Method$Instance                    : loaded 2 times (x 81B)
Class kotlin.reflect.jvm.internal.calls.CallerImpl$Companion                          : loaded 2 times (x 71B)
Class [Lkotlin.reflect.jvm.internal.impl.descriptors.DeclarationDescriptorWithSource; : loaded 2 times (x 69B)
Class kotlin.reflect.jvm.internal.impl.protobuf.GeneratedMessageLite$ExtendableMessage$ExtensionWriter: loaded 2 times (x 73B)
Class kotlin.reflect.jvm.internal.impl.descriptors.PackageFragmentProviderKt          : loaded 2 times (x 71B)
Class kotlin.reflect.jvm.internal.impl.serialization.deserialization.ClassDeserializer$Companion: loaded 2 times (x 71B)
Class kotlin.reflect.jvm.internal.impl.protobuf.ByteString$ByteIterator               : loaded 2 times (x 70B)
Class kotlin.reflect.jvm.internal.impl.resolve.constants.ShortValue                   : loaded 2 times (x 74B)
Class org.jetbrains.kotlin.build.report.metrics.GradleBuildTimeMetric                 : loaded 2 times (x 72B)
Class [Lorg.objectweb.asm.AnnotationWriter;                                           : loaded 2 times (x 69B)
Class kotlin.reflect.jvm.internal.impl.load.kotlin.header.ReadKotlinClassHeaderAnnotationVisitor$KotlinMetadataArgumentVisitor$1: loaded 2 times (x 85B)
Class kotlin.reflect.jvm.internal.CachesKt$$Lambda$4                                  : loaded 2 times (x 75B)
Class [Lkotlin.reflect.jvm.internal.impl.types.model.TypeParameterMarker;             : loaded 2 times (x 69B)
Class kotlin.sequences.SequencesKt___SequencesKt$flatMap$2                            : loaded 2 times (x 129B)
Class kotlin.sequences.SequencesKt__SequenceBuilderKt$sequence$$inlined$Sequence$1    : loaded 2 times (x 75B)
Class org.jetbrains.kotlin.com.google.common.base.Function                            : loaded 2 times (x 70B)
Class kotlin.collections.ArrayAsCollection                                            : loaded 2 times (x 105B)
Class kotlin.reflect.jvm.internal.impl.utils.SmartSet$SingletonIterator               : loaded 2 times (x 81B)
Class kotlin.reflect.jvm.internal.impl.resolve.calls.inference.CapturedTypeConstructorKt: loaded 2 times (x 71B)
Class kotlin.reflect.jvm.internal.impl.types.model.TypeParameterMarker                : loaded 2 times (x 70B)
Class kotlin.Triple                                                                   : loaded 2 times (x 72B)
Class kotlin.reflect.jvm.internal.impl.metadata.deserialization.Flags$FlagField       : loaded 2 times (x 73B)
Class kotlin.reflect.jvm.internal.impl.descriptors.impl.VariableDescriptorImpl        : loaded 2 times (x 141B)
Class kotlin.reflect.jvm.internal.impl.descriptors.ClassConstructorDescriptor         : loaded 2 times (x 70B)
Class kotlin.reflect.jvm.internal.impl.renderer.OverrideRenderingPolicy               : loaded 2 times (x 79B)
Class kotlin.reflect.jvm.internal.impl.utils.WrappedValues$1                          : loaded 2 times (x 71B)
Class kotlin.reflect.jvm.internal.impl.descriptors.Named                              : loaded 2 times (x 70B)
Class kotlin.reflect.jvm.internal.impl.descriptors.deserialization.PlatformDependentDeclarationFilter: loaded 2 times (x 70B)
Class com.google.common.collect.ImmutableRangeSet$Builder                             : loaded 2 times (x 77B)
Class org.jetbrains.kotlin.gradle.plugin.KotlinJsPluginWrapper                        : loaded 2 times (x 86B)
Class com.google.common.collect.Sets$SetView                                          : loaded 2 times (x 138B)
Class com.google.common.cache.LocalCache$StrongValueReference                         : loaded 2 times (x 90B)
Class kotlin.reflect.jvm.internal.KProperty1Impl                                      : loaded 2 times (x 128B)
Class org.jetbrains.org.objectweb.asm.ClassVisitor                                    : loaded 2 times (x 88B)
Class kotlin.jvm.internal.Ref$ObjectRef                                               : loaded 2 times (x 72B)
Class kotlin.reflect.jvm.internal.JvmFunctionSignature$KotlinFunction                 : loaded 2 times (x 73B)
Class kotlin.reflect.jvm.internal.impl.metadata.jvm.deserialization.ClassMapperLite   : loaded 2 times (x 71B)
Class kotlin.reflect.jvm.internal.impl.descriptors.impl.AbstractLazyTypeParameterDescriptor: loaded 2 times (x 124B)
Class [Lkotlin.reflect.jvm.internal.impl.metadata.ProtoBuf$Visibility;                : loaded 2 times (x 69B)
Class kotlin.reflect.jvm.internal.impl.metadata.jvm.deserialization.UtfEncodingKt     : loaded 2 times (x 71B)
Class kotlin.reflect.jvm.internal.impl.descriptors.runtime.components.ReflectKotlinClass$Factory: loaded 2 times (x 71B)
Class kotlin.reflect.jvm.internal.impl.serialization.deserialization.DeserializationConfiguration: loaded 2 times (x 70B)
Class kotlin.reflect.jvm.internal.impl.load.kotlin.header.KotlinClassHeader$Kind$Companion: loaded 2 times (x 71B)
Class org.objectweb.asm.Type                                                          : loaded 2 times (x 72B)
Class org.gradle.internal.classloader.VisitableURLClassLoader$InstrumentingVisitableURLClassLoader: loaded 2 times (x 123B)
Class kotlin.reflect.jvm.internal.impl.builtins.jvm.JvmBuiltIns$Kind                  : loaded 2 times (x 79B)
Class kotlin.KotlinVersion$Companion                                                  : loaded 2 times (x 71B)
Class kotlin.reflect.jvm.internal.impl.types.checker.KotlinTypeChecker$TypeConstructorEquality: loaded 2 times (x 70B)
Class kotlin.reflect.jvm.internal.impl.types.TypeSubstitution$Companion$EMPTY$1       : loaded 2 times (x 77B)
Class [Lkotlin.reflect.jvm.internal.impl.renderer.DescriptorRendererModifier;         : loaded 2 times (x 69B)
Class kotlin.reflect.jvm.internal.impl.types.TypeUtils                                : loaded 2 times (x 71B)
Class kotlin.coroutines.CoroutineContext$Element$DefaultImpls                         : loaded 2 times (x 71B)
Class kotlin.coroutines.Continuation                                                  : loaded 2 times (x 70B)
Class kotlin.reflect.jvm.internal.impl.metadata.jvm.deserialization.JvmFlags          : loaded 2 times (x 71B)
Class kotlin.sequences.SequencesKt__SequencesKt$sequenceOf$1$1                        : loaded 2 times (x 79B)
Class kotlin.reflect.jvm.internal.impl.load.java.lazy.LazyJavaTypeParameterResolver   : loaded 2 times (x 75B)
Class kotlin.reflect.jvm.internal.impl.load.java.structure.JavaModifierListOwner      : loaded 2 times (x 70B)
Class kotlin.reflect.jvm.internal.impl.serialization.deserialization.NameResolverUtilKt: loaded 2 times (x 71B)
Class kotlin.reflect.jvm.internal.impl.metadata.ProtoBuf$EnumEntryOrBuilder           : loaded 2 times (x 70B)
Class kotlin.reflect.jvm.internal.impl.metadata.ProtoBuf$VersionRequirementTable      : loaded 2 times (x 96B)
Class [Lkotlin.reflect.jvm.internal.impl.renderer.PropertyAccessorRenderingPolicy;    : loaded 2 times (x 69B)
Class [Lkotlin.reflect.jvm.internal.impl.renderer.ParameterNameRenderingPolicy;       : loaded 2 times (x 69B)
Class kotlin.reflect.jvm.internal.impl.load.java.lazy.LazyJavaResolverContext         : loaded 2 times (x 72B)
Class com.google.common.math.IntMath$1                                                : loaded 2 times (x 71B)
Class org.objectweb.asm.ByteVector                                                    : loaded 2 times (x 79B)
Class [Lcom.google.common.cache.CacheBuilder$NullListener;                            : loaded 2 times (x 69B)
Class org.gradle.internal.classloader.VisitableURLClassLoader$Spec                    : loaded 2 times (x 74B)
Class org.gradle.internal.classpath.DefaultClassPath                                  : loaded 2 times (x 90B)
Class kotlin.reflect.jvm.internal.impl.types.TypeProjection                           : loaded 2 times (x 70B)
Class [Lkotlin.reflect.jvm.internal.impl.descriptors.annotations.Annotated;           : loaded 2 times (x 69B)
Class kotlin.reflect.jvm.internal.impl.descriptors.runtime.structure.Java16SealedRecordLoader: loaded 2 times (x 71B)
Class kotlin.reflect.jvm.internal.impl.name.CallableId                                : loaded 2 times (x 72B)
Class org.jetbrains.kotlin.cli.jvm.compiler.KotlinCoreEnvironment$Companion           : loaded 2 times (x 71B)
Class org.jetbrains.kotlin.compilerRunner.OutputItemsCollector                        : loaded 2 times (x 70B)
Class kotlin.coroutines.jvm.internal.BaseContinuationImpl                             : loaded 2 times (x 87B)
Class kotlin.reflect.jvm.internal.impl.types.checker.NewTypeVariableConstructor       : loaded 2 times (x 70B)
Class kotlin.reflect.jvm.internal.impl.types.TypeProjectionImpl                       : loaded 2 times (x 82B)
Class kotlin.reflect.jvm.internal.impl.protobuf.LazyStringList                        : loaded 2 times (x 70B)
Class kotlin.reflect.jvm.internal.impl.descriptors.runtime.structure.ReflectJavaModifierListOwner: loaded 2 times (x 70B)
Class kotlin.reflect.jvm.internal.impl.protobuf.RopeByteString$RopeInputStream        : loaded 2 times (x 92B)
Class kotlin.reflect.jvm.internal.impl.load.kotlin.KotlinJvmBinaryClass$AnnotationArgumentVisitor: loaded 2 times (x 70B)
Class kotlin.reflect.jvm.internal.impl.renderer.AnnotationArgumentsRenderingPolicy    : loaded 2 times (x 79B)
Class kotlin.reflect.jvm.internal.impl.load.kotlin.PackagePartProvider$Empty          : loaded 2 times (x 74B)
Class kotlin.reflect.jvm.internal.impl.descriptors.annotations.Annotations$Companion$EMPTY$1: loaded 2 times (x 84B)
Class kotlin.reflect.jvm.internal.impl.descriptors.runtime.components.RuntimeModuleData: loaded 2 times (x 72B)
Class org.objectweb.asm.Symbol                                                        : loaded 2 times (x 73B)
Class kotlin.sequences.SequencesKt___SequencesKt$flatMap$1                            : loaded 2 times (x 129B)
Class [Lkotlin.reflect.jvm.internal.impl.resolve.ExternalOverridabilityCondition$Contract;: loaded 2 times (x 69B)
Class kotlin.reflect.jvm.internal.impl.protobuf.LazyStringArrayList                   : loaded 2 times (x 261B)
Class kotlin.reflect.jvm.internal.impl.load.java.JavaClassFinder$Request              : loaded 2 times (x 72B)
Class kotlin.reflect.jvm.internal.impl.metadata.ProtoBuf$Class$Kind$1                 : loaded 2 times (x 74B)
Class kotlin.reflect.jvm.internal.impl.builtins.jvm.JvmBuiltInsCustomizer$createMockJavaIoSerializableType$mockJavaIoPackageFragment$1: loaded 2 times (x 105B)
Class kotlin.reflect.jvm.internal.impl.storage.LockBasedStorageManager$CacheWithNotNullValuesBasedOnMemoizedFunction: loaded 2 times (x 86B)
Class kotlin.reflect.jvm.internal.impl.incremental.components.LookupLocation          : loaded 2 times (x 70B)
Class com.google.common.io.Closer                                                     : loaded 2 times (x 78B)
Class org.jetbrains.kotlin.gradle.plugin.AbstractKotlinAndroidPluginWrapper           : loaded 2 times (x 86B)
Class com.google.common.base.CharMatcher$BitSetMatcher                                : loaded 2 times (x 112B)
Class com.google.common.collect.RegularImmutableMap$Values                            : loaded 2 times (x 207B)
Class com.google.common.collect.ImmutableSet                                          : loaded 2 times (x 145B)
Class org.gradle.internal.classloader.ClassLoaderSpec                                 : loaded 2 times (x 71B)
Class org.gradle.internal.classloader.DefaultClassLoaderFactory                       : loaded 2 times (x 82B)
Class com.google.common.base.Suppliers                                                : loaded 2 times (x 71B)
Class org.jetbrains.kotlin.build.report.metrics.CODE_GENERATION_LPS                   : loaded 2 times (x 72B)
Class kotlin.jvm.internal.FunctionReferenceImpl                                       : loaded 2 times (x 126B)
Class [Lkotlin.reflect.jvm.internal.impl.load.java.AnnotationQualifierApplicabilityType;: loaded 2 times (x 69B)
Class kotlin.reflect.jvm.internal.impl.serialization.deserialization.DeserializedPackageFragmentImpl: loaded 2 times (x 109B)
Class kotlin.reflect.jvm.internal.impl.descriptors.runtime.structure.Java16SealedRecordLoader$Cache: loaded 2 times (x 72B)
Class kotlin.reflect.jvm.internal.impl.metadata.ProtoBuf$EnumEntry$1                  : loaded 2 times (x 87B)
Class kotlin.reflect.jvm.internal.impl.load.java.FieldOverridabilityCondition         : loaded 2 times (x 75B)
Class kotlin.reflect.jvm.internal.impl.types.checker.NewKotlinTypeChecker             : loaded 2 times (x 70B)
Class kotlin.reflect.jvm.internal.impl.load.java.NullabilityAnnotationStates          : loaded 2 times (x 70B)
Class kotlin.reflect.jvm.internal.impl.descriptors.impl.PackageViewDescriptorFactory  : loaded 2 times (x 70B)
Class org.objectweb.asm.AnnotationWriter                                              : loaded 2 times (x 79B)
Class com.google.common.cache.CacheStats                                              : loaded 2 times (x 71B)
Class [Lcom.google.common.cache.CacheBuilder$OneWeigher;                              : loaded 2 times (x 69B)
Class org.objectweb.asm.MethodTooLargeException                                       : loaded 2 times (x 83B)
Class com.google.common.base.Platform$JdkPatternCompiler                              : loaded 2 times (x 75B)
Class kotlin.time.DurationKt                                                          : loaded 2 times (x 71B)
Class kotlin.jvm.internal.markers.KMutableIterable                                    : loaded 2 times (x 70B)
Class kotlin.reflect.jvm.internal.impl.load.java.BuiltinSpecialProperties             : loaded 2 times (x 71B)
Class kotlin.reflect.jvm.internal.impl.metadata.deserialization.VersionRequirementTable: loaded 2 times (x 72B)
Class kotlin.reflect.jvm.internal.impl.utils.WrappedValues$ThrowableWrapper           : loaded 2 times (x 72B)
Class [Lkotlin.reflect.jvm.internal.impl.renderer.OverrideRenderingPolicy;            : loaded 2 times (x 69B)
Class com.google.common.io.Closer$Suppressor                                          : loaded 2 times (x 70B)
Class org.objectweb.asm.RecordComponentWriter                                         : loaded 2 times (x 78B)
Class com.google.common.util.concurrent.AbstractFuture$Listener                       : loaded 2 times (x 72B)
Class com.google.common.base.CharMatcher$Or                                           : loaded 2 times (x 112B)
Class org.gradle.api.internal.classpath.Module$ModuleAlias                            : loaded 2 times (x 70B)
Class kotlin.reflect.jvm.internal.impl.serialization.deserialization.FlexibleTypeDeserializer: loaded 2 times (x 70B)
Class kotlin.reflect.jvm.internal.impl.descriptors.impl.AbstractClassDescriptor       : loaded 2 times (x 174B)
Class org.jetbrains.kotlin.config.Services$Builder                                    : loaded 2 times (x 72B)
Class kotlin.reflect.jvm.internal.impl.descriptors.impl.ValueParameterDescriptorImpl$WithDestructuringDeclaration: loaded 2 times (x 165B)
Class kotlin.reflect.jvm.internal.impl.protobuf.Parser                                : loaded 2 times (x 70B)
Class kotlin.reflect.jvm.internal.impl.protobuf.MessageLite                           : loaded 2 times (x 70B)
Class kotlin.reflect.jvm.internal.impl.types.KotlinTypeFactory                        : loaded 2 times (x 71B)
Class kotlin.reflect.jvm.internal.impl.descriptors.PackageFragmentProviderOptimized   : loaded 2 times (x 70B)
Class kotlin.reflect.jvm.internal.impl.resolve.jvm.CompositeSyntheticJavaPartsProvider: loaded 2 times (x 79B)
Class kotlin.reflect.jvm.internal.impl.load.java.components.JavaResolverCache         : loaded 2 times (x 70B)
Class org.jetbrains.kotlin.build.report.metrics.SNAPSHOT_JAVA_CLASSES                 : loaded 2 times (x 72B)
Class org.jetbrains.kotlin.build.report.metrics.GRADLE_TASK_ACTION                    : loaded 2 times (x 72B)
Class [Lorg.objectweb.asm.Label;                                                      : loaded 2 times (x 69B)
Class org.objectweb.asm.Attribute                                                     : loaded 2 times (x 77B)
Class com.google.common.base.Supplier                                                 : loaded 2 times (x 70B)
Class org.gradle.internal.classloader.VisitableURLClassLoader                         : loaded 2 times (x 117B)
Class kotlin.reflect.jvm.internal.impl.protobuf.LiteralByteString                     : loaded 2 times (x 102B)
Class kotlin.reflect.jvm.internal.impl.metadata.ProtoBuf$Contract$1                   : loaded 2 times (x 87B)
Class kotlin.reflect.jvm.internal.impl.metadata.ProtoBuf$PropertyOrBuilder            : loaded 2 times (x 70B)
Class [Lkotlin.DeprecationLevel;                                                      : loaded 2 times (x 69B)
Class [Lkotlin.reflect.jvm.internal.impl.serialization.deserialization.AnnotatedCallableKind;: loaded 2 times (x 69B)
Class kotlin.sequences.GeneratorSequence                                              : loaded 2 times (x 75B)
Class kotlin.sequences.FlatteningSequence$iterator$1                                  : loaded 2 times (x 79B)
Class kotlin.reflect.jvm.internal.impl.resolve.scopes.ResolutionScope$DefaultImpls    : loaded 2 times (x 71B)
Class kotlin.reflect.jvm.internal.impl.metadata.ProtoBuf$Type$ArgumentOrBuilder       : loaded 2 times (x 70B)
Class kotlin.reflect.jvm.internal.impl.builtins.functions.BuiltInFictitiousFunctionClassFactory: loaded 2 times (x 77B)
Class kotlin.reflect.jvm.internal.impl.metadata.ProtoBuf$AnnotationOrBuilder          : loaded 2 times (x 70B)
Class kotlin.reflect.jvm.internal.impl.protobuf.GeneratedMessageLite$GeneratedExtension: loaded 2 times (x 78B)
Class kotlin.reflect.jvm.internal.impl.load.kotlin.DeserializationComponentsForJava   : loaded 2 times (x 72B)
Class com.google.common.collect.ImmutableList$SerializedForm                          : loaded 2 times (x 73B)
Class org.objectweb.asm.signature.SignatureWriter                                     : loaded 2 times (x 88B)
Class org.jetbrains.kotlin.gradle.plugin.DefaultKotlinBasePlugin                      : loaded 2 times (x 82B)
Class org.gradle.internal.Cast                                                        : loaded 2 times (x 71B)
Class org.gradle.api.Action                                                           : loaded 2 times (x 70B)
Class kotlin.reflect.jvm.internal.impl.name.ClassId$Companion                         : loaded 2 times (x 71B)
Class kotlin.reflect.jvm.internal.impl.builtins.jvm.JvmBuiltInsPackageFragmentProvider: loaded 2 times (x 85B)
Class kotlin.collections.AbstractMutableList                                          : loaded 2 times (x 206B)
Class kotlin.reflect.jvm.internal.impl.protobuf.Utf8                                  : loaded 2 times (x 71B)
Class kotlin.reflect.jvm.internal.impl.metadata.builtins.BuiltInsBinaryVersion        : loaded 2 times (x 72B)
Class kotlin.reflect.jvm.internal.impl.load.java.lazy.descriptors.LazyJavaStaticClassScope: loaded 2 times (x 104B)
Class kotlin.reflect.jvm.internal.impl.load.java.lazy.descriptors.LazyJavaPackageScope$KotlinClassLookupResult$Found: loaded 2 times (x 72B)
Class kotlin.reflect.jvm.internal.impl.metadata.ProtoBuf$MemberKind                   : loaded 2 times (x 82B)
Class [Lkotlin.reflect.jvm.internal.impl.serialization.deserialization.descriptors.DeserializedContainerAbiStability;: loaded 2 times (x 69B)
Class kotlin.reflect.jvm.internal.impl.load.java.JvmAnnotationNames                   : loaded 2 times (x 71B)
Class kotlin.reflect.jvm.internal.impl.protobuf.SmallSortedMap$1                      : loaded 2 times (x 129B)
Class kotlin.reflect.jvm.internal.impl.resolve.descriptorUtil.DescriptorUtilsKt       : loaded 2 times (x 71B)
Class kotlin.reflect.jvm.internal.impl.renderer.ClassifierNamePolicy$FULLY_QUALIFIED  : loaded 2 times (x 74B)
Class kotlin.properties.ReadWriteProperty                                             : loaded 2 times (x 70B)
Class com.google.common.base.Strings                                                  : loaded 2 times (x 71B)
Class com.google.common.collect.Sets                                                  : loaded 2 times (x 71B)
Class org.objectweb.asm.Handler                                                       : loaded 2 times (x 72B)
Class com.google.common.base.Ticker                                                   : loaded 2 times (x 72B)
Class com.google.common.base.CharMatcher$FastMatcher                                  : loaded 2 times (x 111B)
Class kotlin.reflect.jvm.internal.KClassImpl$Data$$Lambda$10                          : loaded 2 times (x 76B)
Class kotlin.reflect.jvm.internal.KDeclarationContainerImpl$Data$$Lambda$0            : loaded 2 times (x 76B)
Class kotlin.reflect.jvm.internal.impl.load.kotlin.KotlinClassFinder$Result           : loaded 2 times (x 71B)
Class kotlin.reflect.jvm.internal.impl.resolve.OverridingUtilTypeSystemContext        : loaded 2 times (x 169B)
Class kotlin.KotlinNothingValueException                                              : loaded 2 times (x 82B)
Class org.jetbrains.kotlin.incremental.IncrementalCompilationFeatures                 : loaded 2 times (x 71B)
Class kotlin.reflect.jvm.internal.impl.load.java.JavaDescriptorVisibilities           : loaded 2 times (x 71B)
Class kotlin.jvm.internal.markers.KMutableIterator                                    : loaded 2 times (x 70B)
Class kotlin.reflect.jvm.internal.impl.types.KotlinTypeKt                             : loaded 2 times (x 71B)
Class kotlin.reflect.jvm.internal.impl.load.java.lazy.descriptors.LazyJavaPackageScope$KotlinClassLookupResult$SyntheticClass: loaded 2 times (x 71B)
Class kotlin.reflect.jvm.internal.impl.descriptors.VariableDescriptorWithAccessors    : loaded 2 times (x 70B)
Class kotlin.reflect.jvm.internal.impl.resolve.constants.ULongValue                   : loaded 2 times (x 74B)
Class kotlin.reflect.jvm.internal.impl.resolve.constants.UByteValue                   : loaded 2 times (x 74B)
Class kotlin.reflect.jvm.internal.impl.load.kotlin.BinaryClassAnnotationAndConstantLoaderImpl: loaded 2 times (x 99B)
Class [Lcom.google.common.cache.LocalCache$Segment;                                   : loaded 2 times (x 69B)
Class [Lcom.google.common.cache.LocalCache$Strength;                                  : loaded 2 times (x 69B)
Class com.google.common.cache.CacheBuilder$1                                          : loaded 2 times (x 85B)
Class com.google.common.base.Predicate                                                : loaded 2 times (x 70B)
Class org.gradle.internal.classpath.DefaultClassPath$ImmutableUniqueList$Builder      : loaded 2 times (x 75B)
Class kotlin.reflect.jvm.internal.impl.resolve.OverridingUtil$8                       : loaded 2 times (x 71B)
Class kotlin.reflect.jvm.internal.KClassImpl$Data$$Lambda$11                          : loaded 2 times (x 76B)
Class kotlin.io.LinesSequence                                                         : loaded 2 times (x 75B)
Class com.google.common.collect.UnmodifiableListIterator                              : loaded 2 times (x 95B)
Class org.objectweb.asm.ClassVisitor                                                  : loaded 2 times (x 88B)
Class org.jetbrains.kotlin.build.report.metrics.IC_DETECT_REMOVED_CLASSES             : loaded 2 times (x 72B)
Class org.jetbrains.kotlin.utils.exceptions.KotlinExceptionWithAttachments            : loaded 2 times (x 70B)
Class kotlin.reflect.jvm.internal.impl.metadata.jvm.JvmProtoBuf$JvmPropertySignatureOrBuilder: loaded 2 times (x 70B)
Class kotlin.reflect.jvm.internal.impl.descriptors.ValueDescriptor                    : loaded 2 times (x 70B)
Class kotlin.reflect.jvm.internal.impl.renderer.DescriptorRendererOptionsImpl$property$$inlined$vetoable$1: loaded 2 times (x 83B)
Class com.google.common.collect.AbstractRangeSet                                      : loaded 2 times (x 114B)
Class com.google.common.cache.LocalCache                                              : loaded 2 times (x 187B)
Class com.google.common.cache.CacheBuilder$2                                          : loaded 2 times (x 79B)
Class com.google.common.base.CharMatcher$NegatedFastMatcher                           : loaded 2 times (x 113B)
Class [Lorg.objectweb.asm.Symbol;                                                     : loaded 2 times (x 69B)
Class kotlin.reflect.jvm.internal.impl.storage.CacheWithNullableValues                : loaded 2 times (x 70B)
Class kotlin.reflect.jvm.internal.impl.storage.SimpleLock$Companion                   : loaded 2 times (x 71B)
Class kotlin.reflect.jvm.internal.impl.builtins.ReflectionTypes                       : loaded 2 times (x 72B)
Class kotlin.reflect.jvm.internal.KClassImpl$Data$$Lambda$12                          : loaded 2 times (x 76B)
Class kotlin.reflect.jvm.internal.impl.resolve.constants.ByteValue                    : loaded 2 times (x 74B)
Class kotlin.reflect.jvm.internal.impl.resolve.constants.LongValue                    : loaded 2 times (x 74B)
Class org.jetbrains.kotlin.build.report.metrics.STORE_BUILD_INFO                      : loaded 2 times (x 72B)
Class kotlin.reflect.jvm.internal.impl.descriptors.runtime.structure.ReflectJavaClassifierType: loaded 2 times (x 92B)
Class kotlin.reflect.jvm.internal.impl.serialization.deserialization.descriptors.DeserializedClassDescriptor: loaded 2 times (x 176B)
Class kotlin.reflect.jvm.internal.impl.load.kotlin.KotlinJvmBinaryClass$AnnotationArrayArgumentVisitor: loaded 2 times (x 70B)
Class kotlin.reflect.jvm.internal.impl.load.java.structure.JavaAnnotationOwner        : loaded 2 times (x 70B)
Class [Lkotlin.reflect.jvm.internal.impl.protobuf.WireFormat$JavaType;                : loaded 2 times (x 69B)
Class kotlin.reflect.jvm.internal.impl.types.model.TypeArgumentMarker                 : loaded 2 times (x 70B)
Class kotlin.reflect.jvm.internal.impl.renderer.RenderingFormat$HTML                  : loaded 2 times (x 80B)
Class kotlin.reflect.jvm.internal.impl.descriptors.DeclarationDescriptorWithVisibility: loaded 2 times (x 70B)
Class kotlin.reflect.jvm.internal.impl.storage.EmptySimpleLock                        : loaded 2 times (x 75B)
Class org.jetbrains.kotlin.cli.common.arguments.K2JVMCompilerArguments                : loaded 2 times (x 76B)
Class org.jetbrains.kotlin.gradle.plugin.KotlinBasePluginWrapper                      : loaded 2 times (x 86B)
Class com.google.common.collect.ArrayListMultimap                                     : loaded 2 times (x 172B)
Class com.google.common.cache.CacheBuilder$3                                          : loaded 2 times (x 72B)
Class [Lcom.google.common.collect.AbstractMapEntry;                                   : loaded 2 times (x 69B)
Class com.google.common.collect.ImmutableEntry                                        : loaded 2 times (x 82B)
Class org.gradle.api.GradleException                                                  : loaded 2 times (x 82B)
Class kotlin.reflect.jvm.internal.impl.descriptors.ClassOrPackageFragmentDescriptor   : loaded 2 times (x 70B)
Class kotlin.reflect.jvm.internal.impl.util.ModuleVisibilityHelper                    : loaded 2 times (x 70B)
Class kotlin.reflect.jvm.internal.KClassImpl$Data$$Lambda$13                          : loaded 2 times (x 76B)
Class kotlin.reflect.jvm.internal.impl.protobuf.AbstractParser                        : loaded 2 times (x 87B)
Class kotlin.reflect.jvm.internal.impl.serialization.deserialization.ProtoEnumFlagsUtilsKt$WhenMappings: loaded 2 times (x 71B)
Class kotlin.reflect.jvm.internal.impl.types.TypeConstructorSubstitution$Companion    : loaded 2 times (x 71B)
Class kotlin.reflect.jvm.internal.impl.metadata.ProtoBuf$Annotation$Builder           : loaded 2 times (x 92B)
Class kotlin.reflect.jvm.internal.impl.metadata.ProtoBuf$PackageFragmentOrBuilder     : loaded 2 times (x 70B)
Class kotlin.reflect.jvm.internal.impl.load.java.structure.JavaNamedElement           : loaded 2 times (x 70B)
Class kotlin.reflect.jvm.internal.impl.descriptors.ScopesHolderForClass$Companion     : loaded 2 times (x 71B)
Class [Lkotlin.reflect.jvm.internal.impl.metadata.ProtoBuf$TypeParameter$Variance;    : loaded 2 times (x 69B)
Class kotlin.reflect.jvm.internal.impl.types.checker.KotlinTypeRefiner                : loaded 2 times (x 79B)
Class kotlin.reflect.jvm.internal.impl.descriptors.DeclarationDescriptorWithSource    : loaded 2 times (x 70B)
Class org.jetbrains.org.objectweb.asm.SymbolTable$Entry                               : loaded 2 times (x 74B)
Class org.apache.commons.io.StandardLineSeparator                                     : loaded 2 times (x 79B)
Class com.google.common.collect.CollectPreconditions                                  : loaded 2 times (x 71B)
Class kotlin.reflect.jvm.internal.impl.descriptors.ScopesHolderForClass               : loaded 2 times (x 72B)
Class kotlin.reflect.jvm.internal.KClassImpl$Data$$Lambda$14                          : loaded 2 times (x 76B)
Class kotlin.sequences.TransformingSequence                                           : loaded 2 times (x 75B)
Class kotlin.reflect.jvm.internal.impl.load.java.typeEnhancement.TypeEnhancementUtilsKt: loaded 2 times (x 71B)
Class kotlin.reflect.jvm.internal.impl.descriptors.impl.AbstractTypeParameterDescriptor: loaded 2 times (x 124B)
Class kotlin.reflect.jvm.internal.impl.resolve.scopes.SubstitutingScope               : loaded 2 times (x 85B)
Class kotlin.reflect.jvm.internal.impl.resolve.OverridingUtil$7                       : loaded 2 times (x 75B)
Class kotlin.reflect.jvm.internal.impl.descriptors.impl.PropertyDescriptorImpl$CopyConfiguration: loaded 2 times (x 82B)
Class kotlin.reflect.jvm.internal.impl.types.TypeSubstitutor$SubstitutionException    : loaded 2 times (x 82B)
Class [Lkotlin.reflect.jvm.internal.impl.load.java.typeEnhancement.NullabilityQualifier;: loaded 2 times (x 69B)
Class kotlin.reflect.jvm.internal.impl.descriptors.runtime.structure.ReflectJavaAnnotationOwnerKt: loaded 2 times (x 71B)
Class kotlin.reflect.jvm.internal.impl.metadata.ProtoBuf$StringTableOrBuilder         : loaded 2 times (x 70B)
Class kotlin.reflect.jvm.internal.impl.load.java.lazy.descriptors.LazyJavaClassDescriptor: loaded 2 times (x 177B)
Class kotlin.reflect.jvm.internal.impl.serialization.deserialization.DeserializationContext: loaded 2 times (x 72B)
Class kotlin.reflect.jvm.internal.impl.metadata.ProtoBuf$Type$Argument                : loaded 2 times (x 96B)
Class kotlin.reflect.jvm.internal.impl.load.java.lazy.LazyJavaAnnotationsKt           : loaded 2 times (x 71B)
Class kotlin.reflect.jvm.internal.impl.resolve.ResolutionAnchorProviderKt             : loaded 2 times (x 71B)
Class kotlin.reflect.jvm.internal.impl.protobuf.ByteString$Output                     : loaded 2 times (x 86B)
Class kotlin.reflect.jvm.internal.impl.descriptors.Visibilities$Private               : loaded 2 times (x 75B)
Class kotlin.reflect.jvm.internal.impl.renderer.ClassifierNamePolicy                  : loaded 2 times (x 70B)
Class kotlin.reflect.jvm.internal.impl.load.java.JavaNullabilityAnnotationsStatus$Companion: loaded 2 times (x 71B)
Class kotlin.reflect.jvm.internal.impl.types.model.TypeArgumentListMarker             : loaded 2 times (x 70B)
Class kotlin.reflect.jvm.internal.impl.storage.NullableLazyValue                      : loaded 2 times (x 70B)
Class build_6y6m7oz1ub1eheoai3p25uow7                                                 : loaded 2 times (x 172B)
Class com.google.common.collect.ImmutableMap$MapViewOfValuesAsSingletonSets           : loaded 2 times (x 126B)
Class com.google.common.collect.RegularImmutableMap                                   : loaded 2 times (x 121B)
Class kotlin.reflect.jvm.internal.KClassImpl$Data$$Lambda$15                          : loaded 2 times (x 76B)
Class kotlin.reflect.jvm.internal.KPropertyImpl$Companion                             : loaded 2 times (x 71B)
Class kotlin.reflect.jvm.internal.impl.serialization.deserialization.KotlinMetadataFinder: loaded 2 times (x 70B)
Class [Lkotlin.time.DurationUnit;                                                     : loaded 2 times (x 69B)
Class kotlin.reflect.jvm.internal.FunctionWithAllInvokes                              : loaded 2 times (x 70B)
Class kotlin.reflect.jvm.internal.impl.load.java.lazy.descriptors.ClassDeclaredMemberIndex: loaded 2 times (x 86B)
Class kotlin.reflect.jvm.internal.impl.resolve.jvm.JavaDescriptorResolver             : loaded 2 times (x 72B)
Class kotlin.reflect.jvm.internal.impl.metadata.ProtoBuf$TypeTableOrBuilder           : loaded 2 times (x 70B)
Class kotlin.reflect.jvm.internal.impl.descriptors.DescriptorVisibilities$10          : loaded 2 times (x 74B)
Class org.jetbrains.kotlin.cli.common.arguments.CommonCompilerArguments               : loaded 2 times (x 75B)
Class [Lorg.jetbrains.org.objectweb.asm.Symbol;                                       : loaded 2 times (x 69B)
Class com.google.common.cache.LocalCache$EntryFactory                                 : loaded 2 times (x 83B)
Class kotlin.reflect.jvm.internal.impl.protobuf.InvalidProtocolBufferException        : loaded 2 times (x 84B)
Class [Lkotlin.reflect.jvm.internal.impl.descriptors.impl.ModuleDescriptorImpl;       : loaded 2 times (x 69B)
Class [Lkotlin.reflect.jvm.internal.impl.incremental.components.LookupLocation;       : loaded 2 times (x 69B)
Class kotlin.reflect.jvm.internal.KClassImpl$Data$$Lambda$16                          : loaded 2 times (x 76B)
Class kotlin.reflect.jvm.internal.impl.descriptors.runtime.components.ReflectKotlinClassKt: loaded 2 times (x 71B)
Class kotlin.reflect.jvm.internal.impl.protobuf.BoundedByteString                     : loaded 2 times (x 102B)
Class kotlin.ranges.IntProgression$Companion                                          : loaded 2 times (x 71B)
Class [Lkotlin.reflect.jvm.internal.impl.load.java.SpecialGenericSignatures$TypeSafeBarrierDescription;: loaded 2 times (x 69B)
Class kotlin.collections.builders.MapBuilder$Companion                                : loaded 2 times (x 71B)
Class kotlin.reflect.jvm.internal.impl.types.TypeSubstitution$replaceWithNonApproximating$1: loaded 2 times (x 78B)
Class kotlin.reflect.jvm.internal.impl.descriptors.DescriptorVisibilities$11          : loaded 2 times (x 74B)
Class kotlin.reflect.jvm.internal.impl.storage.LockBasedStorageManager$CacheWithNullableValuesBasedOnMemoizedFunction$1: loaded 2 times (x 76B)
Class kotlin.reflect.jvm.internal.impl.load.java.AnnotationTypeQualifierResolver      : loaded 2 times (x 72B)
Class kotlin.reflect.jvm.internal.impl.descriptors.DeclarationDescriptor              : loaded 2 times (x 70B)
Class kotlin.reflect.jvm.internal.impl.storage.LockBasedStorageManager                : loaded 2 times (x 95B)
Class org.jetbrains.kotlin.cli.common.arguments.CommonCompilerArgumentsConfigurator   : loaded 2 times (x 74B)
Class com.google.common.cache.LocalCache$AbstractReferenceEntry                       : loaded 2 times (x 107B)
Class org.gradle.internal.IoActions                                                   : loaded 2 times (x 71B)
Class kotlin.collections.builders.MapBuilder                                          : loaded 2 times (x 112B)
Class [Lkotlin.reflect.jvm.internal.impl.name.ClassId;                                : loaded 2 times (x 69B)
Class kotlin.reflect.jvm.internal.impl.resolve.OverridingUtil$6                       : loaded 2 times (x 74B)
Class org.jetbrains.kotlin.cli.common.arguments.ArgumentField                         : loaded 2 times (x 72B)
Class kotlin.reflect.jvm.internal.KClassImpl$Data$$Lambda$17                          : loaded 2 times (x 76B)
Class kotlin.reflect.jvm.internal.calls.CallerImpl$Method                             : loaded 2 times (x 81B)
Class org.jetbrains.kotlin.build.report.metrics.SOURCE_LINES_NUMBER                   : loaded 2 times (x 72B)
Class com.google.common.collect.ImmutableList$1                                       : loaded 2 times (x 97B)
Class org.jetbrains.kotlin.utils.KotlinExceptionWithAttachments                       : loaded 2 times (x 94B)
Class kotlin.reflect.jvm.internal.impl.descriptors.java.JavaVisibilities$PackageVisibility: loaded 2 times (x 75B)
Class kotlin.reflect.jvm.internal.impl.metadata.builtins.BuiltInsBinaryVersion$Companion: loaded 2 times (x 71B)
Class kotlin.reflect.jvm.internal.impl.load.java.lazy.descriptors.LazyJavaPackageScope$FindClassRequest: loaded 2 times (x 72B)
Class kotlin.reflect.jvm.internal.impl.resolve.scopes.LazyScopeAdapter                : loaded 2 times (x 94B)
Class kotlin.reflect.jvm.internal.impl.descriptors.DescriptorVisibilities$12          : loaded 2 times (x 74B)
Class kotlin.reflect.jvm.internal.impl.renderer.DescriptorRendererModifier$Companion  : loaded 2 times (x 71B)
Class kotlin.reflect.jvm.internal.impl.descriptors.SourceElement$1                    : loaded 2 times (x 74B)
Class kotlin.reflect.jvm.internal.impl.load.kotlin.DeserializationComponentsForJavaKt$makeLazyJavaPackageFragmentProvider$javaResolverComponents$1: loaded 2 times (x 74B)
Class kotlin.reflect.jvm.internal.impl.descriptors.annotations.Annotations$Companion  : loaded 2 times (x 71B)
Class org.jetbrains.org.objectweb.asm.Attribute                                       : loaded 2 times (x 75B)
Class org.jetbrains.org.objectweb.asm.Label                                           : loaded 2 times (x 72B)
Class org.jetbrains.kotlin.build.report.metrics.LOAD_CONTENTS_OF_CLASSES              : loaded 2 times (x 72B)
Class com.google.common.collect.ImmutableRangeSet$ComplementRanges                    : loaded 2 times (x 207B)
Class org.objectweb.asm.SymbolTable                                                   : loaded 2 times (x 72B)
Class com.google.common.cache.CacheLoader$InvalidCacheLoadException                   : loaded 2 times (x 82B)
Class com.google.common.collect.ImmutableSet$RegularSetBuilderImpl                    : loaded 2 times (x 77B)
Class com.google.common.util.concurrent.ExecutionError                                : loaded 2 times (x 82B)
Class com.google.common.collect.ImmutableEnumSet                                      : loaded 2 times (x 146B)
Class com.google.common.collect.ImmutableBiMap$SerializedForm                         : loaded 2 times (x 75B)
Class kotlin.reflect.jvm.internal.impl.metadata.ProtoBuf$TypeParameter$1              : loaded 2 times (x 87B)
Class kotlin.jvm.internal.PropertyReference0Impl                                      : loaded 2 times (x 131B)
Class kotlin.coroutines.intrinsics.IntrinsicsKt                                       : loaded 2 times (x 71B)
Class org.jetbrains.kotlin.cli.common.ExitCode                                        : loaded 2 times (x 79B)
Class kotlin.text.MatcherMatchResult$groups$1                                         : loaded 2 times (x 151B)
Class org.jetbrains.kotlin.compilerRunner.ArgumentsToStrings                          : loaded 2 times (x 71B)
Class kotlin.jvm.internal.markers.KMutableCollection                                  : loaded 2 times (x 70B)
Class kotlin.reflect.jvm.internal.impl.types.DisjointKeysUnionTypeSubstitution$Companion: loaded 2 times (x 71B)
Class kotlin.ranges.IntRange$Companion                                                : loaded 2 times (x 71B)
Class kotlin.reflect.jvm.internal.impl.load.java.lazy.descriptors.LazyJavaClassDescriptor$Companion: loaded 2 times (x 71B)
Class kotlin.reflect.jvm.internal.impl.descriptors.impl.ClassConstructorDescriptorImpl: loaded 2 times (x 216B)
Class kotlin.reflect.jvm.internal.impl.resolve.scopes.MemberScopeImpl                 : loaded 2 times (x 92B)
Class kotlin.reflect.jvm.internal.impl.resolve.constants.UShortValue                  : loaded 2 times (x 74B)
Class kotlin.reflect.jvm.internal.impl.types.checker.KotlinTypeRefiner$Default        : loaded 2 times (x 79B)
Class org.jetbrains.org.objectweb.asm.Frame                                           : loaded 2 times (x 73B)
Class org.jetbrains.kotlin.build.report.metrics.SNAPSHOT_CLASSES                      : loaded 2 times (x 72B)
Class com.google.common.cache.LocalCache$StrongEntry                                  : loaded 2 times (x 108B)
Class com.google.common.util.concurrent.AbstractFuture$TrustedFuture                  : loaded 2 times (x 114B)
Class com.google.common.cache.LoadingCache                                            : loaded 2 times (x 70B)
Class [Lkotlin.reflect.jvm.internal.impl.descriptors.annotations.AnnotatedImpl;       : loaded 2 times (x 69B)
Class kotlin.reflect.jvm.internal.impl.metadata.ProtoBuf$Class$Kind                   : loaded 2 times (x 82B)
Class kotlin.reflect.jvm.internal.impl.serialization.deserialization.ProtoContainer   : loaded 2 times (x 73B)
Class kotlin.reflect.jvm.internal.impl.resolve.NonReportingOverrideStrategy           : loaded 2 times (x 76B)
Class kotlin.coroutines.intrinsics.CoroutineSingletons                                : loaded 2 times (x 79B)
Class kotlin.reflect.jvm.internal.impl.types.DescriptorSubstitutor                    : loaded 2 times (x 71B)
Class kotlin.reflect.jvm.internal.impl.types.DefinitelyNotNullType                    : loaded 2 times (x 98B)
Class kotlin.reflect.jvm.internal.impl.load.java.structure.JavaClassifier             : loaded 2 times (x 70B)
Class kotlin.reflect.jvm.internal.impl.load.java.lazy.ContextKt                       : loaded 2 times (x 71B)
Class kotlin.reflect.jvm.internal.impl.metadata.ProtoBuf$Annotation$Argument$Value$1  : loaded 2 times (x 87B)
Class kotlin.reflect.jvm.internal.impl.renderer.DescriptorRendererImpl$RenderDeclarationDescriptorVisitor: loaded 2 times (x 87B)
Class org.objectweb.asm.MethodWriter                                                  : loaded 2 times (x 106B)
Class [Lcom.google.common.cache.Weigher;                                              : loaded 2 times (x 69B)
Class com.google.common.collect.RegularImmutableMap$BucketOverflowException           : loaded 2 times (x 82B)
Class kotlin.reflect.jvm.internal.impl.resolve.OverridingUtil$5                       : loaded 2 times (x 75B)
Class org.jetbrains.kotlin.build.report.metrics.GcMetric                              : loaded 2 times (x 71B)
Class org.gradle.internal.classloader.ClassLoaderHierarchy                            : loaded 2 times (x 70B)
Class org.jetbrains.kotlin.build.report.metrics.COMPILE_ITERATION                     : loaded 2 times (x 72B)
Class kotlin.sequences.SequenceBuilderIterator                                        : loaded 2 times (x 85B)
Class org.jetbrains.kotlin.cli.common.CompilerSystemProperties$Companion              : loaded 2 times (x 71B)
Class kotlin.reflect.jvm.ReflectJvmMapping                                            : loaded 2 times (x 71B)
Class kotlin.reflect.jvm.internal.impl.load.java.PropertiesConventionUtilKt           : loaded 2 times (x 71B)
Class kotlin.reflect.jvm.internal.impl.types.TypeProjectionBase                       : loaded 2 times (x 81B)
Class kotlin.reflect.jvm.internal.impl.load.java.typeEnhancement.NullabilityQualifier : loaded 2 times (x 79B)
Class kotlin.ranges.OpenEndRange                                                      : loaded 2 times (x 70B)
Class kotlin.reflect.jvm.internal.impl.metadata.ProtoBuf$Modality                     : loaded 2 times (x 82B)
Class kotlin.reflect.jvm.internal.impl.protobuf.WireFormat                            : loaded 2 times (x 71B)
Class [Lkotlin.reflect.jvm.internal.impl.descriptors.ModuleDescriptor;                : loaded 2 times (x 69B)
Class kotlin.reflect.jvm.internal.impl.metadata.ProtoBuf$TypeParameterOrBuilder       : loaded 2 times (x 70B)
Class kotlin.reflect.jvm.internal.impl.protobuf.ExtensionRegistryLite                 : loaded 2 times (x 73B)
Class kotlin.reflect.jvm.internal.impl.storage.LockBasedStorageManager$LockBasedNotNullLazyValueWithPostCompute: loaded 2 times (x 85B)
Class kotlin.reflect.jvm.internal.impl.resolve.scopes.ResolutionScope                 : loaded 2 times (x 70B)
Class kotlin.reflect.jvm.internal.impl.serialization.deserialization.ClassDataFinder  : loaded 2 times (x 70B)
Class kotlin.reflect.jvm.internal.impl.load.java.lazy.TypeParameterResolver           : loaded 2 times (x 70B)
Class com.google.common.base.CharMatcher$IsEither                                     : loaded 2 times (x 111B)
Class org.jetbrains.kotlin.gradle.plugin.KotlinPlatformType$Companion                 : loaded 2 times (x 71B)
Class kotlin.reflect.jvm.internal.impl.types.TypeConstructorSubstitution              : loaded 2 times (x 78B)
Class kotlin.reflect.jvm.internal.impl.descriptors.impl.DeclarationDescriptorVisitorEmptyBodies: loaded 2 times (x 101B)
Class kotlin.reflect.jvm.internal.impl.descriptors.runtime.structure.ReflectJavaElement: loaded 2 times (x 71B)
Class kotlin.reflect.jvm.internal.impl.storage.SimpleLock                             : loaded 2 times (x 70B)
Class kotlin.reflect.full.KClasses                                                    : loaded 2 times (x 71B)
Class com.google.common.collect.RegularImmutableBiMap                                 : loaded 2 times (x 149B)
Class org.jetbrains.kotlin.gradle.plugin.KotlinBasePlugin                             : loaded 2 times (x 70B)
Class com.google.common.cache.LocalCache$ValueReference                               : loaded 2 times (x 70B)
Class com.google.common.base.CharMatcher$Negated                                      : loaded 2 times (x 113B)
Class com.google.common.base.CharMatcher$Is                                           : loaded 2 times (x 111B)
Class [Lkotlin.reflect.jvm.internal.impl.protobuf.Internal$EnumLite;                  : loaded 2 times (x 69B)
Class kotlin.reflect.jvm.internal.impl.load.kotlin.header.ReadKotlinClassHeaderAnnotationVisitor: loaded 2 times (x 79B)
Class kotlin.reflect.jvm.internal.impl.metadata.ProtoBuf$Visibility$1                 : loaded 2 times (x 74B)
Class kotlin.reflect.jvm.internal.impl.descriptors.TypeParameterUtilsKt               : loaded 2 times (x 71B)
Class kotlin.coroutines.jvm.internal.Boxing                                           : loaded 2 times (x 71B)
Class kotlin.collections.ArrayDeque$Companion                                         : loaded 2 times (x 71B)
Class kotlin.reflect.jvm.internal.JvmFunctionSignature                                : loaded 2 times (x 72B)
Class kotlin.reflect.jvm.internal.impl.metadata.jvm.deserialization.JvmMemberSignature$Method: loaded 2 times (x 75B)
Class kotlin.reflect.jvm.internal.impl.serialization.deserialization.descriptors.DeserializedMemberDescriptor: loaded 2 times (x 70B)
Class [Lkotlin.reflect.jvm.internal.impl.resolve.scopes.ResolutionScope;              : loaded 2 times (x 69B)
Class kotlin.reflect.jvm.internal.impl.protobuf.WireFormat$JavaType                   : loaded 2 times (x 79B)
Class kotlin.reflect.jvm.internal.impl.types.AbstractTypeConstructor                  : loaded 2 times (x 96B)
Class kotlin.reflect.jvm.internal.impl.renderer.RenderingUtilsKt                      : loaded 2 times (x 71B)
Class kotlin.reflect.jvm.internal.impl.renderer.ParameterNameRenderingPolicy          : loaded 2 times (x 79B)
Class kotlin.reflect.jvm.internal.impl.descriptors.FunctionDescriptor                 : loaded 2 times (x 70B)
Class kotlin.reflect.jvm.internal.impl.descriptors.impl.PackageViewDescriptorFactory$Default: loaded 2 times (x 74B)
Class org.jetbrains.kotlin.cli.common.arguments.CommonToolArguments                   : loaded 2 times (x 73B)
Class org.jetbrains.kotlin.com.intellij.openapi.diagnostic.Attachment                 : loaded 2 times (x 72B)
Class [Lorg.jetbrains.org.objectweb.asm.AnnotationVisitor;                            : loaded 2 times (x 69B)
Class com.google.common.base.PatternCompiler                                          : loaded 2 times (x 70B)
Class org.jetbrains.kotlin.gradle.plugin.KotlinAndroidPluginWrapper                   : loaded 2 times (x 86B)
Class com.google.common.util.concurrent.AbstractFuture$Failure                        : loaded 2 times (x 72B)
Class com.google.common.base.Equivalence$Equals                                       : loaded 2 times (x 82B)
Class com.google.common.collect.Hashing                                               : loaded 2 times (x 71B)
Class kotlin.reflect.jvm.internal.impl.resolve.scopes.MemberScope$Companion           : loaded 2 times (x 71B)
Class kotlin.reflect.jvm.internal.CacheByClassKt                                      : loaded 2 times (x 71B)
Class kotlin.reflect.jvm.internal.impl.types.AbstractTypeConstructor$Supertypes       : loaded 2 times (x 72B)
Class kotlin.reflect.jvm.internal.impl.descriptors.ValueParameterDescriptor           : loaded 2 times (x 70B)
Class kotlin.coroutines.EmptyCoroutineContext                                         : loaded 2 times (x 77B)
Class kotlin.reflect.jvm.internal.impl.load.java.BuiltinSpecialPropertiesKt           : loaded 2 times (x 71B)
Class [Lkotlin.reflect.jvm.internal.impl.descriptors.ClassifierDescriptor;            : loaded 2 times (x 69B)
Class kotlin.reflect.jvm.internal.impl.serialization.deserialization.ProtoContainer$Class: loaded 2 times (x 74B)
Class [Lkotlin.reflect.jvm.internal.impl.types.Variance;                              : loaded 2 times (x 69B)
Class kotlin.reflect.jvm.internal.impl.metadata.ProtoBuf$Type$Argument$Projection     : loaded 2 times (x 82B)
Class kotlin.reflect.jvm.internal.impl.metadata.ProtoBuf$Annotation$Argument$Value$Type$1: loaded 2 times (x 74B)
Class kotlin.reflect.jvm.internal.impl.metadata.jvm.JvmProtoBuf$JvmMethodSignature    : loaded 2 times (x 96B)
Class kotlin.reflect.jvm.internal.impl.descriptors.DescriptorVisibilities$1           : loaded 2 times (x 76B)
Class kotlin.reflect.jvm.internal.impl.descriptors.impl.DeclarationDescriptorNonRootImpl: loaded 2 times (x 96B)
Class kotlin.reflect.jvm.internal.impl.utils.WrappedValues$WrappedProcessCanceledException: loaded 2 times (x 82B)
Class com.google.common.base.Joiner$1                                                 : loaded 2 times (x 80B)
Class org.objectweb.asm.Label                                                         : loaded 2 times (x 73B)
Class org.objectweb.asm.CurrentFrame                                                  : loaded 2 times (x 73B)
Class org.objectweb.asm.ClassTooLargeException                                        : loaded 2 times (x 83B)
Class com.google.common.base.CharMatcher                                              : loaded 2 times (x 111B)
Class com.google.common.collect.PeekingIterator                                       : loaded 2 times (x 70B)
Class [Lkotlin.reflect.jvm.internal.impl.types.model.TypeArgumentMarker;              : loaded 2 times (x 69B)
Class kotlin.reflect.jvm.internal.impl.resolve.OverridingUtil$4                       : loaded 2 times (x 74B)
Class org.jetbrains.kotlin.incremental.ClasspathChanges$ClasspathSnapshotEnabled      : loaded 2 times (x 72B)
Class kotlin.reflect.jvm.internal.impl.load.java.descriptors.JavaClassDescriptor      : loaded 2 times (x 70B)
Class kotlin.reflect.jvm.internal.impl.metadata.ProtoBuf$Type$Argument$Projection$1   : loaded 2 times (x 74B)
Class kotlin.reflect.jvm.internal.impl.load.java.lazy.descriptors.JvmPackageScope     : loaded 2 times (x 85B)
Class kotlin.reflect.jvm.internal.impl.serialization.deserialization.AbstractDeserializedPackageFragmentProvider: loaded 2 times (x 85B)
Class kotlin.reflect.jvm.internal.impl.descriptors.Visibilities$Internal              : loaded 2 times (x 75B)
Class kotlin.reflect.jvm.internal.impl.descriptors.DescriptorVisibilities$2           : loaded 2 times (x 76B)
Class kotlin.InitializedLazyImpl                                                      : loaded 2 times (x 76B)
Class kotlin.reflect.jvm.internal.impl.load.kotlin.DeserializedDescriptorResolver     : loaded 2 times (x 72B)
Class kotlin.reflect.jvm.internal.impl.descriptors.impl.ModuleDescriptorImpl          : loaded 2 times (x 97B)
Class kotlin.reflect.jvm.internal.impl.types.model.KotlinTypeMarker                   : loaded 2 times (x 70B)
Class org.jetbrains.org.objectweb.asm.RecordComponentWriter                           : loaded 2 times (x 78B)
Class com.google.common.collect.RangeGwtSerializationDependencies                     : loaded 2 times (x 71B)
Class com.google.common.base.Joiner$2                                                 : loaded 2 times (x 79B)
Class org.objectweb.asm.Frame                                                         : loaded 2 times (x 73B)
Class org.objectweb.asm.MethodVisitor                                                 : loaded 2 times (x 105B)
Class com.google.common.cache.LocalCache$EntryFactory$1                               : loaded 2 times (x 83B)
Class [Lcom.google.common.cache.RemovalListener;                                      : loaded 2 times (x 69B)
Class com.google.common.base.CharMatcher$1                                            : loaded 2 times (x 113B)
Class com.google.common.base.CharMatcher$NamedFastMatcher                             : loaded 2 times (x 112B)
Class kotlin.reflect.jvm.internal.impl.load.java.SpecialGenericSignatures             : loaded 2 times (x 71B)
Class kotlin.reflect.jvm.internal.impl.load.java.DescriptorsJvmAbiUtil                : loaded 2 times (x 71B)
Class kotlin.reflect.jvm.internal.CachesKt                                            : loaded 2 times (x 71B)
Class kotlin.text.LinesIterator                                                       : loaded 2 times (x 79B)
Class org.jetbrains.kotlin.build.report.metrics.CLASSPATH_SNAPSHOT_SIZE               : loaded 2 times (x 72B)
Class kotlin.reflect.jvm.internal.impl.descriptors.TypeParameterDescriptor            : loaded 2 times (x 70B)
Class kotlin.reflect.jvm.internal.impl.descriptors.runtime.structure.ReflectJavaClass$methods$2: loaded 2 times (x 129B)
Class kotlin.reflect.jvm.internal.impl.metadata.deserialization.NameResolverImpl$WhenMappings: loaded 2 times (x 71B)
Class kotlin.reflect.jvm.internal.impl.serialization.deserialization.DeserializedPackageFragment: loaded 2 times (x 108B)
Class kotlin.reflect.jvm.internal.impl.load.java.lazy.descriptors.LazyJavaPackageFragment: loaded 2 times (x 105B)
Class kotlin.reflect.jvm.internal.impl.metadata.ProtoBuf$ContractOrBuilder            : loaded 2 times (x 70B)
Class kotlin.reflect.jvm.internal.impl.protobuf.GeneratedMessageLite$ExtendableMessageOrBuilder: loaded 2 times (x 70B)
Class kotlin.reflect.jvm.internal.impl.descriptors.DescriptorVisibilities$3           : loaded 2 times (x 76B)
Class [Lkotlin.reflect.jvm.internal.impl.renderer.RenderingFormat;                    : loaded 2 times (x 69B)
Class kotlin.reflect.jvm.internal.impl.storage.LockBasedStorageManager$1              : loaded 2 times (x 95B)
Class org.jetbrains.org.objectweb.asm.MethodWriter                                    : loaded 2 times (x 106B)
Class com.google.common.collect.RangeSet                                              : loaded 2 times (x 70B)
Class com.google.common.cache.LocalCache$EntryFactory$2                               : loaded 2 times (x 83B)
Class org.gradle.internal.classloader.FilteringClassLoader                            : loaded 2 times (x 105B)
Class com.google.common.collect.RegularImmutableMap$KeySet                            : loaded 2 times (x 152B)
Class com.google.common.base.Equivalence$Identity                                     : loaded 2 times (x 82B)
Class com.google.common.base.PairwiseEquivalence                                      : loaded 2 times (x 83B)
Class org.jetbrains.kotlin.incremental.ClasspathSnapshotFiles                         : loaded 2 times (x 72B)
Class kotlin.reflect.jvm.internal.UtilKt                                              : loaded 2 times (x 71B)
Class kotlin.reflect.jvm.internal.impl.load.java.BuiltinMethodsWithSpecialGenericSignature: loaded 2 times (x 71B)
Class kotlin.reflect.jvm.internal.impl.serialization.deserialization.descriptors.DeserializedSimpleFunctionDescriptor: loaded 2 times (x 211B)
Class kotlin.reflect.jvm.internal.impl.descriptors.impl.AbstractTypeParameterDescriptor$1: loaded 2 times (x 77B)
Class kotlin.reflect.jvm.internal.impl.serialization.deserialization.builtins.BuiltInsPackageFragmentImpl$Companion: loaded 2 times (x 71B)
Class kotlin.reflect.jvm.internal.impl.metadata.deserialization.VersionRequirementTable$Companion: loaded 2 times (x 71B)
Class kotlin.reflect.jvm.internal.impl.protobuf.SmallSortedMap$Entry                  : loaded 2 times (x 88B)
Class kotlin.reflect.jvm.internal.impl.resolve.jvm.JvmClassName                       : loaded 2 times (x 75B)
Class kotlin.reflect.jvm.internal.impl.metadata.ProtoBuf$Package$1                    : loaded 2 times (x 87B)
Class kotlin.reflect.jvm.internal.impl.descriptors.DescriptorVisibilities$4           : loaded 2 times (x 76B)
Class [Lkotlin.reflect.jvm.internal.impl.descriptors.CallableMemberDescriptor$Kind;   : loaded 2 times (x 69B)
Class kotlin.reflect.jvm.internal.impl.types.checker.KotlinTypeRefinerKt              : loaded 2 times (x 71B)
Class kotlin.reflect.jvm.internal.impl.descriptors.ClassDescriptor                    : loaded 2 times (x 70B)
Class kotlin.reflect.KMutableProperty$Setter                                          : loaded 2 times (x 70B)
Class kotlin.reflect.jvm.internal.impl.load.kotlin.PackagePartProvider                : loaded 2 times (x 70B)
Class kotlin.TypeCastException                                                        : loaded 2 times (x 82B)
Class org.jetbrains.kotlin.build.report.metrics.BuildTimeMetric                       : loaded 2 times (x 72B)
Class com.google.common.collect.CollectCollectors                                     : loaded 2 times (x 71B)
Class org.objectweb.asm.ModuleWriter                                                  : loaded 2 times (x 82B)
Class com.google.common.cache.LocalCache$EntryFactory$3                               : loaded 2 times (x 83B)
Class com.google.common.base.Ticker$1                                                 : loaded 2 times (x 72B)
Class com.google.common.collect.ImmutableMapEntrySet$RegularEntrySet                  : loaded 2 times (x 152B)
Class com.google.common.collect.SetMultimap                                           : loaded 2 times (x 70B)
Class org.jetbrains.kotlin.build.report.metrics.IC_CALCULATE_INITIAL_DIRTY_SET        : loaded 2 times (x 72B)
Class org.jetbrains.kotlin.cli.common.messages.MessageRenderer                        : loaded 2 times (x 70B)
Class kotlin.reflect.jvm.internal.calls.CallerImpl                                    : loaded 2 times (x 81B)
Class org.jetbrains.kotlin.cli.common.arguments.ManualLanguageFeatureSetting          : loaded 2 times (x 72B)
Class kotlin.reflect.jvm.internal.impl.descriptors.impl.AbstractTypeParameterDescriptor$2: loaded 2 times (x 77B)
Class kotlin.reflect.jvm.internal.impl.serialization.deserialization.descriptors.DeserializedTypeParameterDescriptor: loaded 2 times (x 124B)
Class kotlin.reflect.jvm.internal.impl.types.FlexibleType                             : loaded 2 times (x 89B)
Class [Lkotlin.reflect.jvm.internal.impl.metadata.ProtoBuf$QualifiedNameTable$QualifiedName$Kind;: loaded 2 times (x 69B)
Class kotlin.reflect.jvm.internal.impl.serialization.deserialization.descriptors.DeserializedMemberScope: loaded 2 times (x 102B)
Class [Lkotlin.reflect.jvm.internal.impl.metadata.ProtoBuf$Class$Kind;                : loaded 2 times (x 69B)
Class kotlin.reflect.jvm.internal.impl.resolve.scopes.AbstractScopeAdapter            : loaded 2 times (x 93B)
Class kotlin.reflect.jvm.internal.impl.metadata.builtins.BuiltInsProtoBuf             : loaded 2 times (x 71B)
Class kotlin.reflect.jvm.internal.impl.metadata.jvm.JvmProtoBuf$JvmPropertySignature  : loaded 2 times (x 96B)
Class kotlin.reflect.jvm.internal.impl.metadata.ProtoBuf$FunctionOrBuilder            : loaded 2 times (x 70B)
Class kotlin.reflect.jvm.internal.impl.descriptors.DescriptorVisibilities$5           : loaded 2 times (x 76B)
Class kotlin.reflect.jvm.internal.impl.descriptors.Visibilities$PrivateToThis         : loaded 2 times (x 75B)
Class kotlin.reflect.jvm.internal.impl.builtins.ReflectionTypes$ClassLookup           : loaded 2 times (x 71B)
Class kotlin.reflect.jvm.internal.impl.descriptors.SupertypeLoopChecker               : loaded 2 times (x 70B)
Class kotlin.reflect.jvm.internal.impl.resolve.sam.SamConversionResolverImpl          : loaded 2 times (x 72B)
Class [Lkotlin.jvm.functions.Function1;                                               : loaded 2 times (x 69B)
Class org.jetbrains.org.objectweb.asm.RecordComponentVisitor                          : loaded 2 times (x 77B)
Class com.google.common.collect.ImmutableSet$Builder                                  : loaded 2 times (x 85B)
Class com.google.common.cache.LocalCache$EntryFactory$4                               : loaded 2 times (x 83B)
Class com.google.common.base.CharMatcher$InRange                                      : loaded 2 times (x 111B)
Class kotlin.reflect.jvm.internal.impl.metadata.ProtoBuf$Property$1                   : loaded 2 times (x 87B)
Class kotlin.reflect.jvm.internal.impl.protobuf.UnmodifiableLazyStringList            : loaded 2 times (x 258B)
Class kotlin.reflect.jvm.internal.impl.storage.LockBasedStorageManager$4              : loaded 2 times (x 84B)
Class kotlin.reflect.jvm.internal.impl.descriptors.DescriptorVisibilities$6           : loaded 2 times (x 76B)
Class kotlin.reflect.jvm.internal.impl.descriptors.DeclarationDescriptorVisitor       : loaded 2 times (x 70B)
Class kotlin.reflect.jvm.internal.impl.renderer.DescriptorRenderer$ValueParametersHandler$DEFAULT: loaded 2 times (x 77B)
Class kotlin.reflect.jvm.internal.impl.load.java.components.JavaResolverCache$1       : loaded 2 times (x 78B)
Class kotlin.reflect.jvm.internal.impl.storage.CacheWithNotNullValues                 : loaded 2 times (x 70B)
Class org.jetbrains.org.objectweb.asm.MethodTooLargeException                         : loaded 2 times (x 83B)
Class org.jetbrains.org.objectweb.asm.Context                                         : loaded 2 times (x 72B)
Class [Lorg.jetbrains.kotlin.gradle.plugin.KotlinPlatformType;                        : loaded 2 times (x 69B)
Class com.google.common.cache.LocalCache$EntryFactory$5                               : loaded 2 times (x 83B)
Class kotlin.reflect.jvm.internal.impl.protobuf.FieldSet$1                            : loaded 2 times (x 71B)
Class kotlin.reflect.jvm.internal.impl.serialization.deserialization.descriptors.DeserializedClassDescriptor$DeserializedClassMemberScope: loaded 2 times (x 102B)
Class com.google.common.collect.HashMultimap                                          : loaded 2 times (x 174B)
Class kotlin.time.Duration                                                            : loaded 2 times (x 74B)
Class org.jetbrains.kotlin.build.report.metrics.COMPILATION_ROUND                     : loaded 2 times (x 72B)
Class kotlin.reflect.jvm.internal.impl.types.TypeSystemCommonBackendContext           : loaded 2 times (x 70B)
Class kotlin.reflect.jvm.internal.impl.load.java.typeEnhancement.MutabilityQualifier  : loaded 2 times (x 79B)
Class kotlin.reflect.jvm.internal.impl.descriptors.runtime.structure.ReflectJavaAnnotationOwner: loaded 2 times (x 70B)
Class kotlin.reflect.jvm.internal.impl.protobuf.UninitializedMessageException         : loaded 2 times (x 83B)
Class kotlin.reflect.jvm.internal.impl.serialization.deserialization.builtins.BuiltInSerializerProtocol: loaded 2 times (x 72B)
Class kotlin.reflect.jvm.internal.impl.metadata.ProtoBuf$TypeOrBuilder                : loaded 2 times (x 70B)
Class kotlin.reflect.jvm.internal.impl.descriptors.Visibilities$InvisibleFake         : loaded 2 times (x 75B)
Class kotlin.reflect.jvm.internal.impl.descriptors.DescriptorVisibilities$7           : loaded 2 times (x 76B)
Class kotlin.reflect.jvm.internal.impl.storage.LockBasedStorageManager$5              : loaded 2 times (x 85B)
Class kotlin.reflect.jvm.internal.impl.builtins.jvm.JavaToKotlinClassMapper           : loaded 2 times (x 71B)
Class kotlin.reflect.jvm.internal.impl.load.java.components.JavaPropertyInitializerEvaluator: loaded 2 times (x 70B)
Class kotlin.reflect.jvm.internal.impl.load.java.JavaNullabilityAnnotationSettingsKt  : loaded 2 times (x 71B)
Class kotlin.reflect.jvm.internal.impl.load.java.lazy.SingleModuleClassResolver       : loaded 2 times (x 75B)
Class kotlin.reflect.jvm.internal.impl.descriptors.impl.PackageViewDescriptorFactory$Companion: loaded 2 times (x 71B)
Class org.jetbrains.org.objectweb.asm.CurrentFrame                                    : loaded 2 times (x 73B)
Class org.apache.commons.io.output.AppendableWriter                                   : loaded 2 times (x 100B)
Class com.google.common.cache.LocalCache$EntryFactory$6                               : loaded 2 times (x 83B)
Class org.gradle.internal.installation.CurrentGradleInstallationLocator               : loaded 2 times (x 71B)
Class kotlin.reflect.jvm.internal.impl.resolve.scopes.DescriptorKindFilter$Companion  : loaded 2 times (x 71B)
Class kotlin.coroutines.jvm.internal.SpillingKt                                       : loaded 2 times (x 71B)
Class org.jetbrains.kotlin.cli.common.messages.CompilerMessageSeverity$Companion      : loaded 2 times (x 71B)
Class kotlin.reflect.jvm.internal.impl.load.java.typeEnhancement.JavaTypeEnhancement$Result: loaded 2 times (x 72B)
Class [Lkotlin.reflect.jvm.internal.impl.load.java.structure.LightClassOriginKind;    : loaded 2 times (x 69B)
Class kotlin.reflect.jvm.internal.impl.metadata.ProtoBuf$MemberKind$1                 : loaded 2 times (x 74B)
Class kotlin.reflect.jvm.internal.impl.serialization.deserialization.ClassData        : loaded 2 times (x 72B)
Class kotlin.reflect.jvm.internal.impl.builtins.jvm.JvmBuiltInsPackageFragmentProvider$Companion: loaded 2 times (x 71B)
Class kotlin.reflect.jvm.internal.impl.descriptors.DescriptorVisibilities$8           : loaded 2 times (x 76B)
Class kotlin.reflect.jvm.internal.impl.types.TypeUtils$SpecialType                    : loaded 2 times (x 93B)
Class [Lkotlin.reflect.jvm.internal.impl.descriptors.Modality;                        : loaded 2 times (x 69B)
Class kotlin.reflect.jvm.internal.impl.serialization.deserialization.LocalClassifierTypeSettings$Default: loaded 2 times (x 74B)
Class kotlin.reflect.jvm.internal.impl.descriptors.PropertyAccessorDescriptor         : loaded 2 times (x 70B)
Class kotlin.reflect.jvm.internal.impl.resolve.OverridingUtil                         : loaded 2 times (x 76B)
Class kotlin.reflect.jvm.internal.impl.types.checker.KotlinTypePreparator             : loaded 2 times (x 73B)
Class kotlin.reflect.jvm.internal.impl.load.java.lazy.JavaResolverSettings            : loaded 2 times (x 70B)
Class kotlin.reflect.jvm.internal.impl.descriptors.NotFoundClasses                    : loaded 2 times (x 72B)
Class kotlin.reflect.jvm.internal.impl.types.SimpleType                               : loaded 2 times (x 88B)
Class org.objectweb.asm.ClassReader                                                   : loaded 2 times (x 94B)
Class org.apache.commons.io.output.ThresholdingOutputStream                           : loaded 2 times (x 95B)
Class com.google.common.collect.Maps$KeySet                                           : loaded 2 times (x 137B)
Class org.jetbrains.kotlin.gradle.plugin.AbstractKotlinJsPluginWrapper                : loaded 2 times (x 86B)
Class com.google.common.collect.ImmutableSet$EmptySetBuilderImpl                      : loaded 2 times (x 76B)
Class com.google.common.cache.LocalCache$EntryFactory$7                               : loaded 2 times (x 83B)
Class com.google.common.collect.ImmutableList                                         : loaded 2 times (x 206B)
Class settings_bmpq4efggm6dhxantkqaf24d2$_run_closure1                                : loaded 2 times (x 139B)
Class org.gradle.internal.service.DefaultServiceLocator                               : loaded 2 times (x 83B)
Class kotlin.reflect.jvm.internal.impl.metadata.ProtoBuf$PackageFragment              : loaded 2 times (x 102B)
Class kotlin.sequences.DropTakeSequence                                               : loaded 2 times (x 70B)
Class kotlin.sequences.FlatteningSequence                                             : loaded 2 times (x 75B)
Class org.jetbrains.kotlin.build.report.metrics.CLASSPATH_ENTRY_COUNT                 : loaded 2 times (x 72B)
Class kotlin.coroutines.jvm.internal.SuspendFunction                                  : loaded 2 times (x 70B)
Class org.jetbrains.kotlin.util.capitalizeDecapitalize.CapitalizeDecapitalizeKt       : loaded 2 times (x 71B)
Class [Lkotlin.reflect.jvm.internal.impl.types.TypeProjection;                        : loaded 2 times (x 69B)
Class kotlin.reflect.jvm.internal.impl.descriptors.runtime.structure.ReflectJavaClass$fields$1: loaded 2 times (x 129B)
Class kotlin.reflect.jvm.internal.impl.descriptors.NotFoundClasses$MockClassDescriptor: loaded 2 times (x 175B)
Class kotlin.reflect.jvm.internal.impl.load.java.lazy.descriptors.LazyJavaPackageScope$KotlinClassLookupResult: loaded 2 times (x 71B)
Class kotlin.reflect.jvm.internal.impl.types.Variance                                 : loaded 2 times (x 80B)
Class kotlin.reflect.jvm.internal.impl.metadata.ProtoBuf$Class                        : loaded 2 times (x 102B)
Class kotlin.reflect.jvm.internal.impl.descriptors.DescriptorVisibilities$9           : loaded 2 times (x 76B)
Class kotlin.reflect.jvm.internal.impl.descriptors.ClassKind                          : loaded 2 times (x 79B)
Class kotlin.properties.ObservableProperty                                            : loaded 2 times (x 83B)
Class kotlin.reflect.jvm.internal.impl.serialization.deserialization.ContractDeserializer$Companion: loaded 2 times (x 71B)
Class kotlin.reflect.jvm.internal.impl.resolve.constants.UIntValue                    : loaded 2 times (x 74B)
Class [Lkotlin.reflect.jvm.internal.impl.load.java.lazy.types.JavaTypeFlexibility;    : loaded 2 times (x 69B)
Class kotlin.reflect.jvm.internal.impl.load.java.Jsr305Settings                       : loaded 2 times (x 72B)
Class org.jetbrains.org.objectweb.asm.SymbolTable                                     : loaded 2 times (x 72B)
Class com.google.common.cache.LocalCache$EntryFactory$8                               : loaded 2 times (x 83B)
Class com.google.common.collect.ImmutableSet$SetBuilderImpl                           : loaded 2 times (x 76B)
Class org.gradle.internal.installation.CurrentGradleInstallation                      : loaded 2 times (x 73B)
Class kotlin.reflect.jvm.internal.impl.load.java.components.DescriptorResolverUtils   : loaded 2 times (x 71B)
Class kotlin.jvm.internal.StringCompanionObject                                       : loaded 2 times (x 71B)
Class kotlin.jvm.internal.Ref$BooleanRef                                              : loaded 2 times (x 71B)
Class kotlin.coroutines.intrinsics.IntrinsicsKt__IntrinsicsJvmKt                      : loaded 2 times (x 71B)
Class kotlin.coroutines.jvm.internal.CoroutineStackFrame                              : loaded 2 times (x 70B)
Class kotlin.reflect.jvm.internal.calls.CallerKt                                      : loaded 2 times (x 71B)
Class kotlin.reflect.jvm.internal.impl.types.model.TypeSystemOptimizationContext      : loaded 2 times (x 70B)
Class kotlin.reflect.jvm.internal.impl.types.model.DefinitelyNotNullTypeMarker        : loaded 2 times (x 70B)
Class [Lkotlin.reflect.jvm.internal.impl.load.java.typeEnhancement.JavaTypeQualifiers;: loaded 2 times (x 69B)
Class kotlin.reflect.jvm.internal.impl.descriptors.runtime.structure.ReflectJavaClass$fields$2: loaded 2 times (x 129B)
Class kotlin.reflect.jvm.internal.impl.metadata.ProtoBuf$StringTable                  : loaded 2 times (x 96B)
Class kotlin.reflect.jvm.internal.impl.serialization.deserialization.descriptors.DeserializedMemberScope$OptimizedImplementation: loaded 2 times (x 81B)
Class kotlin.reflect.jvm.internal.impl.metadata.jvm.JvmProtoBuf$JvmPropertySignature$1: loaded 2 times (x 87B)
Class kotlin.reflect.jvm.internal.impl.storage.LockBasedStorageManager$LockBasedLazyValueWithPostCompute: loaded 2 times (x 82B)
Class kotlin.reflect.jvm.internal.impl.types.TypeConstructor                          : loaded 2 times (x 70B)
Class kotlin.reflect.jvm.internal.impl.resolve.constants.IntValue                     : loaded 2 times (x 74B)
Class kotlin.reflect.jvm.internal.impl.descriptors.MemberDescriptor                   : loaded 2 times (x 70B)
Class org.jetbrains.org.objectweb.asm.ModuleWriter                                    : loaded 2 times (x 82B)
Class org.objectweb.asm.Opcodes                                                       : loaded 2 times (x 70B)
Class com.google.common.cache.CacheLoader$1                                           : loaded 2 times (x 75B)
Class com.google.common.collect.ImmutableList$SubList                                 : loaded 2 times (x 209B)
Class org.gradle.util.internal.GUtil                                                  : loaded 2 times (x 71B)
Class kotlin.reflect.jvm.internal.impl.resolve.OverridingUtil$3                       : loaded 2 times (x 75B)
Class kotlin.reflect.jvm.internal.JvmPropertySignature                                : loaded 2 times (x 72B)
Class kotlin.text.MatcherMatchResult                                                  : loaded 2 times (x 80B)
Class org.jetbrains.kotlin.build.report.metrics.CODE_GENERATION                       : loaded 2 times (x 72B)
Class org.jetbrains.kotlin.build.report.metrics.CODE_ANALYSIS                         : loaded 2 times (x 72B)
Class kotlin.reflect.jvm.internal.impl.metadata.deserialization.ProtoBufUtilKt        : loaded 2 times (x 71B)
Class kotlin.reflect.jvm.internal.impl.builtins.jvm.CloneableClassScope$Companion     : loaded 2 times (x 71B)
Class kotlin.reflect.jvm.internal.impl.metadata.jvm.JvmProtoBuf$StringTableTypesOrBuilder: loaded 2 times (x 70B)
Class kotlin.reflect.jvm.internal.impl.descriptors.runtime.components.ReflectClassStructure: loaded 2 times (x 71B)
Class kotlin.reflect.jvm.internal.impl.incremental.components.NoLookupLocation        : loaded 2 times (x 82B)
Class kotlin.reflect.jvm.internal.impl.resolve.DescriptorUtils                        : loaded 2 times (x 71B)
Class kotlin.reflect.jvm.internal.impl.load.java.JavaIncompatibilityRulesOverridabilityCondition$Companion: loaded 2 times (x 71B)
Class kotlin.reflect.jvm.internal.impl.load.java.JavaIncompatibilityRulesOverridabilityCondition: loaded 2 times (x 75B)
Class kotlin.reflect.jvm.internal.impl.types.checker.NewKotlinTypeCheckerImpl         : loaded 2 times (x 80B)
Class [Lkotlin.reflect.jvm.internal.impl.builtins.jvm.JvmBuiltIns$Kind;               : loaded 2 times (x 69B)
Class [Lorg.jetbrains.org.objectweb.asm.Label;                                        : loaded 2 times (x 69B)
Class com.google.common.cache.AbstractCache$StatsCounter                              : loaded 2 times (x 70B)
Class build_5rwq4r623auwaeu7mfkj97m6v$_run_closure1                                   : loaded 2 times (x 139B)
Class kotlin.text.MatchGroupCollection                                                : loaded 2 times (x 70B)
Class org.jetbrains.kotlin.build.report.metrics.IR_LOWERING                           : loaded 2 times (x 72B)
Class kotlin.time.DurationUnitKt                                                      : loaded 2 times (x 71B)
Class kotlin.coroutines.jvm.internal.DebugProbesKt                                    : loaded 2 times (x 71B)
Class org.jetbrains.kotlin.com.intellij.openapi.diagnostic.ExceptionWithAttachments   : loaded 2 times (x 70B)
Class kotlin.coroutines.CoroutineContext                                              : loaded 2 times (x 70B)
Class kotlin.reflect.jvm.internal.impl.load.java.SpecialGenericSignatures$Companion   : loaded 2 times (x 71B)
Class kotlin.reflect.jvm.internal.impl.types.TypeConstructorSubstitution$Companion$createByConstructorsMap$1: loaded 2 times (x 79B)
Class kotlin.reflect.jvm.internal.impl.load.java.typeEnhancement.TypeComponentPositionKt: loaded 2 times (x 71B)
Class kotlin.ranges.IntProgressionIterator                                            : loaded 2 times (x 82B)
Class kotlin.reflect.jvm.internal.impl.load.java.lazy.descriptors.LazyJavaClassDescriptor$LazyJavaClassTypeConstructor: loaded 2 times (x 97B)
Class [Lkotlin.reflect.jvm.internal.impl.descriptors.PackageFragmentProvider;         : loaded 2 times (x 69B)
Class kotlin.reflect.jvm.internal.impl.types.AbstractTypePreparator                   : loaded 2 times (x 72B)
Class kotlin.reflect.jvm.internal.impl.metadata.deserialization.BinaryVersion$Companion: loaded 2 times (x 71B)
Class kotlin.reflect.jvm.internal.impl.storage.MemoizedFunctionToNullable             : loaded 2 times (x 70B)
Class kotlin.reflect.jvm.internal.impl.load.java.sources.JavaSourceElementFactory     : loaded 2 times (x 70B)
Class org.objectweb.asm.Context                                                       : loaded 2 times (x 72B)
Class com.google.common.collect.Iterators$MergingIterator                             : loaded 2 times (x 81B)
Class com.google.common.collect.RegularImmutableSet                                   : loaded 2 times (x 149B)
Class org.gradle.internal.installation.GradleInstallation                             : loaded 2 times (x 75B)
Class kotlin.reflect.jvm.internal.impl.builtins.PrimitiveType$$Lambda$0               : loaded 2 times (x 76B)
Class kotlin.reflect.jvm.internal.impl.types.SpecialTypesKt                           : loaded 2 times (x 71B)
Class kotlin.reflect.jvm.internal.JvmPropertySignature$KotlinProperty                 : loaded 2 times (x 73B)
Class kotlin.reflect.jvm.internal.impl.load.java.components.DescriptorResolverUtils$1$1: loaded 2 times (x 77B)
Class kotlin.reflect.jvm.internal.impl.utils.SmartSet                                 : loaded 2 times (x 136B)
Class kotlin.reflect.jvm.internal.impl.protobuf.GeneratedMessageLite$1                : loaded 2 times (x 71B)
Class kotlin.reflect.jvm.internal.impl.serialization.deserialization.DeserializedClassDataFinder: loaded 2 times (x 75B)
Class kotlin.reflect.jvm.internal.impl.metadata.ProtoBuf$ClassOrBuilder               : loaded 2 times (x 70B)
Class kotlin.reflect.jvm.internal.impl.metadata.ProtoBuf$ValueParameter               : loaded 2 times (x 102B)
Class kotlin.reflect.jvm.internal.impl.protobuf.SmallSortedMap$EmptySet               : loaded 2 times (x 71B)
Class kotlin.reflect.jvm.internal.impl.resolve.OverridingUtil$1                       : loaded 2 times (x 74B)
Class kotlin.reflect.jvm.internal.impl.load.java.lazy.JavaResolverSettings$Default    : loaded 2 times (x 76B)
Class kotlin.reflect.jvm.internal.impl.descriptors.ClassifierDescriptor               : loaded 2 times (x 70B)
Class com.google.common.collect.Iterables                                             : loaded 2 times (x 71B)
Class kotlin.reflect.jvm.internal.impl.builtins.PrimitiveType$$Lambda$1               : loaded 2 times (x 76B)
Class kotlin.coroutines.jvm.internal.CompletedContinuation                            : loaded 2 times (x 75B)
Class kotlin.reflect.jvm.internal.impl.descriptors.FunctionDescriptor$CopyBuilder     : loaded 2 times (x 70B)
Class org.jetbrains.kotlin.incremental.FileUtilsKt                                    : loaded 2 times (x 71B)
Class kotlin.reflect.jvm.internal.impl.resolve.scopes.GivenFunctionsMemberScope       : loaded 2 times (x 94B)
Class kotlin.reflect.jvm.internal.impl.descriptors.impl.ValueParameterDescriptorImpl$Companion: loaded 2 times (x 71B)
Class kotlin.reflect.jvm.internal.impl.load.java.typeEnhancement.JavaTypeEnhancement$SimpleResult: loaded 2 times (x 72B)
Class kotlin.reflect.jvm.internal.impl.types.model.IntersectionTypeConstructorMarker  : loaded 2 times (x 70B)
Class kotlin.reflect.jvm.internal.impl.load.java.structure.JavaType                   : loaded 2 times (x 70B)
Class kotlin.ranges.IntProgression                                                    : loaded 2 times (x 81B)
Class kotlin.reflect.jvm.internal.impl.protobuf.AbstractMessageLite$Builder           : loaded 2 times (x 85B)
Class kotlin.reflect.jvm.internal.impl.resolve.scopes.ChainedMemberScope              : loaded 2 times (x 85B)
Class kotlin.reflect.jvm.internal.impl.load.kotlin.DeserializationComponentsForJava$Companion$ModuleData: loaded 2 times (x 72B)
Class kotlin.reflect.jvm.internal.impl.metadata.ProtoBuf$Class$1                      : loaded 2 times (x 87B)
Class kotlin.reflect.jvm.internal.impl.metadata.jvm.JvmProtoBuf$JvmMethodSignature$1  : loaded 2 times (x 87B)
Class kotlin.reflect.jvm.internal.impl.metadata.jvm.deserialization.JvmProtoBufUtil   : loaded 2 times (x 71B)
Class kotlin.reflect.jvm.internal.impl.descriptors.impl.AbstractClassDescriptor$1$1   : loaded 2 times (x 77B)
Class org.jetbrains.kotlin.com.intellij.openapi.diagnostic.DefaultLogger              : loaded 2 times (x 100B)

---------------  S Y S T E M  ---------------

OS:
 Windows 11 , 64 bit Build 22621 (10.0.22621.6931)
OS uptime: 0 days 0:47 hours
Hyper-V role detected

CPU: total 18 (initial active 18) (9 cores per cpu, 2 threads per core) family 6 model 170 stepping 4 microcode 0x1c, cx8, cmov, fxsr, ht, mmx, 3dnowpref, sse, sse2, sse3, ssse3, sse4.1, sse4.2, popcnt, lzcnt, tsc, tscinvbit, avx, avx2, aes, erms, clmul, bmi1, bmi2, adx, sha, fma, vzeroupper, clflush, clflushopt, clwb, hv, serialize, rdtscp, rdpid, fsrm, f16c, cet_ibt, cet_ss
Processor Information for processor 0
  Max Mhz: 1200, Current Mhz: 1200, Mhz Limit: 1200
Processor Information for processor 1
  Max Mhz: 1200, Current Mhz: 1200, Mhz Limit: 1200
Processor Information for processor 2
  Max Mhz: 3600, Current Mhz: 700, Mhz Limit: 684
Processor Information for processor 3
  Max Mhz: 3600, Current Mhz: 700, Mhz Limit: 684
Processor Information for processor 4
  Max Mhz: 3600, Current Mhz: 700, Mhz Limit: 684
Processor Information for processor 5
  Max Mhz: 3600, Current Mhz: 700, Mhz Limit: 684
Processor Information for processor 6
  Max Mhz: 3600, Current Mhz: 700, Mhz Limit: 684
Processor Information for processor 7
  Max Mhz: 3600, Current Mhz: 700, Mhz Limit: 684
Processor Information for processor 8
  Max Mhz: 3600, Current Mhz: 700, Mhz Limit: 684
Processor Information for processor 9
  Max Mhz: 3600, Current Mhz: 700, Mhz Limit: 684
Processor Information for processor 10
  Max Mhz: 1200, Current Mhz: 1200, Mhz Limit: 1200
Processor Information for processor 11
  Max Mhz: 1200, Current Mhz: 1200, Mhz Limit: 1200
Processor Information for processor 12
  Max Mhz: 1200, Current Mhz: 1200, Mhz Limit: 1200
Processor Information for processor 13
  Max Mhz: 1200, Current Mhz: 1200, Mhz Limit: 1200
Processor Information for processor 14
  Max Mhz: 1200, Current Mhz: 1200, Mhz Limit: 1200
Processor Information for processor 15
  Max Mhz: 1200, Current Mhz: 1200, Mhz Limit: 1200
Processor Information for processor 16
  Max Mhz: 2500, Current Mhz: 700, Mhz Limit: 700
Processor Information for processor 17
  Max Mhz: 2500, Current Mhz: 700, Mhz Limit: 700

Memory: 4k page, system-wide physical 15743M (2774M free)
TotalPageFile size 15743M (AvailPageFile size 3M)
current process WorkingSet (physical memory assigned to process): 1157M, peak: 1225M
current process commit charge ("private bytes"): 1320M, peak: 1320M

vm_info: OpenJDK 64-Bit Server VM (21.0.10+-14961533-b1163.108) for windows-amd64 JRE (21.0.10+-14961533-b1163.108), built on 2026-03-02T19:58:50Z by "builder" with MS VC++ 16.10 / 16.11 (VS2019)

END.
