#
# There is insufficient memory for the Java Runtime Environment to continue.
# Native memory allocation (malloc) failed to allocate 1749936 bytes. Error detail: Chunk::new
# Possible reasons:
#   The system is out of physical RAM or swap space
#   This process is running with CompressedOops enabled, and the Java Heap may be blocking the growth of the native heap
# Possible solutions:
#   Reduce memory load on the system
#   Increase physical memory or swap space
#   Check if swap backing store is full
#   Decrease Java heap size (-Xmx/-Xms)
#   Decrease number of Java threads
#   Decrease Java thread stack sizes (-Xss)
#   Set larger code cache with -XX:ReservedCodeCacheSize=
#   JVM is running with Unscaled Compressed Oops mode in which the Java heap is
#     placed in the first 4GB address space. The Java Heap base address is the
#     maximum limit for the native heap growth. Please use -XX:HeapBaseMinAddress
#     to set the Java Heap base and to place the Java Heap above 4GB virtual address.
# This output file may be truncated or incomplete.
#
#  Out of Memory Error (arena.cpp:168), pid=5692, tid=13464
#
# JRE version: OpenJDK Runtime Environment (21.0.10) (build 21.0.10+-14961533-b1163.108)
# Java VM: OpenJDK 64-Bit Server VM (21.0.10+-14961533-b1163.108, mixed mode, tiered, compressed oops, compressed class ptrs, g1 gc, windows-amd64)
# No core dump will be written. Minidumps are not enabled by default on client versions of Windows
#

---------------  S U M M A R Y ------------

Command Line: --add-opens=java.base/java.lang=ALL-UNNAMED --add-opens=java.base/java.lang.invoke=ALL-UNNAMED --add-opens=java.base/java.util=ALL-UNNAMED --add-opens=java.prefs/java.util.prefs=ALL-UNNAMED --add-exports=jdk.compiler/com.sun.tools.javac.api=ALL-UNNAMED --add-exports=jdk.compiler/com.sun.tools.javac.util=ALL-UNNAMED --add-opens=java.base/java.nio.charset=ALL-UNNAMED --add-opens=java.base/java.net=ALL-UNNAMED --add-opens=java.base/java.util.concurrent=ALL-UNNAMED --add-opens=java.base/java.util.concurrent.atomic=ALL-UNNAMED --add-opens=java.xml/javax.xml.namespace=ALL-UNNAMED --add-opens=java.base/java.time=ALL-UNNAMED -XX:MaxMetaspaceSize=512m -XX:ReservedCodeCacheSize=128m -Xmx1536M -Dfile.encoding=UTF-8 -Duser.country=JP -Duser.language=ja -Duser.variant -javaagent:C:\Users\owner\.gradle\wrapper\dists\gradle-9.5.1-all\3mo7ofu40rhxhyro6vr9xd6jp\gradle-9.5.1\lib\agents\gradle-instrumentation-agent-9.5.1.jar org.gradle.launcher.daemon.bootstrap.GradleDaemon 9.5.1

Host: Intel(R) Core(TM) Ultra 5 125H, 18 cores, 15G,  Windows 11 , 64 bit Build 22621 (10.0.22621.6931)
Time: Sun Jul  5 08:20:47 2026 elapsed time: 52.905830 seconds (0d 0h 0m 52s)

---------------  T H R E A D  ---------------

Current thread (0x000002531c05cb40):  JavaThread "C2 CompilerThread7" daemon [_thread_in_native, id=13464, stack(0x000000abee900000,0x000000abeea00000) (1024K)]


Current CompileTask:
C2:52905 31239   !   4       java.io.ObjectOutputStream::writeObject0 (620 bytes)

Stack: [0x000000abee900000,0x000000abeea00000]
Native frames: (J=compiled Java code, j=interpreted, Vv=VM code, C=native code)
V  [jvm.dll+0x6d78a9]
V  [jvm.dll+0x8665b3]
V  [jvm.dll+0x868bde]
V  [jvm.dll+0x8692c3]
V  [jvm.dll+0x280ee6]
V  [jvm.dll+0xc07cd]
V  [jvm.dll+0xc0d03]
V  [jvm.dll+0x3ba091]
V  [jvm.dll+0x385df7]
V  [jvm.dll+0x38526a]
V  [jvm.dll+0x249bd2]
V  [jvm.dll+0x2491a1]
V  [jvm.dll+0x1c76e4]
V  [jvm.dll+0x25891e]
V  [jvm.dll+0x256e66]
V  [jvm.dll+0x3f513e]
V  [jvm.dll+0x80fd28]
V  [jvm.dll+0x6d60fd]
C  [ucrtbase.dll+0x29333]
C  [KERNEL32.DLL+0x1259d]
C  [ntdll.dll+0x5afb8]


---------------  P R O C E S S  ---------------

Threads class SMR info:
_java_thread_list=0x000002531bb80ad0, length=109, elements={
0x000002537547f240, 0x000002537de37f90, 0x000002537de3c580, 0x000002537de3d2a0,
0x000002537de69330, 0x000002537de68a00, 0x000002537de48920, 0x000002537de79f50,
0x000002537de7ace0, 0x000002537de7b780, 0x000002537e311b30, 0x000002530c75c280,
0x000002530c126c20, 0x000002530da03020, 0x000002537f9bef00, 0x000002537f9c0fd0,
0x000002537f9bf590, 0x000002537f9c02b0, 0x000002537f9bdb50, 0x000002537f9c0940,
0x000002537f9be1e0, 0x000002537f9bfc20, 0x000002530e502640, 0x000002530e501920,
0x000002530e505430, 0x000002530e505ac0, 0x000002530e506150, 0x000002530e501fb0,
0x000002530e508220, 0x000002530e502cd0, 0x00000253103e8740, 0x00000253103ea180,
0x00000253103e7a20, 0x00000253103e80b0, 0x00000253103e8dd0, 0x00000253103e6d00,
0x00000253110b3b70, 0x00000253110b2130, 0x00000253110b2e50, 0x00000253110b62d0,
0x00000253110b6960, 0x00000253110b34e0, 0x00000253110b27c0, 0x00000253110b0d80,
0x00000253110b6ff0, 0x00000253110b4200, 0x00000253110b4890, 0x00000253110b4f20,
0x00000253110b7680, 0x00000253110b7d10, 0x00000253110b55b0, 0x00000253110b83a0,
0x00000253110b1aa0, 0x000002530e5067e0, 0x000002537e7e7ac0, 0x000002537e7ec2f0,
0x000002537e7e87e0, 0x000002537e7ebc60, 0x000002537e7ec980, 0x000002537e7eaf40,
0x000002537e7ed010, 0x000002537e7e6710, 0x00000253123f8790, 0x00000253130675d0,
0x0000025313062da0, 0x000002537e7eb5d0, 0x00000253123f9b40, 0x00000253123f38d0,
0x00000253123f4c80, 0x00000253123f5310, 0x00000253123f59a0, 0x000002530f9c8dc0,
0x000002530f9d03e0, 0x000002530f9cfd50, 0x000002530f9c9450, 0x000002530f9cdc80,
0x000002530f9ca170, 0x000002530f9ce9a0, 0x000002530f9ca800, 0x000002530f9cae90,
0x000002530f9cd5f0, 0x000002530f9ce310, 0x000002530f9cf030, 0x000002530f9cc8d0,
0x000002530f9cc240, 0x000002530f9cbbb0, 0x0000025315b4db70, 0x0000025315b50ff0,
0x0000025315b52a30, 0x0000025315b530c0, 0x0000025315b53de0, 0x0000025315b53750,
0x0000025315b51680, 0x0000025315b502d0, 0x000002537e7e6da0, 0x000002537e7e8e70,
0x000002537e7e9b90, 0x000002537e7ea220, 0x00000253130668b0, 0x0000025311993d80,
0x00000253119951f0, 0x000002530c3656d0, 0x0000025311991b70, 0x0000025311994450,
0x000002531c057980, 0x000002531c056be0, 0x000002531c05bda0, 0x000002531c0572b0,
0x000002531c05cb40
}

Java Threads: ( => current thread )
  0x000002537547f240 JavaThread "main"                              [_thread_blocked, id=11692, stack(0x000000abe7f00000,0x000000abe8000000) (1024K)]
  0x000002537de37f90 JavaThread "Common-Cleaner"             daemon [_thread_blocked, id=21488, stack(0x000000abe8700000,0x000000abe8800000) (1024K)]
  0x000002537de3c580 JavaThread "Reference Handler"          daemon [_thread_blocked, id=24156, stack(0x000000abe8800000,0x000000abe8900000) (1024K)]
  0x000002537de3d2a0 JavaThread "Finalizer"                  daemon [_thread_blocked, id=20676, stack(0x000000abe8900000,0x000000abe8a00000) (1024K)]
  0x000002537de69330 JavaThread "Signal Dispatcher"          daemon [_thread_blocked, id=24556, stack(0x000000abe8a00000,0x000000abe8b00000) (1024K)]
  0x000002537de68a00 JavaThread "Attach Listener"            daemon [_thread_blocked, id=6780, stack(0x000000abe8b00000,0x000000abe8c00000) (1024K)]
  0x000002537de48920 JavaThread "Service Thread"             daemon [_thread_blocked, id=21860, stack(0x000000abe8c00000,0x000000abe8d00000) (1024K)]
  0x000002537de79f50 JavaThread "Monitor Deflation Thread"   daemon [_thread_blocked, id=780, stack(0x000000abe8d00000,0x000000abe8e00000) (1024K)]
  0x000002537de7ace0 JavaThread "C2 CompilerThread0"         daemon [_thread_in_native, id=13184, stack(0x000000abe8e00000,0x000000abe8f00000) (1024K)]
  0x000002537de7b780 JavaThread "C1 CompilerThread0"         daemon [_thread_blocked, id=23484, stack(0x000000abe8f00000,0x000000abe9000000) (1024K)]
  0x000002537e311b30 JavaThread "Notification Thread"        daemon [_thread_blocked, id=5932, stack(0x000000abe9100000,0x000000abe9200000) (1024K)]
  0x000002530c75c280 JavaThread "Daemon health stats"               [_thread_blocked, id=16332, stack(0x000000abe9c00000,0x000000abe9d00000) (1024K)]
  0x000002530c126c20 JavaThread "Incoming local TCP Connector on port 54493"        [_thread_in_native, id=12128, stack(0x000000abe9d00000,0x000000abe9e00000) (1024K)]
  0x000002530da03020 JavaThread "Daemon periodic checks"            [_thread_blocked, id=10768, stack(0x000000abe9e00000,0x000000abe9f00000) (1024K)]
  0x000002537f9bef00 JavaThread "Daemon"                            [_thread_blocked, id=24320, stack(0x000000abe9500000,0x000000abe9600000) (1024K)]
  0x000002537f9c0fd0 JavaThread "Handler for socket connection from /127.0.0.1:54493 to /127.0.0.1:54494"        [_thread_in_native, id=1388, stack(0x000000abe9600000,0x000000abe9700000) (1024K)]
  0x000002537f9bf590 JavaThread "Cancel handler"                    [_thread_blocked, id=15232, stack(0x000000abeaa00000,0x000000abeab00000) (1024K)]
  0x000002537f9c02b0 JavaThread "Daemon worker"                     [_thread_blocked, id=23980, stack(0x000000abeab00000,0x000000abeac00000) (1024K)]
  0x000002537f9bdb50 JavaThread "Asynchronous log dispatcher for DefaultDaemonConnection: socket connection from /127.0.0.1:54493 to /127.0.0.1:54494"        [_thread_in_Java, id=18044, stack(0x000000abeac00000,0x000000abead00000) (1024K)]
  0x000002537f9c0940 JavaThread "Stdin handler"                     [_thread_blocked, id=3592, stack(0x000000abead00000,0x000000abeae00000) (1024K)]
  0x000002537f9be1e0 JavaThread "Daemon client event forwarder"        [_thread_blocked, id=19320, stack(0x000000abeae00000,0x000000abeaf00000) (1024K)]
  0x000002537f9bfc20 JavaThread "Cache worker for journal cache (C:\Users\owner\.gradle\caches\journal-1)"        [_thread_blocked, id=16116, stack(0x000000abeaf00000,0x000000abeb000000) (1024K)]
  0x000002530e502640 JavaThread "File lock request listener"        [_thread_in_native, id=15056, stack(0x000000abeb000000,0x000000abeb100000) (1024K)]
  0x000002530e501920 JavaThread "Cache worker for file hash cache (C:\Users\owner\.gradle\caches\9.5.1\fileHashes)"        [_thread_blocked, id=5764, stack(0x000000abeb100000,0x000000abeb200000) (1024K)]
  0x000002530e505430 JavaThread "Cache worker for file hash cache (C:\Users\owner\Downloads\MISSXXX\PipePipe-main\PipePipe-main\PipePipeClient\.gradle\9.5.1\fileHashes)"        [_thread_blocked, id=22920, stack(0x000000abeb300000,0x000000abeb400000) (1024K)]
  0x000002530e505ac0 JavaThread "Cache worker for checksums cache (C:\Users\owner\Downloads\MISSXXX\PipePipe-main\PipePipe-main\PipePipeClient\.gradle\9.5.1\checksums)"        [_thread_blocked, id=23356, stack(0x000000abeb400000,0x000000abeb500000) (1024K)]
  0x000002530e506150 JavaThread "Cache worker for Build Output Cleanup Cache (C:\Users\owner\Downloads\MISSXXX\PipePipe-main\PipePipe-main\PipePipeClient\.gradle\buildOutputCleanup)"        [_thread_blocked, id=14560, stack(0x000000abeb500000,0x000000abeb600000) (1024K)]
  0x000002530e501fb0 JavaThread "Cache worker for file content cache (C:\Users\owner\.gradle\caches\9.5.1\fileContent)"        [_thread_blocked, id=22700, stack(0x000000abeb700000,0x000000abeb800000) (1024K)]
  0x000002530e508220 JavaThread "Cache worker for cache directory md-supplier (C:\Users\owner\.gradle\caches\9.5.1\md-supplier)"        [_thread_blocked, id=22688, stack(0x000000abeba00000,0x000000abebb00000) (1024K)]
  0x000002530e502cd0 JavaThread "Cache worker for cache directory md-rule (C:\Users\owner\.gradle\caches\9.5.1\md-rule)"        [_thread_blocked, id=19064, stack(0x000000abebb00000,0x000000abebc00000) (1024K)]
  0x00000253103e8740 JavaThread "jar transforms"                    [_thread_blocked, id=21044, stack(0x000000abebc00000,0x000000abebd00000) (1024K)]
  0x00000253103ea180 JavaThread "Build operations"                  [_thread_blocked, id=1584, stack(0x000000abeb600000,0x000000abeb700000) (1024K)]
  0x00000253103e7a20 JavaThread "Build operations Thread 2"         [_thread_blocked, id=22360, stack(0x000000abebd00000,0x000000abebe00000) (1024K)]
  0x00000253103e80b0 JavaThread "Build operations Thread 3"         [_thread_blocked, id=4944, stack(0x000000abebe00000,0x000000abebf00000) (1024K)]
  0x00000253103e8dd0 JavaThread "jar transforms Thread 2"           [_thread_blocked, id=13668, stack(0x000000abebf00000,0x000000abec000000) (1024K)]
  0x00000253103e6d00 JavaThread "Problems report writer"            [_thread_blocked, id=20364, stack(0x000000abec000000,0x000000abec100000) (1024K)]
  0x00000253110b3b70 JavaThread "Cache worker for Build Output Cleanup Cache (C:\Users\owner\Downloads\MISSXXX\PipePipe-main\PipePipe-main\PipePipeExtractor\.gradle\buildOutputCleanup)"        [_thread_blocked, id=19800, stack(0x000000abec100000,0x000000abec200000) (1024K)]
  0x00000253110b2130 JavaThread "jar transforms Thread 3"           [_thread_blocked, id=456, stack(0x000000abec200000,0x000000abec300000) (1024K)]
  0x00000253110b2e50 JavaThread "jar transforms Thread 4"           [_thread_blocked, id=9868, stack(0x000000abec300000,0x000000abec400000) (1024K)]
  0x00000253110b62d0 JavaThread "jar transforms Thread 5"           [_thread_blocked, id=8856, stack(0x000000abec400000,0x000000abec500000) (1024K)]
  0x00000253110b6960 JavaThread "jar transforms Thread 6"           [_thread_blocked, id=5392, stack(0x000000abec500000,0x000000abec600000) (1024K)]
  0x00000253110b34e0 JavaThread "Memory manager"                    [_thread_blocked, id=14532, stack(0x000000abec600000,0x000000abec700000) (1024K)]
  0x00000253110b27c0 JavaThread "jar transforms Thread 7"           [_thread_blocked, id=13088, stack(0x000000abec700000,0x000000abec800000) (1024K)]
  0x00000253110b0d80 JavaThread "Build operations Thread 4"         [_thread_blocked, id=3996, stack(0x000000abecb00000,0x000000abecc00000) (1024K)]
  0x00000253110b6ff0 JavaThread "Build operations Thread 5"         [_thread_blocked, id=16336, stack(0x000000abecc00000,0x000000abecd00000) (1024K)]
  0x00000253110b4200 JavaThread "Build operations Thread 6"         [_thread_blocked, id=10096, stack(0x000000abecd00000,0x000000abece00000) (1024K)]
  0x00000253110b4890 JavaThread "Build operations Thread 7"         [_thread_blocked, id=15904, stack(0x000000abece00000,0x000000abecf00000) (1024K)]
  0x00000253110b4f20 JavaThread "Build operations Thread 8"         [_thread_blocked, id=20444, stack(0x000000abecf00000,0x000000abed000000) (1024K)]
  0x00000253110b7680 JavaThread "Build operations Thread 9"         [_thread_blocked, id=9340, stack(0x000000abed000000,0x000000abed100000) (1024K)]
  0x00000253110b7d10 JavaThread "Build operations Thread 10"        [_thread_blocked, id=8752, stack(0x000000abed100000,0x000000abed200000) (1024K)]
  0x00000253110b55b0 JavaThread "Build operations Thread 11"        [_thread_blocked, id=13720, stack(0x000000abed200000,0x000000abed300000) (1024K)]
  0x00000253110b83a0 JavaThread "Build operations Thread 12"        [_thread_blocked, id=7076, stack(0x000000abed300000,0x000000abed400000) (1024K)]
  0x00000253110b1aa0 JavaThread "Build operations Thread 13"        [_thread_blocked, id=23228, stack(0x000000abed400000,0x000000abed500000) (1024K)]
  0x000002530e5067e0 JavaThread "Build operations Thread 14"        [_thread_blocked, id=16912, stack(0x000000abed500000,0x000000abed600000) (1024K)]
  0x000002537e7e7ac0 JavaThread "Build operations Thread 15"        [_thread_blocked, id=24024, stack(0x000000abed600000,0x000000abed700000) (1024K)]
  0x000002537e7ec2f0 JavaThread "Build operations Thread 16"        [_thread_blocked, id=10056, stack(0x000000abed700000,0x000000abed800000) (1024K)]
  0x000002537e7e87e0 JavaThread "Build operations Thread 17"        [_thread_blocked, id=6364, stack(0x000000abed800000,0x000000abed900000) (1024K)]
  0x000002537e7ebc60 JavaThread "Build operations Thread 18"        [_thread_blocked, id=9348, stack(0x000000abed900000,0x000000abeda00000) (1024K)]
  0x000002537e7ec980 JavaThread "jar transforms Thread 8"           [_thread_blocked, id=6984, stack(0x000000abeda00000,0x000000abedb00000) (1024K)]
  0x000002537e7eaf40 JavaThread "Configuration cache report writer"        [_thread_blocked, id=20796, stack(0x000000abedb00000,0x000000abedc00000) (1024K)]
  0x000002537e7ed010 JavaThread "jar transforms Thread 9"           [_thread_blocked, id=20528, stack(0x000000abedc00000,0x000000abedd00000) (1024K)]
  0x000002537e7e6710 JavaThread "jar transforms Thread 10"          [_thread_blocked, id=21140, stack(0x000000abedd00000,0x000000abede00000) (1024K)]
  0x00000253123f8790 JavaThread "jar transforms Thread 11"          [_thread_blocked, id=20336, stack(0x000000abeca00000,0x000000abecb00000) (1024K)]
  0x00000253130675d0 JavaThread "build event listener"              [_thread_blocked, id=19232, stack(0x000000abeb200000,0x000000abeb300000) (1024K)]
  0x0000025313062da0 JavaThread "build event listener"              [_thread_blocked, id=23352, stack(0x000000abec900000,0x000000abeca00000) (1024K)]
  0x000002537e7eb5d0 JavaThread "jar transforms Thread 12"          [_thread_blocked, id=10416, stack(0x000000abede00000,0x000000abedf00000) (1024K)]
  0x00000253123f9b40 JavaThread "ForkJoinPool.commonPool-worker-7" daemon [_thread_blocked, id=22388, stack(0x000000abee500000,0x000000abee600000) (1024K)]
  0x00000253123f38d0 JavaThread "ForkJoinPool.commonPool-worker-9" daemon [_thread_blocked, id=20956, stack(0x000000abee700000,0x000000abee800000) (1024K)]
  0x00000253123f4c80 JavaThread "Exec process"               daemon [_thread_blocked, id=21688, stack(0x000000abeea00000,0x000000abeeb00000) (1024K)]
  0x00000253123f5310 JavaThread "Exec process Thread 2"      daemon [_thread_blocked, id=7960, stack(0x000000abeeb00000,0x000000abeec00000) (1024K)]
  0x00000253123f59a0 JavaThread "Exec process Thread 3"      daemon [_thread_blocked, id=16120, stack(0x000000abeec00000,0x000000abeed00000) (1024K)]
  0x000002530f9c8dc0 JavaThread "included builds"                   [_thread_blocked, id=3400, stack(0x000000abeee00000,0x000000abeef00000) (1024K)]
  0x000002530f9d03e0 JavaThread "included builds Thread 2"          [_thread_blocked, id=11396, stack(0x000000abeef00000,0x000000abef000000) (1024K)]
  0x000002530f9cfd50 JavaThread "Execution worker"                  [_thread_blocked, id=6056, stack(0x000000abef000000,0x000000abef100000) (1024K)]
  0x000002530f9c9450 JavaThread "Execution worker Thread 2"         [_thread_blocked, id=22708, stack(0x000000abef100000,0x000000abef200000) (1024K)]
  0x000002530f9cdc80 JavaThread "Execution worker Thread 3"         [_thread_blocked, id=22536, stack(0x000000abef200000,0x000000abef300000) (1024K)]
  0x000002530f9ca170 JavaThread "Execution worker Thread 4"         [_thread_blocked, id=23100, stack(0x000000abef300000,0x000000abef400000) (1024K)]
  0x000002530f9ce9a0 JavaThread "Execution worker Thread 5"         [_thread_blocked, id=3688, stack(0x000000abef400000,0x000000abef500000) (1024K)]
  0x000002530f9ca800 JavaThread "Execution worker Thread 6"         [_thread_blocked, id=23588, stack(0x000000abef500000,0x000000abef600000) (1024K)]
  0x000002530f9cae90 JavaThread "Execution worker Thread 7"         [_thread_blocked, id=2236, stack(0x000000abef600000,0x000000abef700000) (1024K)]
  0x000002530f9cd5f0 JavaThread "Execution worker Thread 8"         [_thread_blocked, id=9716, stack(0x000000abef700000,0x000000abef800000) (1024K)]
  0x000002530f9ce310 JavaThread "Execution worker Thread 9"         [_thread_blocked, id=4100, stack(0x000000abef800000,0x000000abef900000) (1024K)]
  0x000002530f9cf030 JavaThread "Execution worker Thread 10"        [_thread_blocked, id=18404, stack(0x000000abef900000,0x000000abefa00000) (1024K)]
  0x000002530f9cc8d0 JavaThread "Execution worker Thread 11"        [_thread_blocked, id=24144, stack(0x000000abefa00000,0x000000abefb00000) (1024K)]
  0x000002530f9cc240 JavaThread "Execution worker Thread 12"        [_thread_blocked, id=23044, stack(0x000000abefb00000,0x000000abefc00000) (1024K)]
  0x000002530f9cbbb0 JavaThread "Execution worker Thread 13"        [_thread_blocked, id=3184, stack(0x000000abefc00000,0x000000abefd00000) (1024K)]
  0x0000025315b4db70 JavaThread "Execution worker Thread 14"        [_thread_blocked, id=6156, stack(0x000000abefd00000,0x000000abefe00000) (1024K)]
  0x0000025315b50ff0 JavaThread "Execution worker Thread 15"        [_thread_in_Java, id=22284, stack(0x000000abefe00000,0x000000abeff00000) (1024K)]
  0x0000025315b52a30 JavaThread "Execution worker Thread 16"        [_thread_blocked, id=8052, stack(0x000000abeff00000,0x000000abf0000000) (1024K)]
  0x0000025315b530c0 JavaThread "Execution worker Thread 17"        [_thread_blocked, id=21576, stack(0x000000abf0000000,0x000000abf0100000) (1024K)]
  0x0000025315b53de0 JavaThread "Cache worker for execution history cache (C:\Users\owner\Downloads\MISSXXX\PipePipe-main\PipePipe-main\PipePipeClient\.gradle\9.5.1\executionHistory)"        [_thread_blocked, id=20824, stack(0x000000abf0200000,0x000000abf0300000) (1024K)]
  0x0000025315b53750 JavaThread "Cache worker for execution history cache (C:\Users\owner\Downloads\MISSXXX\PipePipe-main\PipePipe-main\PipePipeExtractor\.gradle\9.5.1\executionHistory)"        [_thread_blocked, id=12460, stack(0x000000abf0300000,0x000000abf0400000) (1024K)]
  0x0000025315b51680 JavaThread "pool-3-thread-1"                   [_thread_blocked, id=2844, stack(0x000000abf0500000,0x000000abf0600000) (1024K)]
  0x0000025315b502d0 JavaThread "WorkerExecutor Queue"              [_thread_blocked, id=14752, stack(0x000000abf0600000,0x000000abf0700000) (1024K)]
  0x000002537e7e6da0 JavaThread "RMI Scheduler(0)"           daemon [_thread_blocked, id=16196, stack(0x000000abe9200000,0x000000abe9300000) (1024K)]
  0x000002537e7e8e70 JavaThread "RMI GC Daemon"              daemon [_thread_blocked, id=4140, stack(0x000000abe9400000,0x000000abe9500000) (1024K)]
  0x000002537e7e9b90 JavaThread "RMI TCP Accept-0"           daemon [_thread_in_native, id=22204, stack(0x000000abec800000,0x000000abec900000) (1024K)]
  0x000002537e7ea220 JavaThread "RMI Reaper"                        [_thread_blocked, id=22952, stack(0x000000abedf00000,0x000000abee000000) (1024K)]
  0x00000253130668b0 JavaThread "RMI TCP Connection(1)-127.0.0.1" daemon [_thread_in_native, id=22736, stack(0x000000abee300000,0x000000abee400000) (1024K)]
  0x0000025311993d80 JavaThread "C1 CompilerThread1"         daemon [_thread_blocked, id=11896, stack(0x000000abee200000,0x000000abee300000) (1024K)]
  0x00000253119951f0 JavaThread "C1 CompilerThread2"         daemon [_thread_in_native, id=3808, stack(0x000000abee400000,0x000000abee500000) (1024K)]
  0x000002530c3656d0 JavaThread "WorkerExecutor Queue Thread 2"        [_thread_blocked, id=21816, stack(0x000000abee100000,0x000000abee200000) (1024K)]
  0x0000025311991b70 JavaThread "C2 CompilerThread1"         daemon [_thread_in_native, id=20728, stack(0x000000abe7c00000,0x000000abe7d00000) (1024K)]
  0x0000025311994450 JavaThread "C2 CompilerThread2"         daemon [_thread_in_native, id=8536, stack(0x000000abe9000000,0x000000abe9100000) (1024K)]
  0x000002531c057980 JavaThread "C2 CompilerThread3"         daemon [_thread_in_native, id=17168, stack(0x000000abe9300000,0x000000abe9400000) (1024K)]
  0x000002531c056be0 JavaThread "C2 CompilerThread4"         daemon [_thread_in_native, id=15312, stack(0x000000abee000000,0x000000abee100000) (1024K)]
  0x000002531c05bda0 JavaThread "C2 CompilerThread5"         daemon [_thread_in_native, id=24372, stack(0x000000abee600000,0x000000abee700000) (1024K)]
  0x000002531c0572b0 JavaThread "C2 CompilerThread6"         daemon [_thread_in_native, id=23744, stack(0x000000abee800000,0x000000abee900000) (1024K)]
=>0x000002531c05cb40 JavaThread "C2 CompilerThread7"         daemon [_thread_in_native, id=13464, stack(0x000000abee900000,0x000000abeea00000) (1024K)]
Total: 109

Other Threads:
  0x000002537dd3ea90 VMThread "VM Thread"                           [id=2964, stack(0x000000abe8600000,0x000000abe8700000) (1024K)]
  0x000002537dcbedb0 WatcherThread "VM Periodic Task Thread"        [id=23608, stack(0x000000abe8500000,0x000000abe8600000) (1024K)]
  0x00000253754c9f80 WorkerThread "GC Thread#0"                     [id=12120, stack(0x000000abe8000000,0x000000abe8100000) (1024K)]
  0x000002537e9b42d0 WorkerThread "GC Thread#1"                     [id=6212, stack(0x000000abe9800000,0x000000abe9900000) (1024K)]
  0x000002537ebc1ae0 WorkerThread "GC Thread#2"                     [id=5396, stack(0x000000abe9900000,0x000000abe9a00000) (1024K)]
  0x000002537e5037f0 WorkerThread "GC Thread#3"                     [id=3344, stack(0x000000abe9a00000,0x000000abe9b00000) (1024K)]
  0x000002537ed7bcd0 WorkerThread "GC Thread#4"                     [id=4220, stack(0x000000abe9b00000,0x000000abe9c00000) (1024K)]
  0x000002537f76b3d0 WorkerThread "GC Thread#5"                     [id=17592, stack(0x000000abe9700000,0x000000abe9800000) (1024K)]
  0x000002537f76a8c0 WorkerThread "GC Thread#6"                     [id=21136, stack(0x000000abe9f00000,0x000000abea000000) (1024K)]
  0x000002537f76bb30 WorkerThread "GC Thread#7"                     [id=23724, stack(0x000000abea000000,0x000000abea100000) (1024K)]
  0x000002537f76ac70 WorkerThread "GC Thread#8"                     [id=12132, stack(0x000000abea100000,0x000000abea200000) (1024K)]
  0x000002537f76a510 WorkerThread "GC Thread#9"                     [id=5156, stack(0x000000abea200000,0x000000abea300000) (1024K)]
  0x000002537f76b020 WorkerThread "GC Thread#10"                    [id=8044, stack(0x000000abea300000,0x000000abea400000) (1024K)]
  0x000002537f76bee0 WorkerThread "GC Thread#11"                    [id=21220, stack(0x000000abea400000,0x000000abea500000) (1024K)]
  0x000002530c634870 WorkerThread "GC Thread#12"                    [id=15008, stack(0x000000abea500000,0x000000abea600000) (1024K)]
  0x000002530c633d60 WorkerThread "GC Thread#13"                    [id=18616, stack(0x000000abea600000,0x000000abea700000) (1024K)]
  0x00000253754d6f70 ConcurrentGCThread "G1 Main Marker"            [id=6252, stack(0x000000abe8100000,0x000000abe8200000) (1024K)]
  0x00000253754d7a80 WorkerThread "G1 Conc#0"                       [id=22864, stack(0x000000abe8200000,0x000000abe8300000) (1024K)]
  0x000002530c634fd0 WorkerThread "G1 Conc#1"                       [id=8124, stack(0x000000abea700000,0x000000abea800000) (1024K)]
  0x000002530c633250 WorkerThread "G1 Conc#2"                       [id=10608, stack(0x000000abea800000,0x000000abea900000) (1024K)]
  0x000002530c632740 WorkerThread "G1 Conc#3"                       [id=23624, stack(0x000000abea900000,0x000000abeaa00000) (1024K)]
  0x000002537553e880 ConcurrentGCThread "G1 Refine#0"               [id=8560, stack(0x000000abe8300000,0x000000abe8400000) (1024K)]
  0x000002537dc1a850 ConcurrentGCThread "G1 Service"                [id=9028, stack(0x000000abe8400000,0x000000abe8500000) (1024K)]
Total: 23

Threads with active compile tasks:
C2 CompilerThread0  52944 31332       4       java.util.function.Predicate$$Lambda/0x000000010027e638::test (15 bytes)
C2 CompilerThread1  52944 31328       4       org.gradle.internal.snapshot.impl.DirectorySnapshotter$PathVisitor::intern (14 bytes)
C2 CompilerThread2  52944 31319       4       org.gradle.internal.logging.text.AbstractLineChoppingStyledTextOutput$StateContext::hasChar (25 bytes)
C2 CompilerThread3  52944 31533       4       java.nio.HeapByteBuffer::putLong (32 bytes)
C2 CompilerThread4  52944 31308       4       java.util.stream.Stream::of (13 bytes)
C2 CompilerThread5  52944 31270   !   4       sun.nio.fs.WindowsLinkSupport::getRealPath (500 bytes)
C2 CompilerThread6  52944 31297       4       org.gradle.internal.snapshot.MediumChildMap::withNode (67 bytes)
C2 CompilerThread7  52945 31239   !   4       java.io.ObjectOutputStream::writeObject0 (620 bytes)
Total: 8

VM state: not at safepoint (normal execution)

VM Mutex/Monitor currently owned by a thread:  ([mutex/lock_event])
[0x00007ff8df7285d0] CodeCache_lock - owner thread: 0x000002531c0572b0

Heap address: 0x00000000a0000000, size: 1536 MB, Compressed Oops mode: 32-bit

CDS archive(s) not mapped
Compressed class space mapped at: 0x0000000100000000-0x000000011a000000, reserved size: 436207616
Narrow klass base: 0x0000000000000000, Narrow klass shift: 3, Narrow klass range: 0x11a000000

GC Precious Log:
 CardTable entry size: 512
 Card Set container configuration: InlinePtr #cards 5 size 8 Array Of Cards #cards 12 size 40 Howl #buckets 4 coarsen threshold 1843 Howl Bitmap #cards 512 size 80 coarsen threshold 460 Card regions per heap region 1 cards per card region 2048
 CPUs: 18 total, 18 available
 Memory: 15743M
 Large Page Support: Disabled
 NUMA Support: Disabled
 Compressed Oops: Enabled (32-bit)
 Heap Region Size: 1M
 Heap Min Capacity: 8M
 Heap Initial Capacity: 246M
 Heap Max Capacity: 1536M
 Pre-touch: Disabled
 Parallel Workers: 14
 Concurrent Workers: 4
 Concurrent Refinement Workers: 14
 Periodic GC: Disabled

Heap:
 garbage-first heap   total 624640K, used 454656K [0x00000000a0000000, 0x0000000100000000)
  region size 1024K, 101 young (103424K), 21 survivors (21504K)
 Metaspace       used 184181K, committed 187200K, reserved 622592K
  class space    used 24471K, committed 25984K, reserved 425984K

Heap Regions: E=young(eden), S=young(survivor), O=old, HS=humongous(starts), HC=humongous(continues), CS=collection set, F=free, TAMS=top-at-mark-start, PB=parsable bottom
|   0|0x00000000a0000000, 0x00000000a0100000, 0x00000000a0100000|100%|HS|  |TAMS 0x00000000a0000000| PB 0x00000000a0000000| Complete 
|   1|0x00000000a0100000, 0x00000000a0200000, 0x00000000a0200000|100%|HC|  |TAMS 0x00000000a0100000| PB 0x00000000a0100000| Complete 
|   2|0x00000000a0200000, 0x00000000a0300000, 0x00000000a0300000|100%|HC|  |TAMS 0x00000000a0200000| PB 0x00000000a0200000| Complete 
|   3|0x00000000a0300000, 0x00000000a0400000, 0x00000000a0400000|100%|HC|  |TAMS 0x00000000a0300000| PB 0x00000000a0300000| Complete 
|   4|0x00000000a0400000, 0x00000000a0500000, 0x00000000a0500000|100%| O|  |TAMS 0x00000000a0400000| PB 0x00000000a0400000| Untracked 
|   5|0x00000000a0500000, 0x00000000a0600000, 0x00000000a0600000|100%| O|  |TAMS 0x00000000a0500000| PB 0x00000000a0500000| Untracked 
|   6|0x00000000a0600000, 0x00000000a0700000, 0x00000000a0700000|100%| O|  |TAMS 0x00000000a0600000| PB 0x00000000a0600000| Untracked 
|   7|0x00000000a0700000, 0x00000000a0800000, 0x00000000a0800000|100%| O|  |TAMS 0x00000000a0700000| PB 0x00000000a0700000| Untracked 
|   8|0x00000000a0800000, 0x00000000a0900000, 0x00000000a0900000|100%| O|  |TAMS 0x00000000a0800000| PB 0x00000000a0800000| Untracked 
|   9|0x00000000a0900000, 0x00000000a0a00000, 0x00000000a0a00000|100%| O|  |TAMS 0x00000000a0900000| PB 0x00000000a0900000| Untracked 
|  10|0x00000000a0a00000, 0x00000000a0b00000, 0x00000000a0b00000|100%| O|  |TAMS 0x00000000a0a00000| PB 0x00000000a0a00000| Untracked 
|  11|0x00000000a0b00000, 0x00000000a0c00000, 0x00000000a0c00000|100%|HS|  |TAMS 0x00000000a0b00000| PB 0x00000000a0b00000| Complete 
|  12|0x00000000a0c00000, 0x00000000a0d00000, 0x00000000a0d00000|100%| O|  |TAMS 0x00000000a0c00000| PB 0x00000000a0c00000| Untracked 
|  13|0x00000000a0d00000, 0x00000000a0e00000, 0x00000000a0e00000|100%| O|  |TAMS 0x00000000a0d00000| PB 0x00000000a0d00000| Untracked 
|  14|0x00000000a0e00000, 0x00000000a0f00000, 0x00000000a0f00000|100%| O|  |TAMS 0x00000000a0e00000| PB 0x00000000a0e00000| Untracked 
|  15|0x00000000a0f00000, 0x00000000a1000000, 0x00000000a1000000|100%| O|  |TAMS 0x00000000a0f00000| PB 0x00000000a0f00000| Untracked 
|  16|0x00000000a1000000, 0x00000000a1100000, 0x00000000a1100000|100%| O|  |TAMS 0x00000000a1000000| PB 0x00000000a1000000| Untracked 
|  17|0x00000000a1100000, 0x00000000a1200000, 0x00000000a1200000|100%| O|  |TAMS 0x00000000a1100000| PB 0x00000000a1100000| Untracked 
|  18|0x00000000a1200000, 0x00000000a1300000, 0x00000000a1300000|100%| O|  |TAMS 0x00000000a1200000| PB 0x00000000a1200000| Untracked 
|  19|0x00000000a1300000, 0x00000000a1400000, 0x00000000a1400000|100%| O|  |TAMS 0x00000000a1300000| PB 0x00000000a1300000| Untracked 
|  20|0x00000000a1400000, 0x00000000a1500000, 0x00000000a1500000|100%| O|  |TAMS 0x00000000a1400000| PB 0x00000000a1400000| Untracked 
|  21|0x00000000a1500000, 0x00000000a1600000, 0x00000000a1600000|100%| O|  |TAMS 0x00000000a1500000| PB 0x00000000a1500000| Untracked 
|  22|0x00000000a1600000, 0x00000000a1700000, 0x00000000a1700000|100%| O|  |TAMS 0x00000000a1600000| PB 0x00000000a1600000| Untracked 
|  23|0x00000000a1700000, 0x00000000a1800000, 0x00000000a1800000|100%| O|  |TAMS 0x00000000a1700000| PB 0x00000000a1700000| Untracked 
|  24|0x00000000a1800000, 0x00000000a1900000, 0x00000000a1900000|100%| O|  |TAMS 0x00000000a1800000| PB 0x00000000a1800000| Untracked 
|  25|0x00000000a1900000, 0x00000000a1a00000, 0x00000000a1a00000|100%| O|  |TAMS 0x00000000a1900000| PB 0x00000000a1900000| Untracked 
|  26|0x00000000a1a00000, 0x00000000a1b00000, 0x00000000a1b00000|100%| O|  |TAMS 0x00000000a1a00000| PB 0x00000000a1a00000| Untracked 
|  27|0x00000000a1b00000, 0x00000000a1c00000, 0x00000000a1c00000|100%| O|  |TAMS 0x00000000a1b00000| PB 0x00000000a1b00000| Untracked 
|  28|0x00000000a1c00000, 0x00000000a1d00000, 0x00000000a1d00000|100%| O|  |TAMS 0x00000000a1c00000| PB 0x00000000a1c00000| Untracked 
|  29|0x00000000a1d00000, 0x00000000a1e00000, 0x00000000a1e00000|100%| O|  |TAMS 0x00000000a1d00000| PB 0x00000000a1d00000| Untracked 
|  30|0x00000000a1e00000, 0x00000000a1f00000, 0x00000000a1f00000|100%| O|  |TAMS 0x00000000a1e00000| PB 0x00000000a1e00000| Untracked 
|  31|0x00000000a1f00000, 0x00000000a2000000, 0x00000000a2000000|100%| O|  |TAMS 0x00000000a1f00000| PB 0x00000000a1f00000| Untracked 
|  32|0x00000000a2000000, 0x00000000a2100000, 0x00000000a2100000|100%| O|  |TAMS 0x00000000a2000000| PB 0x00000000a2000000| Untracked 
|  33|0x00000000a2100000, 0x00000000a2200000, 0x00000000a2200000|100%| O|  |TAMS 0x00000000a2100000| PB 0x00000000a2100000| Untracked 
|  34|0x00000000a2200000, 0x00000000a2300000, 0x00000000a2300000|100%| O|  |TAMS 0x00000000a2200000| PB 0x00000000a2200000| Untracked 
|  35|0x00000000a2300000, 0x00000000a2400000, 0x00000000a2400000|100%| O|  |TAMS 0x00000000a2300000| PB 0x00000000a2300000| Untracked 
|  36|0x00000000a2400000, 0x00000000a2500000, 0x00000000a2500000|100%| O|  |TAMS 0x00000000a2400000| PB 0x00000000a2400000| Untracked 
|  37|0x00000000a2500000, 0x00000000a2600000, 0x00000000a2600000|100%| O|  |TAMS 0x00000000a2500000| PB 0x00000000a2500000| Untracked 
|  38|0x00000000a2600000, 0x00000000a2700000, 0x00000000a2700000|100%| O|  |TAMS 0x00000000a2600000| PB 0x00000000a2600000| Untracked 
|  39|0x00000000a2700000, 0x00000000a2800000, 0x00000000a2800000|100%| O|  |TAMS 0x00000000a2700000| PB 0x00000000a2700000| Untracked 
|  40|0x00000000a2800000, 0x00000000a2900000, 0x00000000a2900000|100%| O|  |TAMS 0x00000000a2800000| PB 0x00000000a2800000| Untracked 
|  41|0x00000000a2900000, 0x00000000a2a00000, 0x00000000a2a00000|100%| O|  |TAMS 0x00000000a2900000| PB 0x00000000a2900000| Untracked 
|  42|0x00000000a2a00000, 0x00000000a2b00000, 0x00000000a2b00000|100%| O|  |TAMS 0x00000000a2a00000| PB 0x00000000a2a00000| Untracked 
|  43|0x00000000a2b00000, 0x00000000a2c00000, 0x00000000a2c00000|100%| O|  |TAMS 0x00000000a2b00000| PB 0x00000000a2b00000| Untracked 
|  44|0x00000000a2c00000, 0x00000000a2d00000, 0x00000000a2d00000|100%| O|  |TAMS 0x00000000a2c00000| PB 0x00000000a2c00000| Untracked 
|  45|0x00000000a2d00000, 0x00000000a2e00000, 0x00000000a2e00000|100%| O|  |TAMS 0x00000000a2d00000| PB 0x00000000a2d00000| Untracked 
|  46|0x00000000a2e00000, 0x00000000a2f00000, 0x00000000a2f00000|100%| O|  |TAMS 0x00000000a2e00000| PB 0x00000000a2e00000| Untracked 
|  47|0x00000000a2f00000, 0x00000000a3000000, 0x00000000a3000000|100%| O|  |TAMS 0x00000000a2f00000| PB 0x00000000a2f00000| Untracked 
|  48|0x00000000a3000000, 0x00000000a3100000, 0x00000000a3100000|100%| O|  |TAMS 0x00000000a3000000| PB 0x00000000a3000000| Untracked 
|  49|0x00000000a3100000, 0x00000000a3200000, 0x00000000a3200000|100%| O|  |TAMS 0x00000000a3100000| PB 0x00000000a3100000| Untracked 
|  50|0x00000000a3200000, 0x00000000a3300000, 0x00000000a3300000|100%| O|  |TAMS 0x00000000a3200000| PB 0x00000000a3200000| Untracked 
|  51|0x00000000a3300000, 0x00000000a3400000, 0x00000000a3400000|100%| O|  |TAMS 0x00000000a3300000| PB 0x00000000a3300000| Untracked 
|  52|0x00000000a3400000, 0x00000000a3500000, 0x00000000a3500000|100%| O|  |TAMS 0x00000000a3400000| PB 0x00000000a3400000| Untracked 
|  53|0x00000000a3500000, 0x00000000a3600000, 0x00000000a3600000|100%| O|  |TAMS 0x00000000a3500000| PB 0x00000000a3500000| Untracked 
|  54|0x00000000a3600000, 0x00000000a3700000, 0x00000000a3700000|100%|HS|  |TAMS 0x00000000a3600000| PB 0x00000000a3600000| Complete 
|  55|0x00000000a3700000, 0x00000000a3800000, 0x00000000a3800000|100%|HC|  |TAMS 0x00000000a3700000| PB 0x00000000a3700000| Complete 
|  56|0x00000000a3800000, 0x00000000a3900000, 0x00000000a3900000|100%|HS|  |TAMS 0x00000000a3800000| PB 0x00000000a3800000| Complete 
|  57|0x00000000a3900000, 0x00000000a3a00000, 0x00000000a3a00000|100%|HC|  |TAMS 0x00000000a3900000| PB 0x00000000a3900000| Complete 
|  58|0x00000000a3a00000, 0x00000000a3b00000, 0x00000000a3b00000|100%| O|  |TAMS 0x00000000a3a00000| PB 0x00000000a3a00000| Untracked 
|  59|0x00000000a3b00000, 0x00000000a3c00000, 0x00000000a3c00000|100%| O|  |TAMS 0x00000000a3b00000| PB 0x00000000a3b00000| Untracked 
|  60|0x00000000a3c00000, 0x00000000a3d00000, 0x00000000a3d00000|100%| O|  |TAMS 0x00000000a3c00000| PB 0x00000000a3c00000| Untracked 
|  61|0x00000000a3d00000, 0x00000000a3e00000, 0x00000000a3e00000|100%| O|  |TAMS 0x00000000a3d00000| PB 0x00000000a3d00000| Untracked 
|  62|0x00000000a3e00000, 0x00000000a3f00000, 0x00000000a3f00000|100%| O|  |TAMS 0x00000000a3e00000| PB 0x00000000a3e00000| Untracked 
|  63|0x00000000a3f00000, 0x00000000a4000000, 0x00000000a4000000|100%| O|  |TAMS 0x00000000a3f00000| PB 0x00000000a3f00000| Untracked 
|  64|0x00000000a4000000, 0x00000000a4100000, 0x00000000a4100000|100%| O|  |TAMS 0x00000000a4000000| PB 0x00000000a4000000| Untracked 
|  65|0x00000000a4100000, 0x00000000a4200000, 0x00000000a4200000|100%| O|  |TAMS 0x00000000a4100000| PB 0x00000000a4100000| Untracked 
|  66|0x00000000a4200000, 0x00000000a4300000, 0x00000000a4300000|100%| O|  |TAMS 0x00000000a4200000| PB 0x00000000a4200000| Untracked 
|  67|0x00000000a4300000, 0x00000000a4400000, 0x00000000a4400000|100%| O|  |TAMS 0x00000000a4300000| PB 0x00000000a4300000| Untracked 
|  68|0x00000000a4400000, 0x00000000a4500000, 0x00000000a4500000|100%| O|  |TAMS 0x00000000a4400000| PB 0x00000000a4400000| Untracked 
|  69|0x00000000a4500000, 0x00000000a4600000, 0x00000000a4600000|100%| O|  |TAMS 0x00000000a4500000| PB 0x00000000a4500000| Untracked 
|  70|0x00000000a4600000, 0x00000000a4700000, 0x00000000a4700000|100%| O|  |TAMS 0x00000000a4600000| PB 0x00000000a4600000| Untracked 
|  71|0x00000000a4700000, 0x00000000a4800000, 0x00000000a4800000|100%| O|  |TAMS 0x00000000a4700000| PB 0x00000000a4700000| Untracked 
|  72|0x00000000a4800000, 0x00000000a4900000, 0x00000000a4900000|100%| O|  |TAMS 0x00000000a4800000| PB 0x00000000a4800000| Untracked 
|  73|0x00000000a4900000, 0x00000000a4a00000, 0x00000000a4a00000|100%|HS|  |TAMS 0x00000000a4900000| PB 0x00000000a4900000| Complete 
|  74|0x00000000a4a00000, 0x00000000a4b00000, 0x00000000a4b00000|100%|HS|  |TAMS 0x00000000a4a00000| PB 0x00000000a4a00000| Complete 
|  75|0x00000000a4b00000, 0x00000000a4c00000, 0x00000000a4c00000|100%|HS|  |TAMS 0x00000000a4b00000| PB 0x00000000a4b00000| Complete 
|  76|0x00000000a4c00000, 0x00000000a4d00000, 0x00000000a4d00000|100%|HC|  |TAMS 0x00000000a4c00000| PB 0x00000000a4c00000| Complete 
|  77|0x00000000a4d00000, 0x00000000a4e00000, 0x00000000a4e00000|100%|HS|  |TAMS 0x00000000a4d00000| PB 0x00000000a4d00000| Complete 
|  78|0x00000000a4e00000, 0x00000000a4f00000, 0x00000000a4f00000|100%|HS|  |TAMS 0x00000000a4e00000| PB 0x00000000a4e00000| Complete 
|  79|0x00000000a4f00000, 0x00000000a5000000, 0x00000000a5000000|100%|HS|  |TAMS 0x00000000a4f00000| PB 0x00000000a4f00000| Complete 
|  80|0x00000000a5000000, 0x00000000a5100000, 0x00000000a5100000|100%| O|  |TAMS 0x00000000a5000000| PB 0x00000000a5000000| Untracked 
|  81|0x00000000a5100000, 0x00000000a5200000, 0x00000000a5200000|100%|HS|  |TAMS 0x00000000a5100000| PB 0x00000000a5100000| Complete 
|  82|0x00000000a5200000, 0x00000000a5300000, 0x00000000a5300000|100%| O|  |TAMS 0x00000000a5200000| PB 0x00000000a5200000| Untracked 
|  83|0x00000000a5300000, 0x00000000a5400000, 0x00000000a5400000|100%| O|  |TAMS 0x00000000a5300000| PB 0x00000000a5300000| Untracked 
|  84|0x00000000a5400000, 0x00000000a5500000, 0x00000000a5500000|100%| O|  |TAMS 0x00000000a5400000| PB 0x00000000a5400000| Untracked 
|  85|0x00000000a5500000, 0x00000000a5600000, 0x00000000a5600000|100%| O|  |TAMS 0x00000000a5500000| PB 0x00000000a5500000| Untracked 
|  86|0x00000000a5600000, 0x00000000a5700000, 0x00000000a5700000|100%| O|  |TAMS 0x00000000a5600000| PB 0x00000000a5600000| Untracked 
|  87|0x00000000a5700000, 0x00000000a5800000, 0x00000000a5800000|100%|HS|  |TAMS 0x00000000a5700000| PB 0x00000000a5700000| Complete 
|  88|0x00000000a5800000, 0x00000000a5900000, 0x00000000a5900000|100%| O|  |TAMS 0x00000000a5800000| PB 0x00000000a5800000| Untracked 
|  89|0x00000000a5900000, 0x00000000a5a00000, 0x00000000a5a00000|100%|HS|  |TAMS 0x00000000a5900000| PB 0x00000000a5900000| Complete 
|  90|0x00000000a5a00000, 0x00000000a5b00000, 0x00000000a5b00000|100%|HC|  |TAMS 0x00000000a5a00000| PB 0x00000000a5a00000| Complete 
|  91|0x00000000a5b00000, 0x00000000a5c00000, 0x00000000a5c00000|100%| O|  |TAMS 0x00000000a5b00000| PB 0x00000000a5b00000| Untracked 
|  92|0x00000000a5c00000, 0x00000000a5d00000, 0x00000000a5d00000|100%| O|  |TAMS 0x00000000a5c00000| PB 0x00000000a5c00000| Untracked 
|  93|0x00000000a5d00000, 0x00000000a5e00000, 0x00000000a5e00000|100%| O|  |TAMS 0x00000000a5d00000| PB 0x00000000a5d00000| Untracked 
|  94|0x00000000a5e00000, 0x00000000a5f00000, 0x00000000a5f00000|100%| O|  |TAMS 0x00000000a5e00000| PB 0x00000000a5e00000| Untracked 
|  95|0x00000000a5f00000, 0x00000000a6000000, 0x00000000a6000000|100%| O|  |TAMS 0x00000000a5f00000| PB 0x00000000a5f00000| Untracked 
|  96|0x00000000a6000000, 0x00000000a6100000, 0x00000000a6100000|100%| O|  |TAMS 0x00000000a6000000| PB 0x00000000a6000000| Untracked 
|  97|0x00000000a6100000, 0x00000000a6200000, 0x00000000a6200000|100%| O|  |TAMS 0x00000000a6100000| PB 0x00000000a6100000| Untracked 
|  98|0x00000000a6200000, 0x00000000a6300000, 0x00000000a6300000|100%| O|  |TAMS 0x00000000a6200000| PB 0x00000000a6200000| Untracked 
|  99|0x00000000a6300000, 0x00000000a6400000, 0x00000000a6400000|100%| O|  |TAMS 0x00000000a6300000| PB 0x00000000a6300000| Untracked 
| 100|0x00000000a6400000, 0x00000000a6500000, 0x00000000a6500000|100%| O|  |TAMS 0x00000000a6400000| PB 0x00000000a6400000| Untracked 
| 101|0x00000000a6500000, 0x00000000a6600000, 0x00000000a6600000|100%| O|  |TAMS 0x00000000a6500000| PB 0x00000000a6500000| Untracked 
| 102|0x00000000a6600000, 0x00000000a6700000, 0x00000000a6700000|100%| O|  |TAMS 0x00000000a6600000| PB 0x00000000a6600000| Untracked 
| 103|0x00000000a6700000, 0x00000000a6800000, 0x00000000a6800000|100%| O|  |TAMS 0x00000000a6700000| PB 0x00000000a6700000| Untracked 
| 104|0x00000000a6800000, 0x00000000a6900000, 0x00000000a6900000|100%| O|  |TAMS 0x00000000a6800000| PB 0x00000000a6800000| Untracked 
| 105|0x00000000a6900000, 0x00000000a6a00000, 0x00000000a6a00000|100%| O|  |TAMS 0x00000000a6900000| PB 0x00000000a6900000| Untracked 
| 106|0x00000000a6a00000, 0x00000000a6b00000, 0x00000000a6b00000|100%| O|  |TAMS 0x00000000a6a00000| PB 0x00000000a6a00000| Untracked 
| 107|0x00000000a6b00000, 0x00000000a6c00000, 0x00000000a6c00000|100%| O|  |TAMS 0x00000000a6b00000| PB 0x00000000a6b00000| Untracked 
| 108|0x00000000a6c00000, 0x00000000a6d00000, 0x00000000a6d00000|100%| O|  |TAMS 0x00000000a6c00000| PB 0x00000000a6c00000| Untracked 
| 109|0x00000000a6d00000, 0x00000000a6e00000, 0x00000000a6e00000|100%| O|  |TAMS 0x00000000a6d00000| PB 0x00000000a6d00000| Untracked 
| 110|0x00000000a6e00000, 0x00000000a6f00000, 0x00000000a6f00000|100%| O|  |TAMS 0x00000000a6e00000| PB 0x00000000a6e00000| Untracked 
| 111|0x00000000a6f00000, 0x00000000a7000000, 0x00000000a7000000|100%| O|  |TAMS 0x00000000a6f00000| PB 0x00000000a6f00000| Untracked 
| 112|0x00000000a7000000, 0x00000000a7100000, 0x00000000a7100000|100%| O|  |TAMS 0x00000000a7000000| PB 0x00000000a7000000| Untracked 
| 113|0x00000000a7100000, 0x00000000a7200000, 0x00000000a7200000|100%| O|  |TAMS 0x00000000a7100000| PB 0x00000000a7100000| Untracked 
| 114|0x00000000a7200000, 0x00000000a7300000, 0x00000000a7300000|100%| O|  |TAMS 0x00000000a7200000| PB 0x00000000a7200000| Untracked 
| 115|0x00000000a7300000, 0x00000000a7400000, 0x00000000a7400000|100%| O|  |TAMS 0x00000000a7300000| PB 0x00000000a7300000| Untracked 
| 116|0x00000000a7400000, 0x00000000a7500000, 0x00000000a7500000|100%| O|  |TAMS 0x00000000a7400000| PB 0x00000000a7400000| Untracked 
| 117|0x00000000a7500000, 0x00000000a7600000, 0x00000000a7600000|100%| O|  |TAMS 0x00000000a7500000| PB 0x00000000a7500000| Untracked 
| 118|0x00000000a7600000, 0x00000000a7700000, 0x00000000a7700000|100%| O|  |TAMS 0x00000000a7600000| PB 0x00000000a7600000| Untracked 
| 119|0x00000000a7700000, 0x00000000a7800000, 0x00000000a7800000|100%| O|  |TAMS 0x00000000a7700000| PB 0x00000000a7700000| Untracked 
| 120|0x00000000a7800000, 0x00000000a7900000, 0x00000000a7900000|100%| O|  |TAMS 0x00000000a7800000| PB 0x00000000a7800000| Untracked 
| 121|0x00000000a7900000, 0x00000000a7a00000, 0x00000000a7a00000|100%| O|  |TAMS 0x00000000a7900000| PB 0x00000000a7900000| Untracked 
| 122|0x00000000a7a00000, 0x00000000a7b00000, 0x00000000a7b00000|100%| O|  |TAMS 0x00000000a7a00000| PB 0x00000000a7a00000| Untracked 
| 123|0x00000000a7b00000, 0x00000000a7c00000, 0x00000000a7c00000|100%| O|  |TAMS 0x00000000a7b00000| PB 0x00000000a7b00000| Untracked 
| 124|0x00000000a7c00000, 0x00000000a7d00000, 0x00000000a7d00000|100%| O|  |TAMS 0x00000000a7c00000| PB 0x00000000a7c00000| Untracked 
| 125|0x00000000a7d00000, 0x00000000a7e00000, 0x00000000a7e00000|100%| O|  |TAMS 0x00000000a7d00000| PB 0x00000000a7d00000| Untracked 
| 126|0x00000000a7e00000, 0x00000000a7f00000, 0x00000000a7f00000|100%| O|  |TAMS 0x00000000a7e00000| PB 0x00000000a7e00000| Untracked 
| 127|0x00000000a7f00000, 0x00000000a8000000, 0x00000000a8000000|100%| O|  |TAMS 0x00000000a7f00000| PB 0x00000000a7f00000| Untracked 
| 128|0x00000000a8000000, 0x00000000a8100000, 0x00000000a8100000|100%| O|  |TAMS 0x00000000a8000000| PB 0x00000000a8000000| Untracked 
| 129|0x00000000a8100000, 0x00000000a8200000, 0x00000000a8200000|100%| O|  |TAMS 0x00000000a8100000| PB 0x00000000a8100000| Untracked 
| 130|0x00000000a8200000, 0x00000000a8300000, 0x00000000a8300000|100%| O|  |TAMS 0x00000000a8200000| PB 0x00000000a8200000| Untracked 
| 131|0x00000000a8300000, 0x00000000a8400000, 0x00000000a8400000|100%| O|  |TAMS 0x00000000a8300000| PB 0x00000000a8300000| Untracked 
| 132|0x00000000a8400000, 0x00000000a8500000, 0x00000000a8500000|100%| O|  |TAMS 0x00000000a8400000| PB 0x00000000a8400000| Untracked 
| 133|0x00000000a8500000, 0x00000000a8600000, 0x00000000a8600000|100%| O|  |TAMS 0x00000000a8500000| PB 0x00000000a8500000| Untracked 
| 134|0x00000000a8600000, 0x00000000a8700000, 0x00000000a8700000|100%| O|  |TAMS 0x00000000a8600000| PB 0x00000000a8600000| Untracked 
| 135|0x00000000a8700000, 0x00000000a8800000, 0x00000000a8800000|100%| O|  |TAMS 0x00000000a8700000| PB 0x00000000a8700000| Untracked 
| 136|0x00000000a8800000, 0x00000000a8900000, 0x00000000a8900000|100%| O|  |TAMS 0x00000000a8800000| PB 0x00000000a8800000| Untracked 
| 137|0x00000000a8900000, 0x00000000a8a00000, 0x00000000a8a00000|100%| O|  |TAMS 0x00000000a8900000| PB 0x00000000a8900000| Untracked 
| 138|0x00000000a8a00000, 0x00000000a8b00000, 0x00000000a8b00000|100%| O|  |TAMS 0x00000000a8a00000| PB 0x00000000a8a00000| Untracked 
| 139|0x00000000a8b00000, 0x00000000a8c00000, 0x00000000a8c00000|100%| O|  |TAMS 0x00000000a8b00000| PB 0x00000000a8b00000| Untracked 
| 140|0x00000000a8c00000, 0x00000000a8d00000, 0x00000000a8d00000|100%| O|  |TAMS 0x00000000a8c00000| PB 0x00000000a8c00000| Untracked 
| 141|0x00000000a8d00000, 0x00000000a8e00000, 0x00000000a8e00000|100%| O|  |TAMS 0x00000000a8d00000| PB 0x00000000a8d00000| Untracked 
| 142|0x00000000a8e00000, 0x00000000a8f00000, 0x00000000a8f00000|100%| O|  |TAMS 0x00000000a8e00000| PB 0x00000000a8e00000| Untracked 
| 143|0x00000000a8f00000, 0x00000000a9000000, 0x00000000a9000000|100%| O|  |TAMS 0x00000000a8f00000| PB 0x00000000a8f00000| Untracked 
| 144|0x00000000a9000000, 0x00000000a9100000, 0x00000000a9100000|100%| O|  |TAMS 0x00000000a9000000| PB 0x00000000a9000000| Untracked 
| 145|0x00000000a9100000, 0x00000000a9200000, 0x00000000a9200000|100%| O|  |TAMS 0x00000000a9100000| PB 0x00000000a9100000| Untracked 
| 146|0x00000000a9200000, 0x00000000a9300000, 0x00000000a9300000|100%| O|  |TAMS 0x00000000a9200000| PB 0x00000000a9200000| Untracked 
| 147|0x00000000a9300000, 0x00000000a9400000, 0x00000000a9400000|100%| O|  |TAMS 0x00000000a9300000| PB 0x00000000a9300000| Untracked 
| 148|0x00000000a9400000, 0x00000000a9500000, 0x00000000a9500000|100%|HS|  |TAMS 0x00000000a9400000| PB 0x00000000a9400000| Complete 
| 149|0x00000000a9500000, 0x00000000a9600000, 0x00000000a9600000|100%|HC|  |TAMS 0x00000000a9500000| PB 0x00000000a9500000| Complete 
| 150|0x00000000a9600000, 0x00000000a9700000, 0x00000000a9700000|100%|HC|  |TAMS 0x00000000a9600000| PB 0x00000000a9600000| Complete 
| 151|0x00000000a9700000, 0x00000000a9800000, 0x00000000a9800000|100%|HC|  |TAMS 0x00000000a9700000| PB 0x00000000a9700000| Complete 
| 152|0x00000000a9800000, 0x00000000a9900000, 0x00000000a9900000|100%| O|  |TAMS 0x00000000a9800000| PB 0x00000000a9800000| Untracked 
| 153|0x00000000a9900000, 0x00000000a9a00000, 0x00000000a9a00000|100%| O|  |TAMS 0x00000000a9900000| PB 0x00000000a9900000| Untracked 
| 154|0x00000000a9a00000, 0x00000000a9b00000, 0x00000000a9b00000|100%| O|  |TAMS 0x00000000a9a00000| PB 0x00000000a9a00000| Untracked 
| 155|0x00000000a9b00000, 0x00000000a9c00000, 0x00000000a9c00000|100%| O|  |TAMS 0x00000000a9b00000| PB 0x00000000a9b00000| Untracked 
| 156|0x00000000a9c00000, 0x00000000a9d00000, 0x00000000a9d00000|100%| O|  |TAMS 0x00000000a9c00000| PB 0x00000000a9c00000| Untracked 
| 157|0x00000000a9d00000, 0x00000000a9e00000, 0x00000000a9e00000|100%| O|  |TAMS 0x00000000a9d00000| PB 0x00000000a9d00000| Untracked 
| 158|0x00000000a9e00000, 0x00000000a9f00000, 0x00000000a9f00000|100%| O|  |TAMS 0x00000000a9e00000| PB 0x00000000a9e00000| Untracked 
| 159|0x00000000a9f00000, 0x00000000aa000000, 0x00000000aa000000|100%| O|  |TAMS 0x00000000a9f00000| PB 0x00000000a9f00000| Untracked 
| 160|0x00000000aa000000, 0x00000000aa100000, 0x00000000aa100000|100%| O|  |TAMS 0x00000000aa000000| PB 0x00000000aa000000| Untracked 
| 161|0x00000000aa100000, 0x00000000aa200000, 0x00000000aa200000|100%| O|  |TAMS 0x00000000aa100000| PB 0x00000000aa100000| Untracked 
| 162|0x00000000aa200000, 0x00000000aa300000, 0x00000000aa300000|100%| O|  |TAMS 0x00000000aa200000| PB 0x00000000aa200000| Untracked 
| 163|0x00000000aa300000, 0x00000000aa400000, 0x00000000aa400000|100%| O|  |TAMS 0x00000000aa300000| PB 0x00000000aa300000| Untracked 
| 164|0x00000000aa400000, 0x00000000aa500000, 0x00000000aa500000|100%| O|  |TAMS 0x00000000aa400000| PB 0x00000000aa400000| Untracked 
| 165|0x00000000aa500000, 0x00000000aa600000, 0x00000000aa600000|100%| O|  |TAMS 0x00000000aa500000| PB 0x00000000aa500000| Untracked 
| 166|0x00000000aa600000, 0x00000000aa700000, 0x00000000aa700000|100%| O|Cm|TAMS 0x00000000aa600000| PB 0x00000000aa600000| Complete 
| 167|0x00000000aa700000, 0x00000000aa800000, 0x00000000aa800000|100%| O|  |TAMS 0x00000000aa700000| PB 0x00000000aa700000| Untracked 
| 168|0x00000000aa800000, 0x00000000aa900000, 0x00000000aa900000|100%| O|  |TAMS 0x00000000aa800000| PB 0x00000000aa800000| Untracked 
| 169|0x00000000aa900000, 0x00000000aaa00000, 0x00000000aaa00000|100%| O|  |TAMS 0x00000000aa900000| PB 0x00000000aa900000| Untracked 
| 170|0x00000000aaa00000, 0x00000000aab00000, 0x00000000aab00000|100%| O|  |TAMS 0x00000000aaa00000| PB 0x00000000aaa00000| Untracked 
| 171|0x00000000aab00000, 0x00000000aac00000, 0x00000000aac00000|100%| O|  |TAMS 0x00000000aab00000| PB 0x00000000aab00000| Untracked 
| 172|0x00000000aac00000, 0x00000000aad00000, 0x00000000aad00000|100%| O|  |TAMS 0x00000000aac00000| PB 0x00000000aac00000| Untracked 
| 173|0x00000000aad00000, 0x00000000aae00000, 0x00000000aae00000|100%| O|  |TAMS 0x00000000aad00000| PB 0x00000000aad00000| Untracked 
| 174|0x00000000aae00000, 0x00000000aaf00000, 0x00000000aaf00000|100%| O|  |TAMS 0x00000000aae00000| PB 0x00000000aae00000| Untracked 
| 175|0x00000000aaf00000, 0x00000000ab000000, 0x00000000ab000000|100%| O|  |TAMS 0x00000000aaf00000| PB 0x00000000aaf00000| Untracked 
| 176|0x00000000ab000000, 0x00000000ab100000, 0x00000000ab100000|100%| O|Cm|TAMS 0x00000000ab000000| PB 0x00000000ab000000| Complete 
| 177|0x00000000ab100000, 0x00000000ab200000, 0x00000000ab200000|100%| O|  |TAMS 0x00000000ab100000| PB 0x00000000ab100000| Untracked 
| 178|0x00000000ab200000, 0x00000000ab300000, 0x00000000ab300000|100%| O|  |TAMS 0x00000000ab200000| PB 0x00000000ab200000| Untracked 
| 179|0x00000000ab300000, 0x00000000ab400000, 0x00000000ab400000|100%| O|  |TAMS 0x00000000ab300000| PB 0x00000000ab300000| Untracked 
| 180|0x00000000ab400000, 0x00000000ab500000, 0x00000000ab500000|100%| O|  |TAMS 0x00000000ab400000| PB 0x00000000ab400000| Untracked 
| 181|0x00000000ab500000, 0x00000000ab600000, 0x00000000ab600000|100%| O|  |TAMS 0x00000000ab500000| PB 0x00000000ab500000| Untracked 
| 182|0x00000000ab600000, 0x00000000ab700000, 0x00000000ab700000|100%| O|  |TAMS 0x00000000ab600000| PB 0x00000000ab600000| Untracked 
| 183|0x00000000ab700000, 0x00000000ab800000, 0x00000000ab800000|100%| O|  |TAMS 0x00000000ab700000| PB 0x00000000ab700000| Untracked 
| 184|0x00000000ab800000, 0x00000000ab900000, 0x00000000ab900000|100%| O|  |TAMS 0x00000000ab800000| PB 0x00000000ab800000| Untracked 
| 185|0x00000000ab900000, 0x00000000aba00000, 0x00000000aba00000|100%| O|  |TAMS 0x00000000ab900000| PB 0x00000000ab900000| Untracked 
| 186|0x00000000aba00000, 0x00000000abb00000, 0x00000000abb00000|100%| O|  |TAMS 0x00000000aba00000| PB 0x00000000aba00000| Untracked 
| 187|0x00000000abb00000, 0x00000000abc00000, 0x00000000abc00000|100%| O|  |TAMS 0x00000000abb00000| PB 0x00000000abb00000| Untracked 
| 188|0x00000000abc00000, 0x00000000abd00000, 0x00000000abd00000|100%| O|  |TAMS 0x00000000abc00000| PB 0x00000000abc00000| Untracked 
| 189|0x00000000abd00000, 0x00000000abe00000, 0x00000000abe00000|100%| O|  |TAMS 0x00000000abd00000| PB 0x00000000abd00000| Untracked 
| 190|0x00000000abe00000, 0x00000000abf00000, 0x00000000abf00000|100%| O|  |TAMS 0x00000000abe00000| PB 0x00000000abe00000| Untracked 
| 191|0x00000000abf00000, 0x00000000ac000000, 0x00000000ac000000|100%| O|  |TAMS 0x00000000abf00000| PB 0x00000000abf00000| Untracked 
| 192|0x00000000ac000000, 0x00000000ac100000, 0x00000000ac100000|100%| O|  |TAMS 0x00000000ac000000| PB 0x00000000ac000000| Untracked 
| 193|0x00000000ac100000, 0x00000000ac200000, 0x00000000ac200000|100%| O|  |TAMS 0x00000000ac100000| PB 0x00000000ac100000| Untracked 
| 194|0x00000000ac200000, 0x00000000ac300000, 0x00000000ac300000|100%| O|  |TAMS 0x00000000ac200000| PB 0x00000000ac200000| Untracked 
| 195|0x00000000ac300000, 0x00000000ac400000, 0x00000000ac400000|100%| O|  |TAMS 0x00000000ac300000| PB 0x00000000ac300000| Untracked 
| 196|0x00000000ac400000, 0x00000000ac500000, 0x00000000ac500000|100%| O|  |TAMS 0x00000000ac400000| PB 0x00000000ac400000| Untracked 
| 197|0x00000000ac500000, 0x00000000ac600000, 0x00000000ac600000|100%| O|  |TAMS 0x00000000ac500000| PB 0x00000000ac500000| Untracked 
| 198|0x00000000ac600000, 0x00000000ac700000, 0x00000000ac700000|100%| O|  |TAMS 0x00000000ac600000| PB 0x00000000ac600000| Untracked 
| 199|0x00000000ac700000, 0x00000000ac800000, 0x00000000ac800000|100%| O|  |TAMS 0x00000000ac700000| PB 0x00000000ac700000| Untracked 
| 200|0x00000000ac800000, 0x00000000ac900000, 0x00000000ac900000|100%| O|  |TAMS 0x00000000ac800000| PB 0x00000000ac800000| Untracked 
| 201|0x00000000ac900000, 0x00000000aca00000, 0x00000000aca00000|100%| O|  |TAMS 0x00000000ac900000| PB 0x00000000ac900000| Untracked 
| 202|0x00000000aca00000, 0x00000000acb00000, 0x00000000acb00000|100%| O|  |TAMS 0x00000000aca00000| PB 0x00000000aca00000| Untracked 
| 203|0x00000000acb00000, 0x00000000acc00000, 0x00000000acc00000|100%| O|  |TAMS 0x00000000acb00000| PB 0x00000000acb00000| Untracked 
| 204|0x00000000acc00000, 0x00000000acd00000, 0x00000000acd00000|100%|HS|  |TAMS 0x00000000acc00000| PB 0x00000000acc00000| Complete 
| 205|0x00000000acd00000, 0x00000000ace00000, 0x00000000ace00000|100%|HC|  |TAMS 0x00000000acd00000| PB 0x00000000acd00000| Complete 
| 206|0x00000000ace00000, 0x00000000acf00000, 0x00000000acf00000|100%|HS|  |TAMS 0x00000000ace00000| PB 0x00000000ace00000| Complete 
| 207|0x00000000acf00000, 0x00000000ad000000, 0x00000000ad000000|100%|HC|  |TAMS 0x00000000acf00000| PB 0x00000000acf00000| Complete 
| 208|0x00000000ad000000, 0x00000000ad100000, 0x00000000ad100000|100%| O|  |TAMS 0x00000000ad000000| PB 0x00000000ad000000| Untracked 
| 209|0x00000000ad100000, 0x00000000ad200000, 0x00000000ad200000|100%| O|  |TAMS 0x00000000ad100000| PB 0x00000000ad100000| Untracked 
| 210|0x00000000ad200000, 0x00000000ad300000, 0x00000000ad300000|100%| O|  |TAMS 0x00000000ad200000| PB 0x00000000ad200000| Untracked 
| 211|0x00000000ad300000, 0x00000000ad400000, 0x00000000ad400000|100%| O|Cm|TAMS 0x00000000ad300000| PB 0x00000000ad300000| Complete 
| 212|0x00000000ad400000, 0x00000000ad500000, 0x00000000ad500000|100%| O|  |TAMS 0x00000000ad400000| PB 0x00000000ad400000| Untracked 
| 213|0x00000000ad500000, 0x00000000ad600000, 0x00000000ad600000|100%| O|  |TAMS 0x00000000ad500000| PB 0x00000000ad500000| Untracked 
| 214|0x00000000ad600000, 0x00000000ad700000, 0x00000000ad700000|100%| O|  |TAMS 0x00000000ad600000| PB 0x00000000ad600000| Untracked 
| 215|0x00000000ad700000, 0x00000000ad800000, 0x00000000ad800000|100%| O|  |TAMS 0x00000000ad700000| PB 0x00000000ad700000| Untracked 
| 216|0x00000000ad800000, 0x00000000ad900000, 0x00000000ad900000|100%| O|  |TAMS 0x00000000ad800000| PB 0x00000000ad800000| Untracked 
| 217|0x00000000ad900000, 0x00000000ada00000, 0x00000000ada00000|100%| O|  |TAMS 0x00000000ad900000| PB 0x00000000ad900000| Untracked 
| 218|0x00000000ada00000, 0x00000000adb00000, 0x00000000adb00000|100%| O|  |TAMS 0x00000000ada00000| PB 0x00000000ada00000| Untracked 
| 219|0x00000000adb00000, 0x00000000adc00000, 0x00000000adc00000|100%| O|  |TAMS 0x00000000adb00000| PB 0x00000000adb00000| Untracked 
| 220|0x00000000adc00000, 0x00000000add00000, 0x00000000add00000|100%| O|  |TAMS 0x00000000adc00000| PB 0x00000000adc00000| Untracked 
| 221|0x00000000add00000, 0x00000000ade00000, 0x00000000ade00000|100%| O|  |TAMS 0x00000000add00000| PB 0x00000000add00000| Untracked 
| 222|0x00000000ade00000, 0x00000000adf00000, 0x00000000adf00000|100%| O|  |TAMS 0x00000000ade00000| PB 0x00000000ade00000| Untracked 
| 223|0x00000000adf00000, 0x00000000ae000000, 0x00000000ae000000|100%| O|  |TAMS 0x00000000adf00000| PB 0x00000000adf00000| Untracked 
| 224|0x00000000ae000000, 0x00000000ae100000, 0x00000000ae100000|100%| O|  |TAMS 0x00000000ae000000| PB 0x00000000ae000000| Untracked 
| 225|0x00000000ae100000, 0x00000000ae200000, 0x00000000ae200000|100%| O|Cm|TAMS 0x00000000ae100000| PB 0x00000000ae100000| Complete 
| 226|0x00000000ae200000, 0x00000000ae300000, 0x00000000ae300000|100%| O|  |TAMS 0x00000000ae200000| PB 0x00000000ae200000| Untracked 
| 227|0x00000000ae300000, 0x00000000ae400000, 0x00000000ae400000|100%| O|  |TAMS 0x00000000ae300000| PB 0x00000000ae300000| Untracked 
| 228|0x00000000ae400000, 0x00000000ae500000, 0x00000000ae500000|100%| O|  |TAMS 0x00000000ae400000| PB 0x00000000ae400000| Untracked 
| 229|0x00000000ae500000, 0x00000000ae600000, 0x00000000ae600000|100%| O|  |TAMS 0x00000000ae500000| PB 0x00000000ae500000| Untracked 
| 230|0x00000000ae600000, 0x00000000ae700000, 0x00000000ae700000|100%| O|  |TAMS 0x00000000ae600000| PB 0x00000000ae600000| Untracked 
| 231|0x00000000ae700000, 0x00000000ae800000, 0x00000000ae800000|100%| O|  |TAMS 0x00000000ae700000| PB 0x00000000ae700000| Untracked 
| 232|0x00000000ae800000, 0x00000000ae900000, 0x00000000ae900000|100%| O|  |TAMS 0x00000000ae800000| PB 0x00000000ae800000| Untracked 
| 233|0x00000000ae900000, 0x00000000aea00000, 0x00000000aea00000|100%| O|  |TAMS 0x00000000ae900000| PB 0x00000000ae900000| Untracked 
| 234|0x00000000aea00000, 0x00000000aeb00000, 0x00000000aeb00000|100%| O|  |TAMS 0x00000000aea00000| PB 0x00000000aea00000| Untracked 
| 235|0x00000000aeb00000, 0x00000000aec00000, 0x00000000aec00000|100%| O|  |TAMS 0x00000000aeb00000| PB 0x00000000aeb00000| Untracked 
| 236|0x00000000aec00000, 0x00000000aed00000, 0x00000000aed00000|100%| O|  |TAMS 0x00000000aec00000| PB 0x00000000aec00000| Untracked 
| 237|0x00000000aed00000, 0x00000000aee00000, 0x00000000aee00000|100%| O|  |TAMS 0x00000000aed00000| PB 0x00000000aed00000| Untracked 
| 238|0x00000000aee00000, 0x00000000aef00000, 0x00000000aef00000|100%| O|  |TAMS 0x00000000aee00000| PB 0x00000000aee00000| Untracked 
| 239|0x00000000aef00000, 0x00000000af000000, 0x00000000af000000|100%| O|  |TAMS 0x00000000aef00000| PB 0x00000000aef00000| Untracked 
| 240|0x00000000af000000, 0x00000000af100000, 0x00000000af100000|100%| O|  |TAMS 0x00000000af000000| PB 0x00000000af000000| Untracked 
| 241|0x00000000af100000, 0x00000000af200000, 0x00000000af200000|100%| O|Cm|TAMS 0x00000000af100000| PB 0x00000000af100000| Complete 
| 242|0x00000000af200000, 0x00000000af300000, 0x00000000af300000|100%| O|  |TAMS 0x00000000af200000| PB 0x00000000af200000| Untracked 
| 243|0x00000000af300000, 0x00000000af400000, 0x00000000af400000|100%| O|  |TAMS 0x00000000af300000| PB 0x00000000af300000| Untracked 
| 244|0x00000000af400000, 0x00000000af500000, 0x00000000af500000|100%| O|  |TAMS 0x00000000af400000| PB 0x00000000af400000| Untracked 
| 245|0x00000000af500000, 0x00000000af600000, 0x00000000af600000|100%| O|  |TAMS 0x00000000af500000| PB 0x00000000af500000| Untracked 
| 246|0x00000000af600000, 0x00000000af700000, 0x00000000af700000|100%| O|  |TAMS 0x00000000af600000| PB 0x00000000af600000| Untracked 
| 247|0x00000000af700000, 0x00000000af800000, 0x00000000af800000|100%| O|  |TAMS 0x00000000af700000| PB 0x00000000af700000| Untracked 
| 248|0x00000000af800000, 0x00000000af900000, 0x00000000af900000|100%| O|  |TAMS 0x00000000af800000| PB 0x00000000af800000| Untracked 
| 249|0x00000000af900000, 0x00000000afa00000, 0x00000000afa00000|100%| O|  |TAMS 0x00000000af900000| PB 0x00000000af900000| Untracked 
| 250|0x00000000afa00000, 0x00000000afb00000, 0x00000000afb00000|100%|HS|  |TAMS 0x00000000afa00000| PB 0x00000000afa00000| Complete 
| 251|0x00000000afb00000, 0x00000000afc00000, 0x00000000afc00000|100%|HC|  |TAMS 0x00000000afb00000| PB 0x00000000afb00000| Complete 
| 252|0x00000000afc00000, 0x00000000afd00000, 0x00000000afd00000|100%|HC|  |TAMS 0x00000000afc00000| PB 0x00000000afc00000| Complete 
| 253|0x00000000afd00000, 0x00000000afe00000, 0x00000000afe00000|100%|HC|  |TAMS 0x00000000afd00000| PB 0x00000000afd00000| Complete 
| 254|0x00000000afe00000, 0x00000000aff00000, 0x00000000aff00000|100%|HC|  |TAMS 0x00000000afe00000| PB 0x00000000afe00000| Complete 
| 255|0x00000000aff00000, 0x00000000b0000000, 0x00000000b0000000|100%| O|  |TAMS 0x00000000aff00000| PB 0x00000000aff00000| Untracked 
| 256|0x00000000b0000000, 0x00000000b0100000, 0x00000000b0100000|100%| O|  |TAMS 0x00000000b0000000| PB 0x00000000b0000000| Untracked 
| 257|0x00000000b0100000, 0x00000000b0200000, 0x00000000b0200000|100%| O|  |TAMS 0x00000000b0100000| PB 0x00000000b0100000| Untracked 
| 258|0x00000000b0200000, 0x00000000b0300000, 0x00000000b0300000|100%| O|  |TAMS 0x00000000b0200000| PB 0x00000000b0200000| Untracked 
| 259|0x00000000b0300000, 0x00000000b0400000, 0x00000000b0400000|100%| O|  |TAMS 0x00000000b0300000| PB 0x00000000b0300000| Untracked 
| 260|0x00000000b0400000, 0x00000000b0500000, 0x00000000b0500000|100%| O|  |TAMS 0x00000000b0400000| PB 0x00000000b0400000| Untracked 
| 261|0x00000000b0500000, 0x00000000b0600000, 0x00000000b0600000|100%| O|  |TAMS 0x00000000b0500000| PB 0x00000000b0500000| Untracked 
| 262|0x00000000b0600000, 0x00000000b0700000, 0x00000000b0700000|100%| O|  |TAMS 0x00000000b0600000| PB 0x00000000b0600000| Untracked 
| 263|0x00000000b0700000, 0x00000000b0800000, 0x00000000b0800000|100%| O|  |TAMS 0x00000000b0700000| PB 0x00000000b0700000| Untracked 
| 264|0x00000000b0800000, 0x00000000b0900000, 0x00000000b0900000|100%| O|  |TAMS 0x00000000b0800000| PB 0x00000000b0800000| Untracked 
| 265|0x00000000b0900000, 0x00000000b0a00000, 0x00000000b0a00000|100%| O|  |TAMS 0x00000000b0900000| PB 0x00000000b0900000| Untracked 
| 266|0x00000000b0a00000, 0x00000000b0b00000, 0x00000000b0b00000|100%| O|  |TAMS 0x00000000b0a00000| PB 0x00000000b0a00000| Untracked 
| 267|0x00000000b0b00000, 0x00000000b0c00000, 0x00000000b0c00000|100%| O|  |TAMS 0x00000000b0b00000| PB 0x00000000b0b00000| Untracked 
| 268|0x00000000b0c00000, 0x00000000b0d00000, 0x00000000b0d00000|100%| O|Cm|TAMS 0x00000000b0c00000| PB 0x00000000b0c00000| Complete 
| 269|0x00000000b0d00000, 0x00000000b0e00000, 0x00000000b0e00000|100%| O|  |TAMS 0x00000000b0d00000| PB 0x00000000b0d00000| Untracked 
| 270|0x00000000b0e00000, 0x00000000b0f00000, 0x00000000b0f00000|100%| O|  |TAMS 0x00000000b0e00000| PB 0x00000000b0e00000| Untracked 
| 271|0x00000000b0f00000, 0x00000000b1000000, 0x00000000b1000000|100%| O|  |TAMS 0x00000000b0f00000| PB 0x00000000b0f00000| Untracked 
| 272|0x00000000b1000000, 0x00000000b1100000, 0x00000000b1100000|100%| O|  |TAMS 0x00000000b1000000| PB 0x00000000b1000000| Untracked 
| 273|0x00000000b1100000, 0x00000000b1200000, 0x00000000b1200000|100%| O|  |TAMS 0x00000000b1100000| PB 0x00000000b1100000| Untracked 
| 274|0x00000000b1200000, 0x00000000b1300000, 0x00000000b1300000|100%| O|  |TAMS 0x00000000b1200000| PB 0x00000000b1200000| Untracked 
| 275|0x00000000b1300000, 0x00000000b1400000, 0x00000000b1400000|100%| O|  |TAMS 0x00000000b1300000| PB 0x00000000b1300000| Untracked 
| 276|0x00000000b1400000, 0x00000000b1500000, 0x00000000b1500000|100%| O|Cm|TAMS 0x00000000b1400000| PB 0x00000000b1400000| Complete 
| 277|0x00000000b1500000, 0x00000000b1600000, 0x00000000b1600000|100%| O|  |TAMS 0x00000000b1500000| PB 0x00000000b1500000| Untracked 
| 278|0x00000000b1600000, 0x00000000b1700000, 0x00000000b1700000|100%| O|  |TAMS 0x00000000b1600000| PB 0x00000000b1600000| Untracked 
| 279|0x00000000b1700000, 0x00000000b1800000, 0x00000000b1800000|100%| O|  |TAMS 0x00000000b1700000| PB 0x00000000b1700000| Untracked 
| 280|0x00000000b1800000, 0x00000000b1900000, 0x00000000b1900000|100%|HS|  |TAMS 0x00000000b1800000| PB 0x00000000b1800000| Complete 
| 281|0x00000000b1900000, 0x00000000b1a00000, 0x00000000b1a00000|100%|HC|  |TAMS 0x00000000b1900000| PB 0x00000000b1900000| Complete 
| 282|0x00000000b1a00000, 0x00000000b1b00000, 0x00000000b1b00000|100%|HS|  |TAMS 0x00000000b1a00000| PB 0x00000000b1a00000| Complete 
| 283|0x00000000b1b00000, 0x00000000b1c00000, 0x00000000b1c00000|100%|HC|  |TAMS 0x00000000b1b00000| PB 0x00000000b1b00000| Complete 
| 284|0x00000000b1c00000, 0x00000000b1d00000, 0x00000000b1d00000|100%| O|  |TAMS 0x00000000b1c00000| PB 0x00000000b1c00000| Untracked 
| 285|0x00000000b1d00000, 0x00000000b1e00000, 0x00000000b1e00000|100%| O|  |TAMS 0x00000000b1d00000| PB 0x00000000b1d00000| Untracked 
| 286|0x00000000b1e00000, 0x00000000b1f00000, 0x00000000b1f00000|100%| O|  |TAMS 0x00000000b1e00000| PB 0x00000000b1e00000| Untracked 
| 287|0x00000000b1f00000, 0x00000000b2000000, 0x00000000b2000000|100%| O|  |TAMS 0x00000000b1f00000| PB 0x00000000b1f00000| Untracked 
| 288|0x00000000b2000000, 0x00000000b2100000, 0x00000000b2100000|100%| O|  |TAMS 0x00000000b2000000| PB 0x00000000b2000000| Untracked 
| 289|0x00000000b2100000, 0x00000000b2200000, 0x00000000b2200000|100%| O|  |TAMS 0x00000000b2100000| PB 0x00000000b2100000| Untracked 
| 290|0x00000000b2200000, 0x00000000b2300000, 0x00000000b2300000|100%| O|  |TAMS 0x00000000b2200000| PB 0x00000000b2200000| Untracked 
| 291|0x00000000b2300000, 0x00000000b2400000, 0x00000000b2400000|100%| O|  |TAMS 0x00000000b2300000| PB 0x00000000b2300000| Untracked 
| 292|0x00000000b2400000, 0x00000000b2500000, 0x00000000b2500000|100%| O|  |TAMS 0x00000000b2400000| PB 0x00000000b2400000| Untracked 
| 293|0x00000000b2500000, 0x00000000b2600000, 0x00000000b2600000|100%| O|  |TAMS 0x00000000b2500000| PB 0x00000000b2500000| Untracked 
| 294|0x00000000b2600000, 0x00000000b2700000, 0x00000000b2700000|100%| O|Cm|TAMS 0x00000000b2600000| PB 0x00000000b2600000| Complete 
| 295|0x00000000b2700000, 0x00000000b2800000, 0x00000000b2800000|100%| O|Cm|TAMS 0x00000000b2700000| PB 0x00000000b2700000| Complete 
| 296|0x00000000b2800000, 0x00000000b2900000, 0x00000000b2900000|100%| O|Cm|TAMS 0x00000000b2800000| PB 0x00000000b2800000| Complete 
| 297|0x00000000b2900000, 0x00000000b2a00000, 0x00000000b2a00000|100%| O|Cm|TAMS 0x00000000b2900000| PB 0x00000000b2900000| Complete 
| 298|0x00000000b2a00000, 0x00000000b2b00000, 0x00000000b2b00000|100%| O|Cm|TAMS 0x00000000b2a00000| PB 0x00000000b2a00000| Complete 
| 299|0x00000000b2b00000, 0x00000000b2c00000, 0x00000000b2c00000|100%| O|Cm|TAMS 0x00000000b2b00000| PB 0x00000000b2b00000| Complete 
| 300|0x00000000b2c00000, 0x00000000b2d00000, 0x00000000b2d00000|100%| O|Cm|TAMS 0x00000000b2c00000| PB 0x00000000b2c00000| Complete 
| 301|0x00000000b2d00000, 0x00000000b2e00000, 0x00000000b2e00000|100%| O|Cm|TAMS 0x00000000b2d00000| PB 0x00000000b2d00000| Complete 
| 302|0x00000000b2e00000, 0x00000000b2f00000, 0x00000000b2f00000|100%| O|Cm|TAMS 0x00000000b2e00000| PB 0x00000000b2e00000| Complete 
| 303|0x00000000b2f00000, 0x00000000b3000000, 0x00000000b3000000|100%| O|Cm|TAMS 0x00000000b2f00000| PB 0x00000000b2f00000| Complete 
| 304|0x00000000b3000000, 0x00000000b3100000, 0x00000000b3100000|100%| O|Cm|TAMS 0x00000000b3000000| PB 0x00000000b3000000| Complete 
| 305|0x00000000b3100000, 0x00000000b3100000, 0x00000000b3200000|  0%| F|  |TAMS 0x00000000b3100000| PB 0x00000000b3100000| Untracked 
| 306|0x00000000b3200000, 0x00000000b3200000, 0x00000000b3300000|  0%| F|  |TAMS 0x00000000b3200000| PB 0x00000000b3200000| Untracked 
| 307|0x00000000b3300000, 0x00000000b3400000, 0x00000000b3400000|100%| O|Cm|TAMS 0x00000000b3300000| PB 0x00000000b3300000| Complete 
| 308|0x00000000b3400000, 0x00000000b3400000, 0x00000000b3500000|  0%| F|  |TAMS 0x00000000b3400000| PB 0x00000000b3400000| Untracked 
| 309|0x00000000b3500000, 0x00000000b3600000, 0x00000000b3600000|100%| O|Cm|TAMS 0x00000000b3500000| PB 0x00000000b3500000| Complete 
| 310|0x00000000b3600000, 0x00000000b3600000, 0x00000000b3700000|  0%| F|  |TAMS 0x00000000b3600000| PB 0x00000000b3600000| Untracked 
| 311|0x00000000b3700000, 0x00000000b3700000, 0x00000000b3800000|  0%| F|  |TAMS 0x00000000b3700000| PB 0x00000000b3700000| Untracked 
| 312|0x00000000b3800000, 0x00000000b3900000, 0x00000000b3900000|100%| O|Cm|TAMS 0x00000000b3800000| PB 0x00000000b3800000| Complete 
| 313|0x00000000b3900000, 0x00000000b3a00000, 0x00000000b3a00000|100%| O|Cm|TAMS 0x00000000b3900000| PB 0x00000000b3900000| Complete 
| 314|0x00000000b3a00000, 0x00000000b3a00000, 0x00000000b3b00000|  0%| F|  |TAMS 0x00000000b3a00000| PB 0x00000000b3a00000| Untracked 
| 315|0x00000000b3b00000, 0x00000000b3b00000, 0x00000000b3c00000|  0%| F|  |TAMS 0x00000000b3b00000| PB 0x00000000b3b00000| Untracked 
| 316|0x00000000b3c00000, 0x00000000b3c00000, 0x00000000b3d00000|  0%| F|  |TAMS 0x00000000b3c00000| PB 0x00000000b3c00000| Untracked 
| 317|0x00000000b3d00000, 0x00000000b3e00000, 0x00000000b3e00000|100%| O|  |TAMS 0x00000000b3d00000| PB 0x00000000b3d00000| Untracked 
| 318|0x00000000b3e00000, 0x00000000b3f00000, 0x00000000b3f00000|100%| O|  |TAMS 0x00000000b3e00000| PB 0x00000000b3e00000| Untracked 
| 319|0x00000000b3f00000, 0x00000000b4000000, 0x00000000b4000000|100%| O|  |TAMS 0x00000000b3f00000| PB 0x00000000b3f00000| Untracked 
| 320|0x00000000b4000000, 0x00000000b4100000, 0x00000000b4100000|100%| O|  |TAMS 0x00000000b4000000| PB 0x00000000b4000000| Untracked 
| 321|0x00000000b4100000, 0x00000000b4200000, 0x00000000b4200000|100%| O|Cm|TAMS 0x00000000b4100000| PB 0x00000000b4100000| Complete 
| 322|0x00000000b4200000, 0x00000000b4300000, 0x00000000b4300000|100%| O|  |TAMS 0x00000000b4200000| PB 0x00000000b4200000| Untracked 
| 323|0x00000000b4300000, 0x00000000b4400000, 0x00000000b4400000|100%| O|Cm|TAMS 0x00000000b4300000| PB 0x00000000b4300000| Complete 
| 324|0x00000000b4400000, 0x00000000b4500000, 0x00000000b4500000|100%| O|Cm|TAMS 0x00000000b4400000| PB 0x00000000b4400000| Complete 
| 325|0x00000000b4500000, 0x00000000b4600000, 0x00000000b4600000|100%| O|Cm|TAMS 0x00000000b4500000| PB 0x00000000b4500000| Complete 
| 326|0x00000000b4600000, 0x00000000b4700000, 0x00000000b4700000|100%| O|  |TAMS 0x00000000b4600000| PB 0x00000000b4600000| Untracked 
| 327|0x00000000b4700000, 0x00000000b4800000, 0x00000000b4800000|100%| O|Cm|TAMS 0x00000000b4700000| PB 0x00000000b4700000| Complete 
| 328|0x00000000b4800000, 0x00000000b4900000, 0x00000000b4900000|100%| O|Cm|TAMS 0x00000000b4800000| PB 0x00000000b4800000| Complete 
| 329|0x00000000b4900000, 0x00000000b4a00000, 0x00000000b4a00000|100%| O|  |TAMS 0x00000000b4900000| PB 0x00000000b4900000| Untracked 
| 330|0x00000000b4a00000, 0x00000000b4b00000, 0x00000000b4b00000|100%| O|Cm|TAMS 0x00000000b4a00000| PB 0x00000000b4a00000| Complete 
| 331|0x00000000b4b00000, 0x00000000b4c00000, 0x00000000b4c00000|100%| O|Cm|TAMS 0x00000000b4b00000| PB 0x00000000b4b00000| Complete 
| 332|0x00000000b4c00000, 0x00000000b4d00000, 0x00000000b4d00000|100%| O|  |TAMS 0x00000000b4c00000| PB 0x00000000b4c00000| Untracked 
| 333|0x00000000b4d00000, 0x00000000b4e00000, 0x00000000b4e00000|100%| O|  |TAMS 0x00000000b4d00000| PB 0x00000000b4d00000| Untracked 
| 334|0x00000000b4e00000, 0x00000000b4f00000, 0x00000000b4f00000|100%| O|  |TAMS 0x00000000b4e00000| PB 0x00000000b4e00000| Untracked 
| 335|0x00000000b4f00000, 0x00000000b5000000, 0x00000000b5000000|100%| O|  |TAMS 0x00000000b4f00000| PB 0x00000000b4f00000| Untracked 
| 336|0x00000000b5000000, 0x00000000b5100000, 0x00000000b5100000|100%| O|  |TAMS 0x00000000b5000000| PB 0x00000000b5000000| Untracked 
| 337|0x00000000b5100000, 0x00000000b5200000, 0x00000000b5200000|100%| O|  |TAMS 0x00000000b5100000| PB 0x00000000b5100000| Untracked 
| 338|0x00000000b5200000, 0x00000000b5300000, 0x00000000b5300000|100%| O|  |TAMS 0x00000000b5200000| PB 0x00000000b5200000| Untracked 
| 339|0x00000000b5300000, 0x00000000b5400000, 0x00000000b5400000|100%| O|  |TAMS 0x00000000b5300000| PB 0x00000000b5300000| Untracked 
| 340|0x00000000b5400000, 0x00000000b5500000, 0x00000000b5500000|100%| O|  |TAMS 0x00000000b5400000| PB 0x00000000b5400000| Untracked 
| 341|0x00000000b5500000, 0x00000000b5500000, 0x00000000b5600000|  0%| F|  |TAMS 0x00000000b5500000| PB 0x00000000b5500000| Untracked 
| 342|0x00000000b5600000, 0x00000000b5600000, 0x00000000b5700000|  0%| F|  |TAMS 0x00000000b5600000| PB 0x00000000b5600000| Untracked 
| 343|0x00000000b5700000, 0x00000000b5700000, 0x00000000b5800000|  0%| F|  |TAMS 0x00000000b5700000| PB 0x00000000b5700000| Untracked 
| 344|0x00000000b5800000, 0x00000000b5800000, 0x00000000b5900000|  0%| F|  |TAMS 0x00000000b5800000| PB 0x00000000b5800000| Untracked 
| 345|0x00000000b5900000, 0x00000000b5900000, 0x00000000b5a00000|  0%| F|  |TAMS 0x00000000b5900000| PB 0x00000000b5900000| Untracked 
| 346|0x00000000b5a00000, 0x00000000b5a00000, 0x00000000b5b00000|  0%| F|  |TAMS 0x00000000b5a00000| PB 0x00000000b5a00000| Untracked 
| 347|0x00000000b5b00000, 0x00000000b5b00000, 0x00000000b5c00000|  0%| F|  |TAMS 0x00000000b5b00000| PB 0x00000000b5b00000| Untracked 
| 348|0x00000000b5c00000, 0x00000000b5c00000, 0x00000000b5d00000|  0%| F|  |TAMS 0x00000000b5c00000| PB 0x00000000b5c00000| Untracked 
| 349|0x00000000b5d00000, 0x00000000b5d00000, 0x00000000b5e00000|  0%| F|  |TAMS 0x00000000b5d00000| PB 0x00000000b5d00000| Untracked 
| 350|0x00000000b5e00000, 0x00000000b5e00000, 0x00000000b5f00000|  0%| F|  |TAMS 0x00000000b5e00000| PB 0x00000000b5e00000| Untracked 
| 351|0x00000000b5f00000, 0x00000000b5f00000, 0x00000000b6000000|  0%| F|  |TAMS 0x00000000b5f00000| PB 0x00000000b5f00000| Untracked 
| 352|0x00000000b6000000, 0x00000000b6000000, 0x00000000b6100000|  0%| F|  |TAMS 0x00000000b6000000| PB 0x00000000b6000000| Untracked 
| 353|0x00000000b6100000, 0x00000000b6100000, 0x00000000b6200000|  0%| F|  |TAMS 0x00000000b6100000| PB 0x00000000b6100000| Untracked 
| 354|0x00000000b6200000, 0x00000000b6200000, 0x00000000b6300000|  0%| F|  |TAMS 0x00000000b6200000| PB 0x00000000b6200000| Untracked 
| 355|0x00000000b6300000, 0x00000000b6300000, 0x00000000b6400000|  0%| F|  |TAMS 0x00000000b6300000| PB 0x00000000b6300000| Untracked 
| 356|0x00000000b6400000, 0x00000000b6400000, 0x00000000b6500000|  0%| F|  |TAMS 0x00000000b6400000| PB 0x00000000b6400000| Untracked 
| 357|0x00000000b6500000, 0x00000000b6500000, 0x00000000b6600000|  0%| F|  |TAMS 0x00000000b6500000| PB 0x00000000b6500000| Untracked 
| 358|0x00000000b6600000, 0x00000000b6600000, 0x00000000b6700000|  0%| F|  |TAMS 0x00000000b6600000| PB 0x00000000b6600000| Untracked 
| 359|0x00000000b6700000, 0x00000000b6700000, 0x00000000b6800000|  0%| F|  |TAMS 0x00000000b6700000| PB 0x00000000b6700000| Untracked 
| 360|0x00000000b6800000, 0x00000000b6800000, 0x00000000b6900000|  0%| F|  |TAMS 0x00000000b6800000| PB 0x00000000b6800000| Untracked 
| 361|0x00000000b6900000, 0x00000000b6900000, 0x00000000b6a00000|  0%| F|  |TAMS 0x00000000b6900000| PB 0x00000000b6900000| Untracked 
| 362|0x00000000b6a00000, 0x00000000b6a00000, 0x00000000b6b00000|  0%| F|  |TAMS 0x00000000b6a00000| PB 0x00000000b6a00000| Untracked 
| 363|0x00000000b6b00000, 0x00000000b6b00000, 0x00000000b6c00000|  0%| F|  |TAMS 0x00000000b6b00000| PB 0x00000000b6b00000| Untracked 
| 364|0x00000000b6c00000, 0x00000000b6c00000, 0x00000000b6d00000|  0%| F|  |TAMS 0x00000000b6c00000| PB 0x00000000b6c00000| Untracked 
| 365|0x00000000b6d00000, 0x00000000b6d00000, 0x00000000b6e00000|  0%| F|  |TAMS 0x00000000b6d00000| PB 0x00000000b6d00000| Untracked 
| 366|0x00000000b6e00000, 0x00000000b6e00000, 0x00000000b6f00000|  0%| F|  |TAMS 0x00000000b6e00000| PB 0x00000000b6e00000| Untracked 
| 367|0x00000000b6f00000, 0x00000000b6f00000, 0x00000000b7000000|  0%| F|  |TAMS 0x00000000b6f00000| PB 0x00000000b6f00000| Untracked 
| 368|0x00000000b7000000, 0x00000000b7000000, 0x00000000b7100000|  0%| F|  |TAMS 0x00000000b7000000| PB 0x00000000b7000000| Untracked 
| 369|0x00000000b7100000, 0x00000000b7100000, 0x00000000b7200000|  0%| F|  |TAMS 0x00000000b7100000| PB 0x00000000b7100000| Untracked 
| 370|0x00000000b7200000, 0x00000000b7200000, 0x00000000b7300000|  0%| F|  |TAMS 0x00000000b7200000| PB 0x00000000b7200000| Untracked 
| 371|0x00000000b7300000, 0x00000000b7300000, 0x00000000b7400000|  0%| F|  |TAMS 0x00000000b7300000| PB 0x00000000b7300000| Untracked 
| 372|0x00000000b7400000, 0x00000000b7400000, 0x00000000b7500000|  0%| F|  |TAMS 0x00000000b7400000| PB 0x00000000b7400000| Untracked 
| 373|0x00000000b7500000, 0x00000000b7500000, 0x00000000b7600000|  0%| F|  |TAMS 0x00000000b7500000| PB 0x00000000b7500000| Untracked 
| 374|0x00000000b7600000, 0x00000000b7600000, 0x00000000b7700000|  0%| F|  |TAMS 0x00000000b7600000| PB 0x00000000b7600000| Untracked 
| 375|0x00000000b7700000, 0x00000000b7800000, 0x00000000b7800000|100%| S|CS|TAMS 0x00000000b7700000| PB 0x00000000b7700000| Complete 
| 376|0x00000000b7800000, 0x00000000b7900000, 0x00000000b7900000|100%| S|CS|TAMS 0x00000000b7800000| PB 0x00000000b7800000| Complete 
| 377|0x00000000b7900000, 0x00000000b7a00000, 0x00000000b7a00000|100%| S|CS|TAMS 0x00000000b7900000| PB 0x00000000b7900000| Complete 
| 378|0x00000000b7a00000, 0x00000000b7b00000, 0x00000000b7b00000|100%| S|CS|TAMS 0x00000000b7a00000| PB 0x00000000b7a00000| Complete 
| 379|0x00000000b7b00000, 0x00000000b7c00000, 0x00000000b7c00000|100%| S|CS|TAMS 0x00000000b7b00000| PB 0x00000000b7b00000| Complete 
| 380|0x00000000b7c00000, 0x00000000b7d00000, 0x00000000b7d00000|100%| S|CS|TAMS 0x00000000b7c00000| PB 0x00000000b7c00000| Complete 
| 381|0x00000000b7d00000, 0x00000000b7e00000, 0x00000000b7e00000|100%| S|CS|TAMS 0x00000000b7d00000| PB 0x00000000b7d00000| Complete 
| 382|0x00000000b7e00000, 0x00000000b7f00000, 0x00000000b7f00000|100%| S|CS|TAMS 0x00000000b7e00000| PB 0x00000000b7e00000| Complete 
| 383|0x00000000b7f00000, 0x00000000b8000000, 0x00000000b8000000|100%| S|CS|TAMS 0x00000000b7f00000| PB 0x00000000b7f00000| Complete 
| 384|0x00000000b8000000, 0x00000000b8100000, 0x00000000b8100000|100%| S|CS|TAMS 0x00000000b8000000| PB 0x00000000b8000000| Complete 
| 385|0x00000000b8100000, 0x00000000b8200000, 0x00000000b8200000|100%| S|CS|TAMS 0x00000000b8100000| PB 0x00000000b8100000| Complete 
| 386|0x00000000b8200000, 0x00000000b8300000, 0x00000000b8300000|100%| S|CS|TAMS 0x00000000b8200000| PB 0x00000000b8200000| Complete 
| 387|0x00000000b8300000, 0x00000000b8400000, 0x00000000b8400000|100%| S|CS|TAMS 0x00000000b8300000| PB 0x00000000b8300000| Complete 
| 388|0x00000000b8400000, 0x00000000b8500000, 0x00000000b8500000|100%| S|CS|TAMS 0x00000000b8400000| PB 0x00000000b8400000| Complete 
| 389|0x00000000b8500000, 0x00000000b8600000, 0x00000000b8600000|100%| S|CS|TAMS 0x00000000b8500000| PB 0x00000000b8500000| Complete 
| 390|0x00000000b8600000, 0x00000000b8700000, 0x00000000b8700000|100%| S|CS|TAMS 0x00000000b8600000| PB 0x00000000b8600000| Complete 
| 391|0x00000000b8700000, 0x00000000b8800000, 0x00000000b8800000|100%| S|CS|TAMS 0x00000000b8700000| PB 0x00000000b8700000| Complete 
| 392|0x00000000b8800000, 0x00000000b8900000, 0x00000000b8900000|100%| S|CS|TAMS 0x00000000b8800000| PB 0x00000000b8800000| Complete 
| 393|0x00000000b8900000, 0x00000000b8a00000, 0x00000000b8a00000|100%| S|CS|TAMS 0x00000000b8900000| PB 0x00000000b8900000| Complete 
| 394|0x00000000b8a00000, 0x00000000b8b00000, 0x00000000b8b00000|100%| S|CS|TAMS 0x00000000b8a00000| PB 0x00000000b8a00000| Complete 
| 395|0x00000000b8b00000, 0x00000000b8c00000, 0x00000000b8c00000|100%| S|CS|TAMS 0x00000000b8b00000| PB 0x00000000b8b00000| Complete 
| 396|0x00000000b8c00000, 0x00000000b8c00000, 0x00000000b8d00000|  0%| F|  |TAMS 0x00000000b8c00000| PB 0x00000000b8c00000| Untracked 
| 397|0x00000000b8d00000, 0x00000000b8d00000, 0x00000000b8e00000|  0%| F|  |TAMS 0x00000000b8d00000| PB 0x00000000b8d00000| Untracked 
| 398|0x00000000b8e00000, 0x00000000b8e00000, 0x00000000b8f00000|  0%| F|  |TAMS 0x00000000b8e00000| PB 0x00000000b8e00000| Untracked 
| 399|0x00000000b8f00000, 0x00000000b8f00000, 0x00000000b9000000|  0%| F|  |TAMS 0x00000000b8f00000| PB 0x00000000b8f00000| Untracked 
| 400|0x00000000b9000000, 0x00000000b9000000, 0x00000000b9100000|  0%| F|  |TAMS 0x00000000b9000000| PB 0x00000000b9000000| Untracked 
| 401|0x00000000b9100000, 0x00000000b9100000, 0x00000000b9200000|  0%| F|  |TAMS 0x00000000b9100000| PB 0x00000000b9100000| Untracked 
| 402|0x00000000b9200000, 0x00000000b9200000, 0x00000000b9300000|  0%| F|  |TAMS 0x00000000b9200000| PB 0x00000000b9200000| Untracked 
| 403|0x00000000b9300000, 0x00000000b9300000, 0x00000000b9400000|  0%| F|  |TAMS 0x00000000b9300000| PB 0x00000000b9300000| Untracked 
| 404|0x00000000b9400000, 0x00000000b9400000, 0x00000000b9500000|  0%| F|  |TAMS 0x00000000b9400000| PB 0x00000000b9400000| Untracked 
| 405|0x00000000b9500000, 0x00000000b9500000, 0x00000000b9600000|  0%| F|  |TAMS 0x00000000b9500000| PB 0x00000000b9500000| Untracked 
| 406|0x00000000b9600000, 0x00000000b9600000, 0x00000000b9700000|  0%| F|  |TAMS 0x00000000b9600000| PB 0x00000000b9600000| Untracked 
| 407|0x00000000b9700000, 0x00000000b9700000, 0x00000000b9800000|  0%| F|  |TAMS 0x00000000b9700000| PB 0x00000000b9700000| Untracked 
| 408|0x00000000b9800000, 0x00000000b9800000, 0x00000000b9900000|  0%| F|  |TAMS 0x00000000b9800000| PB 0x00000000b9800000| Untracked 
| 409|0x00000000b9900000, 0x00000000b9900000, 0x00000000b9a00000|  0%| F|  |TAMS 0x00000000b9900000| PB 0x00000000b9900000| Untracked 
| 410|0x00000000b9a00000, 0x00000000b9a00000, 0x00000000b9b00000|  0%| F|  |TAMS 0x00000000b9a00000| PB 0x00000000b9a00000| Untracked 
| 411|0x00000000b9b00000, 0x00000000b9b00000, 0x00000000b9c00000|  0%| F|  |TAMS 0x00000000b9b00000| PB 0x00000000b9b00000| Untracked 
| 412|0x00000000b9c00000, 0x00000000b9c00000, 0x00000000b9d00000|  0%| F|  |TAMS 0x00000000b9c00000| PB 0x00000000b9c00000| Untracked 
| 413|0x00000000b9d00000, 0x00000000b9d00000, 0x00000000b9e00000|  0%| F|  |TAMS 0x00000000b9d00000| PB 0x00000000b9d00000| Untracked 
| 414|0x00000000b9e00000, 0x00000000b9e00000, 0x00000000b9f00000|  0%| F|  |TAMS 0x00000000b9e00000| PB 0x00000000b9e00000| Untracked 
| 415|0x00000000b9f00000, 0x00000000b9f00000, 0x00000000ba000000|  0%| F|  |TAMS 0x00000000b9f00000| PB 0x00000000b9f00000| Untracked 
| 416|0x00000000ba000000, 0x00000000ba000000, 0x00000000ba100000|  0%| F|  |TAMS 0x00000000ba000000| PB 0x00000000ba000000| Untracked 
| 417|0x00000000ba100000, 0x00000000ba100000, 0x00000000ba200000|  0%| F|  |TAMS 0x00000000ba100000| PB 0x00000000ba100000| Untracked 
| 418|0x00000000ba200000, 0x00000000ba200000, 0x00000000ba300000|  0%| F|  |TAMS 0x00000000ba200000| PB 0x00000000ba200000| Untracked 
| 419|0x00000000ba300000, 0x00000000ba300000, 0x00000000ba400000|  0%| F|  |TAMS 0x00000000ba300000| PB 0x00000000ba300000| Untracked 
| 420|0x00000000ba400000, 0x00000000ba400000, 0x00000000ba500000|  0%| F|  |TAMS 0x00000000ba400000| PB 0x00000000ba400000| Untracked 
| 421|0x00000000ba500000, 0x00000000ba500000, 0x00000000ba600000|  0%| F|  |TAMS 0x00000000ba500000| PB 0x00000000ba500000| Untracked 
| 422|0x00000000ba600000, 0x00000000ba600000, 0x00000000ba700000|  0%| F|  |TAMS 0x00000000ba600000| PB 0x00000000ba600000| Untracked 
| 423|0x00000000ba700000, 0x00000000ba700000, 0x00000000ba800000|  0%| F|  |TAMS 0x00000000ba700000| PB 0x00000000ba700000| Untracked 
| 424|0x00000000ba800000, 0x00000000ba800000, 0x00000000ba900000|  0%| F|  |TAMS 0x00000000ba800000| PB 0x00000000ba800000| Untracked 
| 425|0x00000000ba900000, 0x00000000ba900000, 0x00000000baa00000|  0%| F|  |TAMS 0x00000000ba900000| PB 0x00000000ba900000| Untracked 
| 426|0x00000000baa00000, 0x00000000baa00000, 0x00000000bab00000|  0%| F|  |TAMS 0x00000000baa00000| PB 0x00000000baa00000| Untracked 
| 427|0x00000000bab00000, 0x00000000bab00000, 0x00000000bac00000|  0%| F|  |TAMS 0x00000000bab00000| PB 0x00000000bab00000| Untracked 
| 428|0x00000000bac00000, 0x00000000bac00000, 0x00000000bad00000|  0%| F|  |TAMS 0x00000000bac00000| PB 0x00000000bac00000| Untracked 
| 429|0x00000000bad00000, 0x00000000bad00000, 0x00000000bae00000|  0%| F|  |TAMS 0x00000000bad00000| PB 0x00000000bad00000| Untracked 
| 430|0x00000000bae00000, 0x00000000bae00000, 0x00000000baf00000|  0%| F|  |TAMS 0x00000000bae00000| PB 0x00000000bae00000| Untracked 
| 431|0x00000000baf00000, 0x00000000baf00000, 0x00000000bb000000|  0%| F|  |TAMS 0x00000000baf00000| PB 0x00000000baf00000| Untracked 
| 432|0x00000000bb000000, 0x00000000bb000000, 0x00000000bb100000|  0%| F|  |TAMS 0x00000000bb000000| PB 0x00000000bb000000| Untracked 
| 433|0x00000000bb100000, 0x00000000bb100000, 0x00000000bb200000|  0%| F|  |TAMS 0x00000000bb100000| PB 0x00000000bb100000| Untracked 
| 434|0x00000000bb200000, 0x00000000bb200000, 0x00000000bb300000|  0%| F|  |TAMS 0x00000000bb200000| PB 0x00000000bb200000| Untracked 
| 435|0x00000000bb300000, 0x00000000bb300000, 0x00000000bb400000|  0%| F|  |TAMS 0x00000000bb300000| PB 0x00000000bb300000| Untracked 
| 436|0x00000000bb400000, 0x00000000bb400000, 0x00000000bb500000|  0%| F|  |TAMS 0x00000000bb400000| PB 0x00000000bb400000| Untracked 
| 437|0x00000000bb500000, 0x00000000bb500000, 0x00000000bb600000|  0%| F|  |TAMS 0x00000000bb500000| PB 0x00000000bb500000| Untracked 
| 438|0x00000000bb600000, 0x00000000bb600000, 0x00000000bb700000|  0%| F|  |TAMS 0x00000000bb600000| PB 0x00000000bb600000| Untracked 
| 439|0x00000000bb700000, 0x00000000bb700000, 0x00000000bb800000|  0%| F|  |TAMS 0x00000000bb700000| PB 0x00000000bb700000| Untracked 
| 440|0x00000000bb800000, 0x00000000bb800000, 0x00000000bb900000|  0%| F|  |TAMS 0x00000000bb800000| PB 0x00000000bb800000| Untracked 
| 441|0x00000000bb900000, 0x00000000bb900000, 0x00000000bba00000|  0%| F|  |TAMS 0x00000000bb900000| PB 0x00000000bb900000| Untracked 
| 442|0x00000000bba00000, 0x00000000bba00000, 0x00000000bbb00000|  0%| F|  |TAMS 0x00000000bba00000| PB 0x00000000bba00000| Untracked 
| 443|0x00000000bbb00000, 0x00000000bbb00000, 0x00000000bbc00000|  0%| F|  |TAMS 0x00000000bbb00000| PB 0x00000000bbb00000| Untracked 
| 444|0x00000000bbc00000, 0x00000000bbc00000, 0x00000000bbd00000|  0%| F|  |TAMS 0x00000000bbc00000| PB 0x00000000bbc00000| Untracked 
| 445|0x00000000bbd00000, 0x00000000bbd00000, 0x00000000bbe00000|  0%| F|  |TAMS 0x00000000bbd00000| PB 0x00000000bbd00000| Untracked 
| 446|0x00000000bbe00000, 0x00000000bbe00000, 0x00000000bbf00000|  0%| F|  |TAMS 0x00000000bbe00000| PB 0x00000000bbe00000| Untracked 
| 447|0x00000000bbf00000, 0x00000000bbf00000, 0x00000000bc000000|  0%| F|  |TAMS 0x00000000bbf00000| PB 0x00000000bbf00000| Untracked 
| 448|0x00000000bc000000, 0x00000000bc000000, 0x00000000bc100000|  0%| F|  |TAMS 0x00000000bc000000| PB 0x00000000bc000000| Untracked 
| 449|0x00000000bc100000, 0x00000000bc100000, 0x00000000bc200000|  0%| F|  |TAMS 0x00000000bc100000| PB 0x00000000bc100000| Untracked 
| 450|0x00000000bc200000, 0x00000000bc200000, 0x00000000bc300000|  0%| F|  |TAMS 0x00000000bc200000| PB 0x00000000bc200000| Untracked 
| 451|0x00000000bc300000, 0x00000000bc300000, 0x00000000bc400000|  0%| F|  |TAMS 0x00000000bc300000| PB 0x00000000bc300000| Untracked 
| 452|0x00000000bc400000, 0x00000000bc400000, 0x00000000bc500000|  0%| F|  |TAMS 0x00000000bc400000| PB 0x00000000bc400000| Untracked 
| 453|0x00000000bc500000, 0x00000000bc500000, 0x00000000bc600000|  0%| F|  |TAMS 0x00000000bc500000| PB 0x00000000bc500000| Untracked 
| 454|0x00000000bc600000, 0x00000000bc600000, 0x00000000bc700000|  0%| F|  |TAMS 0x00000000bc600000| PB 0x00000000bc600000| Untracked 
| 455|0x00000000bc700000, 0x00000000bc700000, 0x00000000bc800000|  0%| F|  |TAMS 0x00000000bc700000| PB 0x00000000bc700000| Untracked 
| 456|0x00000000bc800000, 0x00000000bc800000, 0x00000000bc900000|  0%| F|  |TAMS 0x00000000bc800000| PB 0x00000000bc800000| Untracked 
| 457|0x00000000bc900000, 0x00000000bc900000, 0x00000000bca00000|  0%| F|  |TAMS 0x00000000bc900000| PB 0x00000000bc900000| Untracked 
| 458|0x00000000bca00000, 0x00000000bca00000, 0x00000000bcb00000|  0%| F|  |TAMS 0x00000000bca00000| PB 0x00000000bca00000| Untracked 
| 459|0x00000000bcb00000, 0x00000000bcb00000, 0x00000000bcc00000|  0%| F|  |TAMS 0x00000000bcb00000| PB 0x00000000bcb00000| Untracked 
| 460|0x00000000bcc00000, 0x00000000bcc00000, 0x00000000bcd00000|  0%| F|  |TAMS 0x00000000bcc00000| PB 0x00000000bcc00000| Untracked 
| 461|0x00000000bcd00000, 0x00000000bcd00000, 0x00000000bce00000|  0%| F|  |TAMS 0x00000000bcd00000| PB 0x00000000bcd00000| Untracked 
| 462|0x00000000bce00000, 0x00000000bce00000, 0x00000000bcf00000|  0%| F|  |TAMS 0x00000000bce00000| PB 0x00000000bce00000| Untracked 
| 463|0x00000000bcf00000, 0x00000000bcf00000, 0x00000000bd000000|  0%| F|  |TAMS 0x00000000bcf00000| PB 0x00000000bcf00000| Untracked 
| 464|0x00000000bd000000, 0x00000000bd000000, 0x00000000bd100000|  0%| F|  |TAMS 0x00000000bd000000| PB 0x00000000bd000000| Untracked 
| 465|0x00000000bd100000, 0x00000000bd100000, 0x00000000bd200000|  0%| F|  |TAMS 0x00000000bd100000| PB 0x00000000bd100000| Untracked 
| 466|0x00000000bd200000, 0x00000000bd200000, 0x00000000bd300000|  0%| F|  |TAMS 0x00000000bd200000| PB 0x00000000bd200000| Untracked 
| 467|0x00000000bd300000, 0x00000000bd300000, 0x00000000bd400000|  0%| F|  |TAMS 0x00000000bd300000| PB 0x00000000bd300000| Untracked 
| 468|0x00000000bd400000, 0x00000000bd400000, 0x00000000bd500000|  0%| F|  |TAMS 0x00000000bd400000| PB 0x00000000bd400000| Untracked 
| 469|0x00000000bd500000, 0x00000000bd500000, 0x00000000bd600000|  0%| F|  |TAMS 0x00000000bd500000| PB 0x00000000bd500000| Untracked 
| 470|0x00000000bd600000, 0x00000000bd600000, 0x00000000bd700000|  0%| F|  |TAMS 0x00000000bd600000| PB 0x00000000bd600000| Untracked 
| 471|0x00000000bd700000, 0x00000000bd700000, 0x00000000bd800000|  0%| F|  |TAMS 0x00000000bd700000| PB 0x00000000bd700000| Untracked 
| 472|0x00000000bd800000, 0x00000000bd800000, 0x00000000bd900000|  0%| F|  |TAMS 0x00000000bd800000| PB 0x00000000bd800000| Untracked 
| 473|0x00000000bd900000, 0x00000000bd900000, 0x00000000bda00000|  0%| F|  |TAMS 0x00000000bd900000| PB 0x00000000bd900000| Untracked 
| 474|0x00000000bda00000, 0x00000000bda00000, 0x00000000bdb00000|  0%| F|  |TAMS 0x00000000bda00000| PB 0x00000000bda00000| Untracked 
| 475|0x00000000bdb00000, 0x00000000bdb00000, 0x00000000bdc00000|  0%| F|  |TAMS 0x00000000bdb00000| PB 0x00000000bdb00000| Untracked 
| 476|0x00000000bdc00000, 0x00000000bdc00000, 0x00000000bdd00000|  0%| F|  |TAMS 0x00000000bdc00000| PB 0x00000000bdc00000| Untracked 
| 477|0x00000000bdd00000, 0x00000000bdd00000, 0x00000000bde00000|  0%| F|  |TAMS 0x00000000bdd00000| PB 0x00000000bdd00000| Untracked 
| 478|0x00000000bde00000, 0x00000000bde00000, 0x00000000bdf00000|  0%| F|  |TAMS 0x00000000bde00000| PB 0x00000000bde00000| Untracked 
| 479|0x00000000bdf00000, 0x00000000bdf00000, 0x00000000be000000|  0%| F|  |TAMS 0x00000000bdf00000| PB 0x00000000bdf00000| Untracked 
| 480|0x00000000be000000, 0x00000000be000000, 0x00000000be100000|  0%| F|  |TAMS 0x00000000be000000| PB 0x00000000be000000| Untracked 
| 481|0x00000000be100000, 0x00000000be100000, 0x00000000be200000|  0%| F|  |TAMS 0x00000000be100000| PB 0x00000000be100000| Untracked 
| 482|0x00000000be200000, 0x00000000be200000, 0x00000000be300000|  0%| F|  |TAMS 0x00000000be200000| PB 0x00000000be200000| Untracked 
| 483|0x00000000be300000, 0x00000000be300000, 0x00000000be400000|  0%| F|  |TAMS 0x00000000be300000| PB 0x00000000be300000| Untracked 
| 484|0x00000000be400000, 0x00000000be400000, 0x00000000be500000|  0%| F|  |TAMS 0x00000000be400000| PB 0x00000000be400000| Untracked 
| 485|0x00000000be500000, 0x00000000be500000, 0x00000000be600000|  0%| F|  |TAMS 0x00000000be500000| PB 0x00000000be500000| Untracked 
| 486|0x00000000be600000, 0x00000000be600000, 0x00000000be700000|  0%| F|  |TAMS 0x00000000be600000| PB 0x00000000be600000| Untracked 
| 487|0x00000000be700000, 0x00000000be800000, 0x00000000be800000|100%| E|CS|TAMS 0x00000000be700000| PB 0x00000000be700000| Complete 
| 488|0x00000000be800000, 0x00000000be900000, 0x00000000be900000|100%| E|CS|TAMS 0x00000000be800000| PB 0x00000000be800000| Complete 
| 489|0x00000000be900000, 0x00000000bea00000, 0x00000000bea00000|100%| E|CS|TAMS 0x00000000be900000| PB 0x00000000be900000| Complete 
| 490|0x00000000bea00000, 0x00000000beb00000, 0x00000000beb00000|100%| E|CS|TAMS 0x00000000bea00000| PB 0x00000000bea00000| Complete 
| 491|0x00000000beb00000, 0x00000000bec00000, 0x00000000bec00000|100%| E|CS|TAMS 0x00000000beb00000| PB 0x00000000beb00000| Complete 
| 492|0x00000000bec00000, 0x00000000bed00000, 0x00000000bed00000|100%| E|CS|TAMS 0x00000000bec00000| PB 0x00000000bec00000| Complete 
| 493|0x00000000bed00000, 0x00000000bee00000, 0x00000000bee00000|100%| E|CS|TAMS 0x00000000bed00000| PB 0x00000000bed00000| Complete 
| 494|0x00000000bee00000, 0x00000000bef00000, 0x00000000bef00000|100%| E|CS|TAMS 0x00000000bee00000| PB 0x00000000bee00000| Complete 
| 495|0x00000000bef00000, 0x00000000bf000000, 0x00000000bf000000|100%| E|CS|TAMS 0x00000000bef00000| PB 0x00000000bef00000| Complete 
| 496|0x00000000bf000000, 0x00000000bf100000, 0x00000000bf100000|100%| E|CS|TAMS 0x00000000bf000000| PB 0x00000000bf000000| Complete 
| 497|0x00000000bf100000, 0x00000000bf200000, 0x00000000bf200000|100%| E|CS|TAMS 0x00000000bf100000| PB 0x00000000bf100000| Complete 
| 498|0x00000000bf200000, 0x00000000bf300000, 0x00000000bf300000|100%| E|CS|TAMS 0x00000000bf200000| PB 0x00000000bf200000| Complete 
| 499|0x00000000bf300000, 0x00000000bf400000, 0x00000000bf400000|100%| E|CS|TAMS 0x00000000bf300000| PB 0x00000000bf300000| Complete 
| 500|0x00000000bf400000, 0x00000000bf500000, 0x00000000bf500000|100%| E|CS|TAMS 0x00000000bf400000| PB 0x00000000bf400000| Complete 
| 501|0x00000000bf500000, 0x00000000bf600000, 0x00000000bf600000|100%| E|CS|TAMS 0x00000000bf500000| PB 0x00000000bf500000| Complete 
| 502|0x00000000bf600000, 0x00000000bf700000, 0x00000000bf700000|100%| E|CS|TAMS 0x00000000bf600000| PB 0x00000000bf600000| Complete 
| 503|0x00000000bf700000, 0x00000000bf800000, 0x00000000bf800000|100%| E|CS|TAMS 0x00000000bf700000| PB 0x00000000bf700000| Complete 
| 504|0x00000000bf800000, 0x00000000bf900000, 0x00000000bf900000|100%| E|CS|TAMS 0x00000000bf800000| PB 0x00000000bf800000| Complete 
| 505|0x00000000bf900000, 0x00000000bfa00000, 0x00000000bfa00000|100%| E|CS|TAMS 0x00000000bf900000| PB 0x00000000bf900000| Complete 
| 506|0x00000000bfa00000, 0x00000000bfb00000, 0x00000000bfb00000|100%| E|CS|TAMS 0x00000000bfa00000| PB 0x00000000bfa00000| Complete 
| 507|0x00000000bfb00000, 0x00000000bfc00000, 0x00000000bfc00000|100%| E|CS|TAMS 0x00000000bfb00000| PB 0x00000000bfb00000| Complete 
| 508|0x00000000bfc00000, 0x00000000bfd00000, 0x00000000bfd00000|100%| E|CS|TAMS 0x00000000bfc00000| PB 0x00000000bfc00000| Complete 
| 509|0x00000000bfd00000, 0x00000000bfe00000, 0x00000000bfe00000|100%| E|CS|TAMS 0x00000000bfd00000| PB 0x00000000bfd00000| Complete 
| 510|0x00000000bfe00000, 0x00000000bff00000, 0x00000000bff00000|100%| E|CS|TAMS 0x00000000bfe00000| PB 0x00000000bfe00000| Complete 
| 511|0x00000000bff00000, 0x00000000c0000000, 0x00000000c0000000|100%| E|CS|TAMS 0x00000000bff00000| PB 0x00000000bff00000| Complete 
| 512|0x00000000c0000000, 0x00000000c0100000, 0x00000000c0100000|100%| E|CS|TAMS 0x00000000c0000000| PB 0x00000000c0000000| Complete 
| 513|0x00000000c0100000, 0x00000000c0200000, 0x00000000c0200000|100%| E|CS|TAMS 0x00000000c0100000| PB 0x00000000c0100000| Complete 
| 514|0x00000000c0200000, 0x00000000c0300000, 0x00000000c0300000|100%| E|CS|TAMS 0x00000000c0200000| PB 0x00000000c0200000| Complete 
| 515|0x00000000c0300000, 0x00000000c0400000, 0x00000000c0400000|100%| E|CS|TAMS 0x00000000c0300000| PB 0x00000000c0300000| Complete 
| 516|0x00000000c0400000, 0x00000000c0500000, 0x00000000c0500000|100%| E|CS|TAMS 0x00000000c0400000| PB 0x00000000c0400000| Complete 
| 517|0x00000000c0500000, 0x00000000c0600000, 0x00000000c0600000|100%| E|CS|TAMS 0x00000000c0500000| PB 0x00000000c0500000| Complete 
| 518|0x00000000c0600000, 0x00000000c0700000, 0x00000000c0700000|100%| E|CS|TAMS 0x00000000c0600000| PB 0x00000000c0600000| Complete 
| 519|0x00000000c0700000, 0x00000000c0800000, 0x00000000c0800000|100%| E|CS|TAMS 0x00000000c0700000| PB 0x00000000c0700000| Complete 
| 520|0x00000000c0800000, 0x00000000c0900000, 0x00000000c0900000|100%| E|CS|TAMS 0x00000000c0800000| PB 0x00000000c0800000| Complete 
| 521|0x00000000c0900000, 0x00000000c0a00000, 0x00000000c0a00000|100%| E|CS|TAMS 0x00000000c0900000| PB 0x00000000c0900000| Complete 
| 522|0x00000000c0a00000, 0x00000000c0b00000, 0x00000000c0b00000|100%| E|CS|TAMS 0x00000000c0a00000| PB 0x00000000c0a00000| Complete 
| 523|0x00000000c0b00000, 0x00000000c0c00000, 0x00000000c0c00000|100%| E|CS|TAMS 0x00000000c0b00000| PB 0x00000000c0b00000| Complete 
| 524|0x00000000c0c00000, 0x00000000c0d00000, 0x00000000c0d00000|100%| E|CS|TAMS 0x00000000c0c00000| PB 0x00000000c0c00000| Complete 
| 525|0x00000000c0d00000, 0x00000000c0d00000, 0x00000000c0e00000|  0%| F|  |TAMS 0x00000000c0d00000| PB 0x00000000c0d00000| Untracked 
| 526|0x00000000c0e00000, 0x00000000c0e00000, 0x00000000c0f00000|  0%| F|  |TAMS 0x00000000c0e00000| PB 0x00000000c0e00000| Untracked 
| 527|0x00000000c0f00000, 0x00000000c0f00000, 0x00000000c1000000|  0%| F|  |TAMS 0x00000000c0f00000| PB 0x00000000c0f00000| Untracked 
| 528|0x00000000c1000000, 0x00000000c1000000, 0x00000000c1100000|  0%| F|  |TAMS 0x00000000c1000000| PB 0x00000000c1000000| Untracked 
| 529|0x00000000c1100000, 0x00000000c1100000, 0x00000000c1200000|  0%| F|  |TAMS 0x00000000c1100000| PB 0x00000000c1100000| Untracked 
| 530|0x00000000c1200000, 0x00000000c1200000, 0x00000000c1300000|  0%| F|  |TAMS 0x00000000c1200000| PB 0x00000000c1200000| Untracked 
| 531|0x00000000c1300000, 0x00000000c1300000, 0x00000000c1400000|  0%| F|  |TAMS 0x00000000c1300000| PB 0x00000000c1300000| Untracked 
| 532|0x00000000c1400000, 0x00000000c1400000, 0x00000000c1500000|  0%| F|  |TAMS 0x00000000c1400000| PB 0x00000000c1400000| Untracked 
| 533|0x00000000c1500000, 0x00000000c1500000, 0x00000000c1600000|  0%| F|  |TAMS 0x00000000c1500000| PB 0x00000000c1500000| Untracked 
| 534|0x00000000c1600000, 0x00000000c1600000, 0x00000000c1700000|  0%| F|  |TAMS 0x00000000c1600000| PB 0x00000000c1600000| Untracked 
| 535|0x00000000c1700000, 0x00000000c1700000, 0x00000000c1800000|  0%| F|  |TAMS 0x00000000c1700000| PB 0x00000000c1700000| Untracked 
| 536|0x00000000c1800000, 0x00000000c1800000, 0x00000000c1900000|  0%| F|  |TAMS 0x00000000c1800000| PB 0x00000000c1800000| Untracked 
| 537|0x00000000c1900000, 0x00000000c1900000, 0x00000000c1a00000|  0%| F|  |TAMS 0x00000000c1900000| PB 0x00000000c1900000| Untracked 
| 538|0x00000000c1a00000, 0x00000000c1a00000, 0x00000000c1b00000|  0%| F|  |TAMS 0x00000000c1a00000| PB 0x00000000c1a00000| Untracked 
| 539|0x00000000c1b00000, 0x00000000c1b00000, 0x00000000c1c00000|  0%| F|  |TAMS 0x00000000c1b00000| PB 0x00000000c1b00000| Untracked 
| 540|0x00000000c1c00000, 0x00000000c1c00000, 0x00000000c1d00000|  0%| F|  |TAMS 0x00000000c1c00000| PB 0x00000000c1c00000| Untracked 
| 541|0x00000000c1d00000, 0x00000000c1d00000, 0x00000000c1e00000|  0%| F|  |TAMS 0x00000000c1d00000| PB 0x00000000c1d00000| Untracked 
| 542|0x00000000c1e00000, 0x00000000c1e00000, 0x00000000c1f00000|  0%| F|  |TAMS 0x00000000c1e00000| PB 0x00000000c1e00000| Untracked 
| 543|0x00000000c1f00000, 0x00000000c1f00000, 0x00000000c2000000|  0%| F|  |TAMS 0x00000000c1f00000| PB 0x00000000c1f00000| Untracked 
| 544|0x00000000c2000000, 0x00000000c2000000, 0x00000000c2100000|  0%| F|  |TAMS 0x00000000c2000000| PB 0x00000000c2000000| Untracked 
| 545|0x00000000c2100000, 0x00000000c2100000, 0x00000000c2200000|  0%| F|  |TAMS 0x00000000c2100000| PB 0x00000000c2100000| Untracked 
| 546|0x00000000c2200000, 0x00000000c2200000, 0x00000000c2300000|  0%| F|  |TAMS 0x00000000c2200000| PB 0x00000000c2200000| Untracked 
| 547|0x00000000c2300000, 0x00000000c2300000, 0x00000000c2400000|  0%| F|  |TAMS 0x00000000c2300000| PB 0x00000000c2300000| Untracked 
| 548|0x00000000c2400000, 0x00000000c2400000, 0x00000000c2500000|  0%| F|  |TAMS 0x00000000c2400000| PB 0x00000000c2400000| Untracked 
| 549|0x00000000c2500000, 0x00000000c2500000, 0x00000000c2600000|  0%| F|  |TAMS 0x00000000c2500000| PB 0x00000000c2500000| Untracked 
| 550|0x00000000c2600000, 0x00000000c2600000, 0x00000000c2700000|  0%| F|  |TAMS 0x00000000c2600000| PB 0x00000000c2600000| Untracked 
| 551|0x00000000c2700000, 0x00000000c2700000, 0x00000000c2800000|  0%| F|  |TAMS 0x00000000c2700000| PB 0x00000000c2700000| Untracked 
| 552|0x00000000c2800000, 0x00000000c2800000, 0x00000000c2900000|  0%| F|  |TAMS 0x00000000c2800000| PB 0x00000000c2800000| Untracked 
| 553|0x00000000c2900000, 0x00000000c2900000, 0x00000000c2a00000|  0%| F|  |TAMS 0x00000000c2900000| PB 0x00000000c2900000| Untracked 
| 554|0x00000000c2a00000, 0x00000000c2a00000, 0x00000000c2b00000|  0%| F|  |TAMS 0x00000000c2a00000| PB 0x00000000c2a00000| Untracked 
| 555|0x00000000c2b00000, 0x00000000c2bb8928, 0x00000000c2c00000| 72%| E|  |TAMS 0x00000000c2b00000| PB 0x00000000c2b00000| Complete 
| 556|0x00000000c2c00000, 0x00000000c2d00000, 0x00000000c2d00000|100%| E|  |TAMS 0x00000000c2c00000| PB 0x00000000c2c00000| Complete 
| 557|0x00000000c2d00000, 0x00000000c2e00000, 0x00000000c2e00000|100%| E|CS|TAMS 0x00000000c2d00000| PB 0x00000000c2d00000| Complete 
| 558|0x00000000c2e00000, 0x00000000c2f00000, 0x00000000c2f00000|100%| E|CS|TAMS 0x00000000c2e00000| PB 0x00000000c2e00000| Complete 
| 559|0x00000000c2f00000, 0x00000000c3000000, 0x00000000c3000000|100%| E|CS|TAMS 0x00000000c2f00000| PB 0x00000000c2f00000| Complete 
| 560|0x00000000c3000000, 0x00000000c3100000, 0x00000000c3100000|100%| E|CS|TAMS 0x00000000c3000000| PB 0x00000000c3000000| Complete 
| 561|0x00000000c3100000, 0x00000000c3200000, 0x00000000c3200000|100%| E|CS|TAMS 0x00000000c3100000| PB 0x00000000c3100000| Complete 
| 562|0x00000000c3200000, 0x00000000c3300000, 0x00000000c3300000|100%| E|CS|TAMS 0x00000000c3200000| PB 0x00000000c3200000| Complete 
| 563|0x00000000c3300000, 0x00000000c3400000, 0x00000000c3400000|100%| E|CS|TAMS 0x00000000c3300000| PB 0x00000000c3300000| Complete 
| 564|0x00000000c3400000, 0x00000000c3500000, 0x00000000c3500000|100%| E|CS|TAMS 0x00000000c3400000| PB 0x00000000c3400000| Complete 
| 565|0x00000000c3500000, 0x00000000c3600000, 0x00000000c3600000|100%| E|CS|TAMS 0x00000000c3500000| PB 0x00000000c3500000| Complete 
| 566|0x00000000c3600000, 0x00000000c3700000, 0x00000000c3700000|100%| E|CS|TAMS 0x00000000c3600000| PB 0x00000000c3600000| Complete 
| 567|0x00000000c3700000, 0x00000000c3800000, 0x00000000c3800000|100%| E|CS|TAMS 0x00000000c3700000| PB 0x00000000c3700000| Complete 
| 568|0x00000000c3800000, 0x00000000c3900000, 0x00000000c3900000|100%| E|CS|TAMS 0x00000000c3800000| PB 0x00000000c3800000| Complete 
| 569|0x00000000c3900000, 0x00000000c3a00000, 0x00000000c3a00000|100%| E|CS|TAMS 0x00000000c3900000| PB 0x00000000c3900000| Complete 
| 570|0x00000000c3a00000, 0x00000000c3b00000, 0x00000000c3b00000|100%| E|CS|TAMS 0x00000000c3a00000| PB 0x00000000c3a00000| Complete 
| 571|0x00000000c3b00000, 0x00000000c3c00000, 0x00000000c3c00000|100%| E|CS|TAMS 0x00000000c3b00000| PB 0x00000000c3b00000| Complete 
| 572|0x00000000c3c00000, 0x00000000c3d00000, 0x00000000c3d00000|100%| E|CS|TAMS 0x00000000c3c00000| PB 0x00000000c3c00000| Complete 
| 573|0x00000000c3d00000, 0x00000000c3e00000, 0x00000000c3e00000|100%| E|CS|TAMS 0x00000000c3d00000| PB 0x00000000c3d00000| Complete 
| 574|0x00000000c3e00000, 0x00000000c3f00000, 0x00000000c3f00000|100%| E|CS|TAMS 0x00000000c3e00000| PB 0x00000000c3e00000| Complete 
| 575|0x00000000c3f00000, 0x00000000c4000000, 0x00000000c4000000|100%| E|CS|TAMS 0x00000000c3f00000| PB 0x00000000c3f00000| Complete 
| 576|0x00000000c4000000, 0x00000000c4100000, 0x00000000c4100000|100%| E|CS|TAMS 0x00000000c4000000| PB 0x00000000c4000000| Complete 
| 577|0x00000000c4100000, 0x00000000c4200000, 0x00000000c4200000|100%| E|CS|TAMS 0x00000000c4100000| PB 0x00000000c4100000| Complete 
| 578|0x00000000c4200000, 0x00000000c4300000, 0x00000000c4300000|100%| E|CS|TAMS 0x00000000c4200000| PB 0x00000000c4200000| Complete 
| 579|0x00000000c4300000, 0x00000000c4400000, 0x00000000c4400000|100%| E|CS|TAMS 0x00000000c4300000| PB 0x00000000c4300000| Complete 
|1506|0x00000000fe200000, 0x00000000fe300000, 0x00000000fe300000|100%| E|CS|TAMS 0x00000000fe200000| PB 0x00000000fe200000| Complete 
|1507|0x00000000fe300000, 0x00000000fe400000, 0x00000000fe400000|100%| E|CS|TAMS 0x00000000fe300000| PB 0x00000000fe300000| Complete 
|1508|0x00000000fe400000, 0x00000000fe500000, 0x00000000fe500000|100%| E|CS|TAMS 0x00000000fe400000| PB 0x00000000fe400000| Complete 
|1509|0x00000000fe500000, 0x00000000fe600000, 0x00000000fe600000|100%| E|CS|TAMS 0x00000000fe500000| PB 0x00000000fe500000| Complete 
|1510|0x00000000fe600000, 0x00000000fe700000, 0x00000000fe700000|100%| E|CS|TAMS 0x00000000fe600000| PB 0x00000000fe600000| Complete 
|1511|0x00000000fe700000, 0x00000000fe800000, 0x00000000fe800000|100%| E|CS|TAMS 0x00000000fe700000| PB 0x00000000fe700000| Complete 
|1512|0x00000000fe800000, 0x00000000fe900000, 0x00000000fe900000|100%| E|CS|TAMS 0x00000000fe800000| PB 0x00000000fe800000| Complete 
|1513|0x00000000fe900000, 0x00000000fea00000, 0x00000000fea00000|100%| E|CS|TAMS 0x00000000fe900000| PB 0x00000000fe900000| Complete 
|1514|0x00000000fea00000, 0x00000000feb00000, 0x00000000feb00000|100%| E|CS|TAMS 0x00000000fea00000| PB 0x00000000fea00000| Complete 
|1515|0x00000000feb00000, 0x00000000fec00000, 0x00000000fec00000|100%| E|CS|TAMS 0x00000000feb00000| PB 0x00000000feb00000| Complete 
|1516|0x00000000fec00000, 0x00000000fed00000, 0x00000000fed00000|100%| E|CS|TAMS 0x00000000fec00000| PB 0x00000000fec00000| Complete 
|1517|0x00000000fed00000, 0x00000000fee00000, 0x00000000fee00000|100%| E|CS|TAMS 0x00000000fed00000| PB 0x00000000fed00000| Complete 
|1518|0x00000000fee00000, 0x00000000fef00000, 0x00000000fef00000|100%| E|CS|TAMS 0x00000000fee00000| PB 0x00000000fee00000| Complete 
|1519|0x00000000fef00000, 0x00000000ff000000, 0x00000000ff000000|100%| O|  |TAMS 0x00000000fef00000| PB 0x00000000fef00000| Untracked 
|1520|0x00000000ff000000, 0x00000000ff100000, 0x00000000ff100000|100%| E|CS|TAMS 0x00000000ff000000| PB 0x00000000ff000000| Complete 
|1521|0x00000000ff100000, 0x00000000ff200000, 0x00000000ff200000|100%| O|  |TAMS 0x00000000ff100000| PB 0x00000000ff100000| Untracked 
|1522|0x00000000ff200000, 0x00000000ff300000, 0x00000000ff300000|100%| E|CS|TAMS 0x00000000ff200000| PB 0x00000000ff200000| Complete 
|1523|0x00000000ff300000, 0x00000000ff400000, 0x00000000ff400000|100%| O|  |TAMS 0x00000000ff300000| PB 0x00000000ff300000| Untracked 
|1524|0x00000000ff400000, 0x00000000ff500000, 0x00000000ff500000|100%| O|  |TAMS 0x00000000ff400000| PB 0x00000000ff400000| Untracked 
|1525|0x00000000ff500000, 0x00000000ff600000, 0x00000000ff600000|100%| O|  |TAMS 0x00000000ff500000| PB 0x00000000ff500000| Untracked 
|1526|0x00000000ff600000, 0x00000000ff700000, 0x00000000ff700000|100%| O|  |TAMS 0x00000000ff600000| PB 0x00000000ff600000| Untracked 
|1527|0x00000000ff700000, 0x00000000ff800000, 0x00000000ff800000|100%| O|  |TAMS 0x00000000ff700000| PB 0x00000000ff700000| Untracked 
|1528|0x00000000ff800000, 0x00000000ff900000, 0x00000000ff900000|100%| O|  |TAMS 0x00000000ff800000| PB 0x00000000ff800000| Untracked 
|1529|0x00000000ff900000, 0x00000000ffa00000, 0x00000000ffa00000|100%| O|  |TAMS 0x00000000ff900000| PB 0x00000000ff900000| Untracked 
|1530|0x00000000ffa00000, 0x00000000ffb00000, 0x00000000ffb00000|100%| O|  |TAMS 0x00000000ffa00000| PB 0x00000000ffa00000| Untracked 
|1531|0x00000000ffb00000, 0x00000000ffc00000, 0x00000000ffc00000|100%| O|  |TAMS 0x00000000ffb00000| PB 0x00000000ffb00000| Untracked 
|1532|0x00000000ffc00000, 0x00000000ffd00000, 0x00000000ffd00000|100%| O|  |TAMS 0x00000000ffc00000| PB 0x00000000ffc00000| Untracked 
|1533|0x00000000ffd00000, 0x00000000ffe00000, 0x00000000ffe00000|100%| E|CS|TAMS 0x00000000ffd00000| PB 0x00000000ffd00000| Complete 
|1534|0x00000000ffe00000, 0x00000000fff00000, 0x00000000fff00000|100%| E|CS|TAMS 0x00000000ffe00000| PB 0x00000000ffe00000| Complete 
|1535|0x00000000fff00000, 0x0000000100000000, 0x0000000100000000|100%| E|CS|TAMS 0x00000000fff00000| PB 0x00000000fff00000| Complete 

Card table byte_map: [0x0000025379160000,0x0000025379460000] _byte_map_base: 0x0000025378c60000

Marking Bits: (CMBitMap*) 0x00000253754ca690
 Bits: [0x0000025379460000, 0x000002537ac60000)

Polling page: 0x00000253730a0000

Metaspace:

Usage:
  Non-class:    155.97 MB used.
      Class:     23.90 MB used.
       Both:    179.86 MB used.

Virtual space:
  Non-class space:      192.00 MB reserved,     157.44 MB ( 82%) committed,  3 nodes.
      Class space:      416.00 MB reserved,      25.38 MB (  6%) committed,  1 nodes.
             Both:      608.00 MB reserved,     182.81 MB ( 30%) committed. 

Chunk freelists:
   Non-Class:  2.25 MB
       Class:  6.50 MB
        Both:  8.75 MB

MaxMetaspaceSize: 512.00 MB
CompressedClassSpaceSize: 416.00 MB
Initial GC threshold: 21.00 MB
Current GC threshold: 304.38 MB
CDS: off
 - commit_granule_bytes: 65536.
 - commit_granule_words: 8192.
 - virtual_space_node_default_size: 8388608.
 - enlarge_chunks_in_place: 1.
 - use_allocation_guard: 0.


Internal statistics:

num_allocs_failed_limit: 9.
num_arena_births: 6184.
num_arena_deaths: 48.
num_vsnodes_births: 4.
num_vsnodes_deaths: 0.
num_space_committed: 2924.
num_space_uncommitted: 0.
num_chunks_returned_to_freelist: 87.
num_chunks_taken_from_freelist: 14440.
num_chunk_merges: 17.
num_chunk_splits: 9504.
num_chunks_enlarged: 5989.
num_inconsistent_stats: 0.

CodeCache: size=131072Kb used=30554Kb max_used=57416Kb free=100517Kb
 bounds [0x0000025300000000, 0x0000025303820000, 0x0000025308000000]
 total_blobs=9584, nmethods=8571, adapters=910, full_count=0
Compilation: enabled, stopped_count=0, restarted_count=0

Compilation events (20 events):
Event: 52.903 Thread 0x0000025311993d80 nmethod 31272 0x00000253004e4290 code [0x00000253004e4440, 0x00000253004e45d8]
Event: 52.903 Thread 0x0000025311993d80 31280       3       org.gradle.internal.snapshot.AbstractInvalidateChildHandler$$Lambda/0x00000001009dee70::apply (9 bytes)
Event: 52.903 Thread 0x000002537de7ace0 31282       4       org.gradle.internal.snapshot.VfsRelativePath::isPrefix (110 bytes)
Event: 52.903 Thread 0x0000025311993d80 nmethod 31280 0x0000025300520c90 code [0x0000025300520e40, 0x0000025300521010]
Event: 52.903 Thread 0x0000025311993d80 31287 %     2       org.gradle.internal.snapshot.VfsRelativePath::lengthOfCommonPrefix @ 26 (173 bytes)
Event: 52.903 Thread 0x000002531c0572b0 nmethod 31278 0x0000025300607f90 code [0x0000025300608120, 0x00000253006081b0]
Event: 52.903 Thread 0x000002531c0572b0 31284       4       org.gradle.internal.snapshot.VfsRelativePath::computeCombinedCompare (20 bytes)
Event: 52.903 Thread 0x00000253119951f0 nmethod 31279 0x00000253002e9010 code [0x00000253002e92c0, 0x00000253002ea0c0]
Event: 52.903 Thread 0x00000253119951f0 31293       2       org.gradle.internal.operations.BuildOperationProgressEventListenerAdapter::start (53 bytes)
Event: 52.903 Thread 0x000002531c056be0 nmethod 31274 0x00000253002d7390 code [0x00000253002d7520, 0x00000253002d7608]
Event: 52.903 Thread 0x000002531c056be0 31289       4       org.gradle.internal.snapshot.AbstractListChildMap::findChildIndexWithCommonPrefix (15 bytes)
Event: 52.903 Thread 0x000002531c0572b0 nmethod 31284 0x0000025300627090 code [0x0000025300627220, 0x00000253006272b0]
Event: 52.903 Thread 0x000002531c057980 nmethod 31275 0x0000025300570590 code [0x0000025300570740, 0x0000025300570868]
Event: 52.903 Thread 0x000002531c057980 31294 %     4       org.apache.commons.io.FilenameUtils::doNormalize @ 286 (530 bytes)
Event: 52.903 Thread 0x000002531c0572b0 31286       4       org.gradle.internal.snapshot.AbstractStorePathRelationshipHandler::<init> (15 bytes)
Event: 52.904 Thread 0x00000253119951f0 nmethod 31293 0x0000025300402710 code [0x0000025300402900, 0x0000025300402cb8]
Event: 52.904 Thread 0x000002537de7b780 nmethod 31271 0x0000025300225090 code [0x00000253002254c0, 0x0000025300227590]
Event: 52.904 Thread 0x00000253119951f0 31295       2       org.gradle.internal.snapshot.SnapshotUtil::getMetadataFromChildren (21 bytes)
Event: 52.904 Thread 0x000002537de7b780 31291       2       org.gradle.internal.snapshot.VfsRelativePath::pathFromChild (34 bytes)
Event: 52.904 Thread 0x00000253119951f0 nmethod 31295 0x0000025300559810 code [0x00000253005599c0, 0x0000025300559c20]

GC Heap History (20 events):
Event: 46.966 GC heap before
{Heap before GC invocations=86 (full 0):
 garbage-first heap   total 462848K, used 343421K [0x00000000a0000000, 0x0000000100000000)
  region size 1024K, 69 young (70656K), 4 survivors (4096K)
 Metaspace       used 167306K, committed 170304K, reserved 622592K
  class space    used 22667K, committed 24128K, reserved 425984K
}
Event: 46.986 GC heap after
{Heap after GC invocations=87 (full 0):
 garbage-first heap   total 462848K, used 284672K [0x00000000a0000000, 0x0000000100000000)
  region size 1024K, 9 young (9216K), 9 survivors (9216K)
 Metaspace       used 167306K, committed 170304K, reserved 622592K
  class space    used 22667K, committed 24128K, reserved 425984K
}
Event: 47.549 GC heap before
{Heap before GC invocations=87 (full 0):
 garbage-first heap   total 462848K, used 387072K [0x00000000a0000000, 0x0000000100000000)
  region size 1024K, 109 young (111616K), 9 survivors (9216K)
 Metaspace       used 167753K, committed 170752K, reserved 622592K
  class space    used 22699K, committed 24192K, reserved 425984K
}
Event: 47.571 GC heap after
{Heap after GC invocations=88 (full 0):
 garbage-first heap   total 462848K, used 296263K [0x00000000a0000000, 0x0000000100000000)
  region size 1024K, 14 young (14336K), 14 survivors (14336K)
 Metaspace       used 167753K, committed 170752K, reserved 622592K
  class space    used 22699K, committed 24192K, reserved 425984K
}
Event: 47.968 GC heap before
{Heap before GC invocations=88 (full 0):
 garbage-first heap   total 462848K, used 347463K [0x00000000a0000000, 0x0000000100000000)
  region size 1024K, 65 young (66560K), 14 survivors (14336K)
 Metaspace       used 168479K, committed 171456K, reserved 622592K
  class space    used 22737K, committed 24192K, reserved 425984K
}
Event: 47.986 GC heap after
{Heap after GC invocations=89 (full 0):
 garbage-first heap   total 462848K, used 300996K [0x00000000a0000000, 0x0000000100000000)
  region size 1024K, 5 young (5120K), 5 survivors (5120K)
 Metaspace       used 168479K, committed 171456K, reserved 622592K
  class space    used 22737K, committed 24192K, reserved 425984K
}
Event: 49.483 GC heap before
{Heap before GC invocations=90 (full 0):
 garbage-first heap   total 506880K, used 411588K [0x00000000a0000000, 0x0000000100000000)
  region size 1024K, 107 young (109568K), 5 survivors (5120K)
 Metaspace       used 179968K, committed 182976K, reserved 622592K
  class space    used 24046K, committed 25536K, reserved 425984K
}
Event: 49.488 GC heap after
{Heap after GC invocations=91 (full 0):
 garbage-first heap   total 506880K, used 314015K [0x00000000a0000000, 0x0000000100000000)
  region size 1024K, 14 young (14336K), 14 survivors (14336K)
 Metaspace       used 179968K, committed 182976K, reserved 622592K
  class space    used 24046K, committed 25536K, reserved 425984K
}
Event: 50.183 GC heap before
{Heap before GC invocations=91 (full 0):
 garbage-first heap   total 506880K, used 454303K [0x00000000a0000000, 0x0000000100000000)
  region size 1024K, 151 young (154624K), 14 survivors (14336K)
 Metaspace       used 182484K, committed 185536K, reserved 622592K
  class space    used 24284K, committed 25792K, reserved 425984K
}
Event: 50.190 GC heap after
{Heap after GC invocations=92 (full 0):
 garbage-first heap   total 506880K, used 317984K [0x00000000a0000000, 0x0000000100000000)
  region size 1024K, 15 young (15360K), 15 survivors (15360K)
 Metaspace       used 182484K, committed 185536K, reserved 622592K
  class space    used 24284K, committed 25792K, reserved 425984K
}
Event: 50.776 GC heap before
{Heap before GC invocations=92 (full 0):
 garbage-first heap   total 506880K, used 457248K [0x00000000a0000000, 0x0000000100000000)
  region size 1024K, 152 young (155648K), 15 survivors (15360K)
 Metaspace       used 183945K, committed 187008K, reserved 622592K
  class space    used 24436K, committed 25920K, reserved 425984K
}
Event: 50.795 GC heap after
{Heap after GC invocations=93 (full 0):
 garbage-first heap   total 506880K, used 324543K [0x00000000a0000000, 0x0000000100000000)
  region size 1024K, 18 young (18432K), 18 survivors (18432K)
 Metaspace       used 183945K, committed 187008K, reserved 622592K
  class space    used 24436K, committed 25920K, reserved 425984K
}
Event: 51.172 GC heap before
{Heap before GC invocations=93 (full 0):
 garbage-first heap   total 506880K, used 444351K [0x00000000a0000000, 0x0000000100000000)
  region size 1024K, 136 young (139264K), 18 survivors (18432K)
 Metaspace       used 183965K, committed 187008K, reserved 622592K
  class space    used 24436K, committed 25920K, reserved 425984K
}
Event: 51.211 GC heap after
{Heap after GC invocations=94 (full 0):
 garbage-first heap   total 506880K, used 341309K [0x00000000a0000000, 0x0000000100000000)
  region size 1024K, 19 young (19456K), 19 survivors (19456K)
 Metaspace       used 183965K, committed 187008K, reserved 622592K
  class space    used 24436K, committed 25920K, reserved 425984K
}
Event: 51.717 GC heap before
{Heap before GC invocations=95 (full 0):
 garbage-first heap   total 568320K, used 459069K [0x00000000a0000000, 0x0000000100000000)
  region size 1024K, 135 young (138240K), 19 survivors (19456K)
 Metaspace       used 183978K, committed 187008K, reserved 622592K
  class space    used 24437K, committed 25920K, reserved 425984K
}
Event: 51.753 GC heap after
{Heap after GC invocations=96 (full 0):
 garbage-first heap   total 568320K, used 354807K [0x00000000a0000000, 0x0000000100000000)
  region size 1024K, 17 young (17408K), 17 survivors (17408K)
 Metaspace       used 183978K, committed 187008K, reserved 622592K
  class space    used 24437K, committed 25920K, reserved 425984K
}
Event: 52.095 GC heap before
{Heap before GC invocations=96 (full 0):
 garbage-first heap   total 568320K, used 514551K [0x00000000a0000000, 0x0000000100000000)
  region size 1024K, 173 young (177152K), 17 survivors (17408K)
 Metaspace       used 183995K, committed 187008K, reserved 622592K
  class space    used 24437K, committed 25920K, reserved 425984K
}
Event: 52.120 GC heap after
{Heap after GC invocations=97 (full 0):
 garbage-first heap   total 568320K, used 360333K [0x00000000a0000000, 0x0000000100000000)
  region size 1024K, 20 young (20480K), 20 survivors (20480K)
 Metaspace       used 183995K, committed 187008K, reserved 622592K
  class space    used 24437K, committed 25920K, reserved 425984K
}
Event: 52.551 GC heap before
{Heap before GC invocations=97 (full 0):
 garbage-first heap   total 568320K, used 510861K [0x00000000a0000000, 0x0000000100000000)
  region size 1024K, 167 young (171008K), 20 survivors (20480K)
 Metaspace       used 184041K, committed 187072K, reserved 622592K
  class space    used 24446K, committed 25920K, reserved 425984K
}
Event: 52.591 GC heap after
{Heap after GC invocations=98 (full 0):
 garbage-first heap   total 568320K, used 382976K [0x00000000a0000000, 0x0000000100000000)
  region size 1024K, 21 young (21504K), 21 survivors (21504K)
 Metaspace       used 184041K, committed 187072K, reserved 622592K
  class space    used 24446K, committed 25920K, reserved 425984K
}

Dll operation events (3 events):
Event: 0.008 Loaded shared library C:\Program Files\Android\Android Studio\jbr\bin\java.dll
Event: 0.014 Loaded shared library C:\Program Files\Android\Android Studio\jbr\bin\zip.dll
Event: 0.529 Loaded shared library C:\Program Files\Android\Android Studio\jbr\bin\verify.dll

Deoptimization events (20 events):
Event: 52.094 Thread 0x0000025315b502d0 Uncommon trap: trap_request=0xffffffde fr.pc=0x000002530050a544 relative=0x0000000000000764
Event: 52.094 Thread 0x0000025315b502d0 Uncommon trap: reason=class_check action=maybe_recompile pc=0x000002530050a544 method=com.sun.tools.javac.comp.Attr$TypeAnnotationsValidator.validateAnnotatedType(Lcom/sun/tools/javac/tree/JCTree;Lcom/sun/tools/javac/code/Type;)V @ 33 c2
Event: 52.094 Thread 0x0000025315b502d0 DEOPT PACKING pc=0x000002530050a544 sp=0x000000abf06fd4a0
Event: 52.094 Thread 0x0000025315b502d0 DEOPT UNPACKING pc=0x00000253000543a2 sp=0x000000abf06fd460 mode 2
Event: 52.094 Thread 0x0000025315b502d0 Uncommon trap: trap_request=0xffffffde fr.pc=0x000002530050a544 relative=0x0000000000000764
Event: 52.094 Thread 0x0000025315b502d0 Uncommon trap: reason=class_check action=maybe_recompile pc=0x000002530050a544 method=com.sun.tools.javac.comp.Attr$TypeAnnotationsValidator.validateAnnotatedType(Lcom/sun/tools/javac/tree/JCTree;Lcom/sun/tools/javac/code/Type;)V @ 33 c2
Event: 52.094 Thread 0x0000025315b502d0 DEOPT PACKING pc=0x000002530050a544 sp=0x000000abf06fd4a0
Event: 52.094 Thread 0x0000025315b502d0 DEOPT UNPACKING pc=0x00000253000543a2 sp=0x000000abf06fd460 mode 2
Event: 52.144 Thread 0x0000025315b502d0 Uncommon trap: trap_request=0xffffff45 fr.pc=0x0000025300874f20 relative=0x00000000000004a0
Event: 52.144 Thread 0x0000025315b502d0 Uncommon trap: reason=unstable_if action=reinterpret pc=0x0000025300874f20 method=java.net.URI$Parser.scan(IILjava/lang/String;Ljava/lang/String;)I @ 26 c2
Event: 52.144 Thread 0x0000025315b502d0 DEOPT PACKING pc=0x0000025300874f20 sp=0x000000abf06fd250
Event: 52.144 Thread 0x0000025315b502d0 DEOPT UNPACKING pc=0x00000253000543a2 sp=0x000000abf06fd1d8 mode 2
Event: 52.152 Thread 0x0000025315b502d0 Uncommon trap: trap_request=0xffffffde fr.pc=0x0000025300503e70 relative=0x00000000000001b0
Event: 52.152 Thread 0x0000025315b502d0 Uncommon trap: reason=class_check action=maybe_recompile pc=0x0000025300503e70 method=com.sun.tools.javac.util.ListBuffer.next()Ljava/lang/Object; @ 12 c2
Event: 52.152 Thread 0x0000025315b502d0 DEOPT PACKING pc=0x0000025300503e70 sp=0x000000abf06fda30
Event: 52.152 Thread 0x0000025315b502d0 DEOPT UNPACKING pc=0x00000253000543a2 sp=0x000000abf06fd9e8 mode 2
Event: 52.594 Thread 0x0000025315b502d0 Uncommon trap: trap_request=0xffffffde fr.pc=0x00000253020e9a80 relative=0x00000000000039c0
Event: 52.594 Thread 0x0000025315b502d0 Uncommon trap: reason=class_check action=maybe_recompile pc=0x00000253020e9a80 method=com.sun.tools.javac.comp.TypeEnter$ImportsPhase.doImport(Lcom/sun/tools/javac/tree/JCTree$JCImport;)V @ 146 c2
Event: 52.594 Thread 0x0000025315b502d0 DEOPT PACKING pc=0x00000253020e9a80 sp=0x000000abf06fd5b0
Event: 52.595 Thread 0x0000025315b502d0 DEOPT UNPACKING pc=0x00000253000543a2 sp=0x000000abf06fd588 mode 2

Classes loaded (20 events):
Event: 48.294 Loading class java/util/regex/Pattern$LineEnding
Event: 48.294 Loading class java/util/regex/Pattern$LineEnding done
Event: 48.528 Loading class java/lang/SuppressWarnings
Event: 48.528 Loading class java/lang/SuppressWarnings done
Event: 48.995 Loading class sun/util/locale/LocaleExtensions
Event: 48.996 Loading class sun/util/locale/LocaleExtensions done
Event: 48.996 Loading class sun/util/locale/UnicodeLocaleExtension
Event: 48.996 Loading class sun/util/locale/Extension
Event: 48.996 Loading class sun/util/locale/Extension done
Event: 48.996 Loading class sun/util/locale/UnicodeLocaleExtension done
Event: 49.911 Loading class java/util/Collections$UnmodifiableList$1
Event: 49.911 Loading class java/util/Collections$UnmodifiableList$1 done
Event: 49.954 Loading class java/text/FieldPosition$Delegate
Event: 49.954 Loading class java/text/FieldPosition$Delegate done
Event: 49.998 Loading class java/io/FilterWriter
Event: 49.998 Loading class java/io/FilterWriter done
Event: 52.831 Loading class java/util/EnumMap$Values
Event: 52.831 Loading class java/util/EnumMap$Values done
Event: 52.831 Loading class java/util/EnumMap$ValueIterator
Event: 52.831 Loading class java/util/EnumMap$ValueIterator done

Classes unloaded (20 events):
Event: 22.716 Thread 0x000002537dd3ea90 Unloading class 0x0000000101403c00 'java/lang/invoke/LambdaForm$MH+0x0000000101403c00'
Event: 22.716 Thread 0x000002537dd3ea90 Unloading class 0x0000000101403800 'java/lang/invoke/LambdaForm$MH+0x0000000101403800'
Event: 22.716 Thread 0x000002537dd3ea90 Unloading class 0x0000000101403000 'java/lang/invoke/LambdaForm$MH+0x0000000101403000'
Event: 22.716 Thread 0x000002537dd3ea90 Unloading class 0x0000000101402800 'java/lang/invoke/LambdaForm$MH+0x0000000101402800'
Event: 22.716 Thread 0x000002537dd3ea90 Unloading class 0x0000000101402400 'java/lang/invoke/LambdaForm$MH+0x0000000101402400'
Event: 22.716 Thread 0x000002537dd3ea90 Unloading class 0x0000000101401800 'java/lang/invoke/LambdaForm$MH+0x0000000101401800'
Event: 22.716 Thread 0x000002537dd3ea90 Unloading class 0x0000000101401400 'java/lang/invoke/LambdaForm$MH+0x0000000101401400'
Event: 22.716 Thread 0x000002537dd3ea90 Unloading class 0x0000000101400c00 'java/lang/invoke/LambdaForm$MH+0x0000000101400c00'
Event: 22.716 Thread 0x000002537dd3ea90 Unloading class 0x0000000101400800 'java/lang/invoke/LambdaForm$MH+0x0000000101400800'
Event: 22.716 Thread 0x000002537dd3ea90 Unloading class 0x0000000101400400 'java/lang/invoke/LambdaForm$MH+0x0000000101400400'
Event: 22.716 Thread 0x000002537dd3ea90 Unloading class 0x00000001013ffc00 'java/lang/invoke/LambdaForm$MH+0x00000001013ffc00'
Event: 22.716 Thread 0x000002537dd3ea90 Unloading class 0x00000001013ff000 'java/lang/invoke/LambdaForm$MH+0x00000001013ff000'
Event: 22.716 Thread 0x000002537dd3ea90 Unloading class 0x00000001013ff400 'java/lang/invoke/LambdaForm$MH+0x00000001013ff400'
Event: 22.716 Thread 0x000002537dd3ea90 Unloading class 0x00000001013fe800 'java/lang/invoke/LambdaForm$MH+0x00000001013fe800'
Event: 22.716 Thread 0x000002537dd3ea90 Unloading class 0x00000001013fe400 'java/lang/invoke/LambdaForm$MH+0x00000001013fe400'
Event: 22.716 Thread 0x000002537dd3ea90 Unloading class 0x00000001013fdc00 'java/lang/invoke/LambdaForm$MH+0x00000001013fdc00'
Event: 22.716 Thread 0x000002537dd3ea90 Unloading class 0x00000001013fd800 'java/lang/invoke/LambdaForm$MH+0x00000001013fd800'
Event: 22.716 Thread 0x000002537dd3ea90 Unloading class 0x00000001013fd000 'java/lang/invoke/LambdaForm$MH+0x00000001013fd000'
Event: 22.716 Thread 0x000002537dd3ea90 Unloading class 0x00000001013fcc00 'java/lang/invoke/LambdaForm$MH+0x00000001013fcc00'
Event: 24.319 Thread 0x000002537dd3ea90 Unloading class 0x0000000101474000 'java/lang/invoke/LambdaForm$DMH+0x0000000101474000'

Classes redefined (0 events):
No events

Internal exceptions (20 events):
Event: 50.396 Thread 0x0000025315b502d0 Implicit null exception at 0x0000025302004700 to 0x0000025302007ee4
Event: 50.597 Thread 0x0000025315b502d0 Exception <a 'sun/nio/fs/WindowsException'{0x00000000b882eba0}> (0x00000000b882eba0) 
thrown [s\src\hotspot\share\prims\jni.cpp, line 537]
Event: 51.436 Thread 0x0000025315b502d0 Exception <a 'sun/nio/fs/WindowsException'{0x00000000c0bf5248}> (0x00000000c0bf5248) 
thrown [s\src\hotspot\share\prims\jni.cpp, line 537]
Event: 51.754 Thread 0x000002530da03020 Exception <a 'sun/nio/fs/WindowsException'{0x00000000fff87588}> (0x00000000fff87588) 
thrown [s\src\hotspot\share\prims\jni.cpp, line 537]
Event: 52.145 Thread 0x0000025315b502d0 Exception <a 'sun/nio/fs/WindowsException'{0x00000000ff2eec68}> (0x00000000ff2eec68) 
thrown [s\src\hotspot\share\prims\jni.cpp, line 537]
Event: 52.146 Thread 0x0000025315b502d0 Exception <a 'sun/nio/fs/WindowsException'{0x00000000ff2f3228}> (0x00000000ff2f3228) 
thrown [s\src\hotspot\share\prims\jni.cpp, line 537]
Event: 52.146 Thread 0x0000025315b502d0 Exception <a 'sun/nio/fs/WindowsException'{0x00000000ff2f3a50}> (0x00000000ff2f3a50) 
thrown [s\src\hotspot\share\prims\jni.cpp, line 537]
Event: 52.149 Thread 0x0000025315b502d0 Exception <a 'sun/nio/fs/WindowsException'{0x00000000ff005d98}> (0x00000000ff005d98) 
thrown [s\src\hotspot\share\prims\jni.cpp, line 537]
Event: 52.149 Thread 0x0000025315b502d0 Exception <a 'sun/nio/fs/WindowsException'{0x00000000ff006a30}> (0x00000000ff006a30) 
thrown [s\src\hotspot\share\prims\jni.cpp, line 537]
Event: 52.149 Thread 0x0000025315b502d0 Exception <a 'sun/nio/fs/WindowsException'{0x00000000ff0075f8}> (0x00000000ff0075f8) 
thrown [s\src\hotspot\share\prims\jni.cpp, line 537]
Event: 52.149 Thread 0x0000025315b502d0 Exception <a 'sun/nio/fs/WindowsException'{0x00000000ff007ee8}> (0x00000000ff007ee8) 
thrown [s\src\hotspot\share\prims\jni.cpp, line 537]
Event: 52.149 Thread 0x0000025315b502d0 Exception <a 'sun/nio/fs/WindowsException'{0x00000000ff0089a8}> (0x00000000ff0089a8) 
thrown [s\src\hotspot\share\prims\jni.cpp, line 537]
Event: 52.174 Thread 0x0000025315b502d0 Exception <a 'sun/nio/fs/WindowsException'{0x00000000fee2b9c8}> (0x00000000fee2b9c8) 
thrown [s\src\hotspot\share\prims\jni.cpp, line 537]
Event: 52.780 Thread 0x0000025315b502d0 Exception <a 'sun/nio/fs/WindowsException'{0x00000000c30c7088}> (0x00000000c30c7088) 
thrown [s\src\hotspot\share\prims\jni.cpp, line 537]
Event: 52.780 Thread 0x0000025315b502d0 Exception <a 'sun/nio/fs/WindowsException'{0x00000000c30c8200}> (0x00000000c30c8200) 
thrown [s\src\hotspot\share\prims\jni.cpp, line 537]
Event: 52.783 Thread 0x0000025315b502d0 Exception <a 'java/lang/NoSuchMethodError'{0x00000000c30d6380}: static Lorg/jetbrains/kotlin/kapt/base/incremental/JavaClassCache;.<clinit>()V> (0x00000000c30d6380) 
thrown [s\src\hotspot\share\prims\jni.cpp, line 1144]
Event: 52.786 Thread 0x0000025315b502d0 Exception <a 'java/lang/NoSuchMethodError'{0x00000000c30f1b20}: static Lorg/jetbrains/kotlin/kapt/base/incremental/SourceFileStructure;.<clinit>()V> (0x00000000c30f1b20) 
thrown [s\src\hotspot\share\prims\jni.cpp, line 1144]
Event: 52.826 Thread 0x0000025315b502d0 Exception <a 'sun/nio/fs/WindowsException'{0x00000000c2fd50c0}> (0x00000000c2fd50c0) 
thrown [s\src\hotspot\share\prims\jni.cpp, line 537]
Event: 52.826 Thread 0x0000025315b502d0 Exception <a 'sun/nio/fs/WindowsException'{0x00000000c2fd6030}> (0x00000000c2fd6030) 
thrown [s\src\hotspot\share\prims\jni.cpp, line 537]
Event: 52.829 Thread 0x0000025315b502d0 Exception <a 'java/lang/NoSuchMethodError'{0x00000000c2fe29f8}: static Lorg/jetbrains/kotlin/kapt/base/incremental/IncrementalAptCache;.<clinit>()V> (0x00000000c2fe29f8) 
thrown [s\src\hotspot\share\prims\jni.cpp, line 1144]

ZGC Phase Switch (0 events):
No events

VM Operations (20 events):
Event: 50.749 Executing safepoint VM operation: ICBufferFull
Event: 50.749 Executing safepoint VM operation: ICBufferFull done
Event: 50.776 Executing safepoint VM operation: G1CollectForAllocation (G1 Evacuation Pause)
Event: 50.795 Executing safepoint VM operation: G1CollectForAllocation (G1 Evacuation Pause) done
Event: 51.172 Executing safepoint VM operation: G1TryInitiateConcMark (CodeCache GC Threshold)
Event: 51.211 Executing safepoint VM operation: G1TryInitiateConcMark (CodeCache GC Threshold) done
Event: 51.357 Executing safepoint VM operation: G1PauseRemark
Event: 51.367 Executing safepoint VM operation: G1PauseRemark done
Event: 51.473 Executing safepoint VM operation: G1PauseCleanup
Event: 51.474 Executing safepoint VM operation: G1PauseCleanup done
Event: 51.717 Executing safepoint VM operation: G1CollectForAllocation (G1 Evacuation Pause)
Event: 51.753 Executing safepoint VM operation: G1CollectForAllocation (G1 Evacuation Pause) done
Event: 52.095 Executing safepoint VM operation: G1CollectForAllocation (G1 Evacuation Pause)
Event: 52.120 Executing safepoint VM operation: G1CollectForAllocation (G1 Evacuation Pause) done
Event: 52.551 Executing safepoint VM operation: G1CollectForAllocation (G1 Evacuation Pause)
Event: 52.591 Executing safepoint VM operation: G1CollectForAllocation (G1 Evacuation Pause) done
Event: 52.703 Executing safepoint VM operation: G1PauseRemark
Event: 52.718 Executing safepoint VM operation: G1PauseRemark done
Event: 52.829 Executing safepoint VM operation: G1PauseCleanup
Event: 52.830 Executing safepoint VM operation: G1PauseCleanup done

Memory protections (0 events):
No events

Nmethod flushes (20 events):
Event: 52.712 Thread 0x000002537dd3ea90 flushing  nmethod 0x00000253034c4590
Event: 52.712 Thread 0x000002537dd3ea90 flushing  nmethod 0x00000253034c4910
Event: 52.712 Thread 0x000002537dd3ea90 flushing  nmethod 0x00000253034c5210
Event: 52.712 Thread 0x000002537dd3ea90 flushing  nmethod 0x00000253034c5690
Event: 52.712 Thread 0x000002537dd3ea90 flushing  nmethod 0x00000253034c5b90
Event: 52.712 Thread 0x000002537dd3ea90 flushing  nmethod 0x00000253034c6210
Event: 52.712 Thread 0x000002537dd3ea90 flushing  nmethod 0x00000253034c6c10
Event: 52.712 Thread 0x000002537dd3ea90 flushing  nmethod 0x00000253034c7410
Event: 52.712 Thread 0x000002537dd3ea90 flushing  nmethod 0x00000253034c7990
Event: 52.712 Thread 0x000002537dd3ea90 flushing  nmethod 0x00000253034ca190
Event: 52.712 Thread 0x000002537dd3ea90 flushing  nmethod 0x00000253034ca490
Event: 52.712 Thread 0x000002537dd3ea90 flushing  nmethod 0x00000253034ca910
Event: 52.712 Thread 0x000002537dd3ea90 flushing osr nmethod 0x0000025303620b10
Event: 52.712 Thread 0x000002537dd3ea90 flushing  nmethod 0x0000025303627b10
Event: 52.712 Thread 0x000002537dd3ea90 flushing  nmethod 0x0000025303628d90
Event: 52.712 Thread 0x000002537dd3ea90 flushing  nmethod 0x000002530362c090
Event: 52.712 Thread 0x000002537dd3ea90 flushing  nmethod 0x000002530362ee90
Event: 52.712 Thread 0x000002537dd3ea90 flushing  nmethod 0x000002530362f690
Event: 52.712 Thread 0x000002537dd3ea90 flushing  nmethod 0x00000253037a9810
Event: 52.712 Thread 0x000002537dd3ea90 flushing  nmethod 0x00000253037b0190

Events (20 events):
Event: 50.076 Thread 0x0000025311992910 Thread added: 0x0000025311992240
Event: 50.078 Thread 0x0000025311993d80 Thread added: 0x000002537e517a40
Event: 50.079 Thread 0x000002537e517a40 Thread added: 0x000002537e518110
Event: 50.498 Thread 0x000002537e518110 Thread exited: 0x000002537e518110
Event: 50.995 Thread 0x000002537e517a40 Thread exited: 0x000002537e517a40
Event: 51.016 Thread 0x0000025311992240 Thread exited: 0x0000025311992240
Event: 51.211 Thread 0x00000253123f45f0 Thread exited: 0x00000253123f45f0
Event: 51.300 Thread 0x0000025311991b70 Thread added: 0x000002531c05b000
Event: 51.332 Thread 0x000002537de7ace0 Thread added: 0x000002531c0594c0
Event: 51.332 Thread 0x000002537de7ace0 Thread added: 0x000002531c058050
Event: 51.600 Thread 0x000002531c058050 Thread exited: 0x000002531c058050
Event: 52.430 Thread 0x000002531c0594c0 Thread exited: 0x000002531c0594c0
Event: 52.596 Thread 0x000002531c05b000 Thread exited: 0x000002531c05b000
Event: 52.596 Thread 0x00000253119936b0 Thread exited: 0x00000253119936b0
Event: 52.676 Thread 0x0000025311992910 Thread exited: 0x0000025311992910
Event: 52.782 Thread 0x000002537de7b780 Thread added: 0x000002531c057980
Event: 52.784 Thread 0x000002537de7b780 Thread added: 0x000002531c056be0
Event: 52.784 Thread 0x0000025311993d80 Thread added: 0x000002531c05bda0
Event: 52.787 Thread 0x0000025311993d80 Thread added: 0x000002531c0572b0
Event: 52.787 Thread 0x0000025311993d80 Thread added: 0x000002531c05cb40


Dynamic libraries:
0x00007ff712a20000 - 0x00007ff712a2a000 	C:\Program Files\Android\Android Studio\jbr\bin\java.exe
0x00007ff9307d0000 - 0x00007ff9309e9000 	C:\WINDOWS\SYSTEM32\ntdll.dll
0x00007ff92f450000 - 0x00007ff92f514000 	C:\WINDOWS\System32\KERNEL32.DLL
0x00007ff92dc20000 - 0x00007ff92dfe8000 	C:\WINDOWS\System32\KERNELBASE.dll
0x00007ff92da60000 - 0x00007ff92db71000 	C:\WINDOWS\System32\ucrtbase.dll
0x00007ff922160000 - 0x00007ff922178000 	C:\Program Files\Android\Android Studio\jbr\bin\jli.dll
0x00007ff9302f0000 - 0x00007ff9304a1000 	C:\WINDOWS\System32\USER32.dll
0x00007ff91ad10000 - 0x00007ff91ad2b000 	C:\Program Files\Android\Android Studio\jbr\bin\VCRUNTIME140.dll
0x00007ff92e440000 - 0x00007ff92e466000 	C:\WINDOWS\System32\win32u.dll
0x00007ff911840000 - 0x00007ff911adc000 	C:\WINDOWS\WinSxS\amd64_microsoft.windows.common-controls_6595b64144ccf1df_6.0.22621.6931_none_270fd4b77385a2c0\COMCTL32.dll
0x00007ff92efa0000 - 0x00007ff92f047000 	C:\WINDOWS\System32\msvcrt.dll
0x00007ff930020000 - 0x00007ff930049000 	C:\WINDOWS\System32\GDI32.dll
0x00007ff92e2a0000 - 0x00007ff92e3bc000 	C:\WINDOWS\System32\gdi32full.dll
0x00007ff92db80000 - 0x00007ff92dc1a000 	C:\WINDOWS\System32\msvcp_win.dll
0x00007ff9304c0000 - 0x00007ff9304f1000 	C:\WINDOWS\System32\IMM32.DLL
0x00007ff922bc0000 - 0x00007ff922bcc000 	C:\Program Files\Android\Android Studio\jbr\bin\vcruntime140_1.dll
0x00007ff91aad0000 - 0x00007ff91ab5d000 	C:\Program Files\Android\Android Studio\jbr\bin\msvcp140.dll
0x00007ff8deb70000 - 0x00007ff8df806000 	C:\Program Files\Android\Android Studio\jbr\bin\server\jvm.dll
0x00007ff92fe30000 - 0x00007ff92fee1000 	C:\WINDOWS\System32\ADVAPI32.dll
0x00007ff930240000 - 0x00007ff9302e8000 	C:\WINDOWS\System32\sechost.dll
0x00007ff92da30000 - 0x00007ff92da58000 	C:\WINDOWS\System32\bcrypt.dll
0x00007ff92e520000 - 0x00007ff92e638000 	C:\WINDOWS\System32\RPCRT4.dll
0x00007ff92ebb0000 - 0x00007ff92ec21000 	C:\WINDOWS\System32\WS2_32.dll
0x00007ff92c6e0000 - 0x00007ff92c72d000 	C:\WINDOWS\SYSTEM32\POWRPROF.dll
0x00007ff927830000 - 0x00007ff927864000 	C:\WINDOWS\SYSTEM32\WINMM.dll
0x00007ff920ad0000 - 0x00007ff920ada000 	C:\WINDOWS\SYSTEM32\VERSION.dll
0x00007ff92c6c0000 - 0x00007ff92c6d3000 	C:\WINDOWS\SYSTEM32\UMPDC.dll
0x00007ff92c980000 - 0x00007ff92c998000 	C:\WINDOWS\SYSTEM32\kernel.appcore.dll
0x00007ff922900000 - 0x00007ff92290a000 	C:\Program Files\Android\Android Studio\jbr\bin\jimage.dll
0x00007ff92ad10000 - 0x00007ff92af43000 	C:\WINDOWS\SYSTEM32\DBGHELP.DLL
0x00007ff92f0b0000 - 0x00007ff92f442000 	C:\WINDOWS\System32\combase.dll
0x00007ff9306b0000 - 0x00007ff930789000 	C:\WINDOWS\System32\OLEAUT32.dll
0x00007ff91ac50000 - 0x00007ff91ac82000 	C:\WINDOWS\SYSTEM32\dbgcore.DLL
0x00007ff92dff0000 - 0x00007ff92e06b000 	C:\WINDOWS\System32\bcryptPrimitives.dll
0x00007ff915200000 - 0x00007ff91520e000 	C:\Program Files\Android\Android Studio\jbr\bin\instrument.dll
0x00007ff915430000 - 0x00007ff915450000 	C:\Program Files\Android\Android Studio\jbr\bin\java.dll
0x00007ff915240000 - 0x00007ff915258000 	C:\Program Files\Android\Android Studio\jbr\bin\zip.dll
0x00007ff92f590000 - 0x00007ff92fe2e000 	C:\WINDOWS\System32\SHELL32.dll
0x00007ff92d8f0000 - 0x00007ff92da2f000 	C:\WINDOWS\System32\wintypes.dll
0x00007ff92b770000 - 0x00007ff92c082000 	C:\WINDOWS\SYSTEM32\windows.storage.dll
0x00007ff92ff10000 - 0x00007ff930014000 	C:\WINDOWS\System32\SHCORE.dll
0x00007ff9301d0000 - 0x00007ff930239000 	C:\WINDOWS\System32\shlwapi.dll
0x00007ff92d820000 - 0x00007ff92d845000 	C:\WINDOWS\SYSTEM32\profapi.dll
0x00007ff9221b0000 - 0x00007ff9221c0000 	C:\Program Files\Android\Android Studio\jbr\bin\net.dll
0x00007ff929520000 - 0x00007ff92964c000 	C:\WINDOWS\SYSTEM32\WINHTTP.dll
0x00007ff92ce30000 - 0x00007ff92ce99000 	C:\WINDOWS\system32\mswsock.dll
0x00007ff915280000 - 0x00007ff915296000 	C:\Program Files\Android\Android Studio\jbr\bin\nio.dll
0x00007ff9152d0000 - 0x00007ff9152e0000 	C:\Program Files\Android\Android Studio\jbr\bin\verify.dll
0x00007ff915070000 - 0x00007ff915097000 	C:\Users\owner\.gradle\native\660c5614fbf4a5f2a75b1949f50a0caf5cd603558e7d8a26e50b933a0cfb79d1\windows-amd64\native-platform.dll
0x00007ff9144c0000 - 0x00007ff914537000 	C:\Users\owner\.gradle\native\0.2.8\x86_64-windows-gnu\gradle-fileevents.dll
0x00007ff91ac40000 - 0x00007ff91ac49000 	C:\Program Files\Android\Android Studio\jbr\bin\management.dll
0x00007ff91aac0000 - 0x00007ff91aacb000 	C:\Program Files\Android\Android Studio\jbr\bin\management_ext.dll
0x00007ff9304b0000 - 0x00007ff9304b8000 	C:\WINDOWS\System32\PSAPI.DLL
0x00007ff92c2e0000 - 0x00007ff92c30d000 	C:\WINDOWS\SYSTEM32\IPHLPAPI.DLL
0x00007ff92f0a0000 - 0x00007ff92f0a9000 	C:\WINDOWS\System32\NSI.dll
0x00007ff915150000 - 0x00007ff915159000 	C:\Program Files\Android\Android Studio\jbr\bin\extnet.dll
0x00007ff92d180000 - 0x00007ff92d19b000 	C:\WINDOWS\SYSTEM32\CRYPTSP.dll
0x00007ff92c8e0000 - 0x00007ff92c917000 	C:\WINDOWS\system32\rsaenh.dll
0x00007ff92ced0000 - 0x00007ff92cef8000 	C:\WINDOWS\SYSTEM32\USERENV.dll
0x00007ff92d160000 - 0x00007ff92d16c000 	C:\WINDOWS\SYSTEM32\CRYPTBASE.dll
0x00007ff903d30000 - 0x00007ff903d38000 	C:\WINDOWS\system32\wshunix.dll
0x00007ff924ba0000 - 0x00007ff924c37000 	C:\WINDOWS\system32\apphelp.dll
0x00007ff92ca90000 - 0x00007ff92cac4000 	C:\WINDOWS\SYSTEM32\ntmarta.dll
0x00007ff922150000 - 0x00007ff922157000 	C:\Program Files\Android\Android Studio\jbr\bin\rmi.dll
0x00007ff900c60000 - 0x00007ff900d49000 	C:\Users\owner\AppData\Local\Temp\sqlite-3.41.2.2-7ca6140a-a1d9-4ac5-8611-5884eb15ddff-sqlitejdbc.dll

JVMTI agents:
C:\Users\owner\.gradle\wrapper\dists\gradle-9.5.1-all\3mo7ofu40rhxhyro6vr9xd6jp\gradle-9.5.1\lib\agents\gradle-instrumentation-agent-9.5.1.jar path:C:\Program Files\Android\Android Studio\jbr\bin\instrument.dll, loaded, initialized, instrumentlib options:none

dbghelp: loaded successfully - version: 4.0.5 - missing functions: none
symbol engine: initialized successfully - sym options: 0x614 - pdb path: .;C:\Program Files\Android\Android Studio\jbr\bin;C:\WINDOWS\SYSTEM32;C:\WINDOWS\WinSxS\amd64_microsoft.windows.common-controls_6595b64144ccf1df_6.0.22621.6931_none_270fd4b77385a2c0;C:\Program Files\Android\Android Studio\jbr\bin\server;C:\Users\owner\.gradle\native\660c5614fbf4a5f2a75b1949f50a0caf5cd603558e7d8a26e50b933a0cfb79d1\windows-amd64;C:\Users\owner\.gradle\native\0.2.8\x86_64-windows-gnu;C:\Users\owner\AppData\Local\Temp

VM Arguments:
jvm_args: --add-opens=java.base/java.lang=ALL-UNNAMED --add-opens=java.base/java.lang.invoke=ALL-UNNAMED --add-opens=java.base/java.util=ALL-UNNAMED --add-opens=java.prefs/java.util.prefs=ALL-UNNAMED --add-exports=jdk.compiler/com.sun.tools.javac.api=ALL-UNNAMED --add-exports=jdk.compiler/com.sun.tools.javac.util=ALL-UNNAMED --add-opens=java.base/java.nio.charset=ALL-UNNAMED --add-opens=java.base/java.net=ALL-UNNAMED --add-opens=java.base/java.util.concurrent=ALL-UNNAMED --add-opens=java.base/java.util.concurrent.atomic=ALL-UNNAMED --add-opens=java.xml/javax.xml.namespace=ALL-UNNAMED --add-opens=java.base/java.time=ALL-UNNAMED -XX:MaxMetaspaceSize=512m -XX:ReservedCodeCacheSize=128m -Xmx1536M -Dfile.encoding=UTF-8 -Duser.country=JP -Duser.language=ja -Duser.variant -javaagent:C:\Users\owner\.gradle\wrapper\dists\gradle-9.5.1-all\3mo7ofu40rhxhyro6vr9xd6jp\gradle-9.5.1\lib\agents\gradle-instrumentation-agent-9.5.1.jar 
java_command: org.gradle.launcher.daemon.bootstrap.GradleDaemon 9.5.1
java_class_path (initial): C:\Users\owner\.gradle\wrapper\dists\gradle-9.5.1-all\3mo7ofu40rhxhyro6vr9xd6jp\gradle-9.5.1\lib\gradle-daemon-main-9.5.1.jar
Launcher Type: SUN_STANDARD

[Global flags]
     intx CICompilerCount                          = 12                                        {product} {ergonomic}
   size_t CompressedClassSpaceSize                 = 436207616                                 {product} {ergonomic}
     uint ConcGCThreads                            = 4                                         {product} {ergonomic}
     uint G1ConcRefinementThreads                  = 14                                        {product} {ergonomic}
   size_t G1HeapRegionSize                         = 1048576                                   {product} {ergonomic}
    uintx GCDrainStackTargetSize                   = 64                                        {product} {ergonomic}
   size_t InitialHeapSize                          = 257949696                                 {product} {ergonomic}
   size_t MarkStackSize                            = 4194304                                   {product} {ergonomic}
   size_t MaxHeapSize                              = 1610612736                                {product} {command line}
   size_t MaxMetaspaceSize                         = 536870912                                 {product} {command line}
   size_t MaxNewSize                               = 965738496                                 {product} {ergonomic}
   size_t MinHeapDeltaBytes                        = 1048576                                   {product} {ergonomic}
   size_t MinHeapSize                              = 8388608                                   {product} {ergonomic}
    uintx NonNMethodCodeHeapSize                   = 4096                                   {pd product} {ergonomic}
    uintx NonProfiledCodeHeapSize                  = 0                                      {pd product} {ergonomic}
     bool PerfDisableSharedMem                     = true                                      {product} {ergonomic}
    uintx ProfiledCodeHeapSize                     = 0                                      {pd product} {ergonomic}
    uintx ReservedCodeCacheSize                    = 134217728                              {pd product} {command line}
   size_t SoftMaxHeapSize                          = 1610612736                             {manageable} {ergonomic}
     bool UseCompressedOops                        = true                           {product lp64_product} {ergonomic}
     bool UseG1GC                                  = true                                      {product} {ergonomic}
     bool UseLargePagesIndividualAllocation        = false                                  {pd product} {ergonomic}

Logging:
Log output configuration:
 #0: stdout all=warning uptime,level,tags foldmultilines=false
 #1: stderr all=off uptime,level,tags foldmultilines=false

Release file:
JAVA_VERSION="21.0.10" 
MODULES="java.base java.compiler java.datatransfer java.xml java.prefs java.desktop java.instrument java.logging java.management java.security.sasl java.naming java.rmi java.management.rmi java.net.http java.scripting java.security.jgss java.transaction.xa java.sql java.sql.rowset java.xml.crypto java.se java.smartcardio jdk.accessibility jdk.internal.jvmstat jdk.attach jdk.charsets jdk.internal.opt jdk.zipfs jdk.compiler jdk.crypto.ec jdk.crypto.cryptoki jdk.dynalink jdk.hotspot.agent jdk.httpserver jdk.internal.ed jdk.internal.le jdk.internal.vm.ci jdk.jartool jdk.javadoc jdk.jcmd jdk.jdeps jdk.jdwp.agent jdk.jdi jdk.jfr jdk.jlink jdk.jsobject jdk.localedata jdk.management jdk.management.agent jdk.management.jfr jdk.naming.dns jdk.naming.rmi jdk.net jdk.sctp jdk.security.auth jdk.security.jgss jdk.unsupported jdk.unsupported.desktop jdk.xml.dom" 
IMPLEMENTOR="JetBrains s.r.o." 
JAVA_RUNTIME_VERSION="21.0.10+-14961533-b1163.108" 
LIBC="default" 
OS_ARCH="x86_64" 
OS_NAME="Windows" 
SOURCE=".:git:1351622c2ff2" 

Environment Variables:
JAVA_HOME=C:\Program Files\Android\Android Studio\jbr
CLASSPATH=C:\Users\owner\Downloads\MISSXXX\PipePipe-main\PipePipe-main\PipePipeClient\\gradle\wrapper\gradle-wrapper.jar
PATH=C:\Program Files\Android\Android Studio\jbr\bin;C:\Users\owner\.codex\tmp\arg0\codex-arg0eZKBmO;C:\Users\owner\.cache\codex-runtimes\codex-primary-runtime\dependencies\bin;C:\Program Files\Eclipse Adoptium\jdk-26.0.1.8-hotspot\bin;C:\Program Files\Eclipse Adoptium\jdk-17.0.19.10-hotspot\bin;C:\Program Files (x86)\Common Files\Oracle\Java\java8path;C:\Program Files (x86)\Common Files\Oracle\Java\javapath;C:\WINDOWS\system32;C:\WINDOWS;C:\WINDOWS\System32\Wbem;C:\WINDOWS\System32\WindowsPowerShell\v1.0\;C:\WINDOWS\System32\OpenSSH\;C:\Program Files\dotnet\;C:\Program Files\Calibre2\;C:\Users\owner\AppData\Local\Microsoft\WindowsApps;C:\Users\owner\AppData\Local\Programs\VSCodium\bin;C:\ADB;C:\Program Files\gs\gs10.06.0\bin;C:\Program Files\Git\cmd;C:\Program Files\nodejs\;C:\Program Files\MEGA12;C:\Program Files\MEGACC;C:\Program Files\PowerToys\DSCModules\;C:\Program Files\WiX Toolset v7.0\bin\;C:\Program Files\Go\bin;C:\Program Files (x86)\Windows Kits\10\Windows Performance Toolkit\;C:\Users\owner\AppData\Local\Programs\Python\Python311\Scripts\;C:\Users\owner\AppData\Local\Programs\Python\Python311\;C:\Users\owner\AppData\Local\Programs\Python\Python313\Scripts\;C:\Users\owner\AppData\Local\Programs\Python\Python313\;C:\Users\owner\.cargo\bin;C:\Users\owner\AppData\Local\Pandoc\;C:\Users\owner\AppData\Roaming\npm;C:\Users\owner\AppData\Local\Microsoft\WinGet\Links;C:\Users\owner\go\bin;C:\Users\owner\.dotnet\tools;C:\Program Files\AntiMicroX\bin;C:\Users\owner\AppData\Local\OpenAI\Codex\bin\ada252862d154cdd;C:\Program Files\WindowsApps\OpenAI.Codex_26.623.13972.0_x64__2p2nqsd0c76g0\app\resources
USERNAME=owner
SHELL=C:\WINDOWS\System32\WindowsPowerShell\v1.0\powershell.exe
LANG=C.UTF-8
LC_ALL=C.UTF-8
LC_CTYPE=C.UTF-8
TERM=dumb
OS=Windows_NT
PROCESSOR_IDENTIFIER=Intel64 Family 6 Model 170 Stepping 4, GenuineIntel
TMP=C:\Users\owner\AppData\Local\Temp
TEMP=C:\Users\owner\AppData\Local\Temp




Periodic native trim disabled

JNI global refs:
JNI global refs: 41, weak refs: 39

JNI global refs memory usage: 835, weak refs: 833

Process memory usage:
Resident Set Size: 1099036K (6% of 16121028K total physical memory with 2476248K free physical memory)

OOME stack traces (most recent first):
Classloader memory used:
Loader org.gradle.internal.classloader.VisitableURLClassLoader                         : 59140K
Loader org.gradle.internal.classloader.VisitableURLClassLoader$InstrumentingVisitableURLClassLoader: 34260K
Loader bootstrap                                                                       : 33239K
Loader java.net.URLClassLoader                                                         : 28483K
Loader org.gradle.initialization.MixInLegacyTypesClassLoader                           : 17635K
Loader jdk.internal.loader.ClassLoaders$AppClassLoader                                 : 8749K
Loader jdk.internal.reflect.DelegatingClassLoader                                      : 1225K
Loader jdk.internal.loader.ClassLoaders$PlatformClassLoader                            : 1010K
Loader org.gradle.groovy.scripts.internal.DefaultScriptCompilationHandler$ScriptClassLoader: 429K
Loader org.gradle.internal.classloader.VisitableURLClassLoader                         : 9016B

Classes loaded by more than one classloader:
Class kotlin.io.TextStreamsKt                                                         : loaded 4 times (x 71B)
Class kotlin.collections.CollectionsKt__MutableCollectionsKt                          : loaded 4 times (x 71B)
Class kotlin.io.CloseableKt                                                           : loaded 4 times (x 71B)
Class kotlin.collections.EmptyList                                                    : loaded 4 times (x 174B)
Class kotlin.collections.MapsKt__MapsJVMKt                                            : loaded 4 times (x 71B)
Class kotlin.Pair                                                                     : loaded 4 times (x 72B)
Class kotlin.collections.ArraysKt__ArraysKt                                           : loaded 4 times (x 71B)
Class kotlin.text.StringsKt__StringsKt                                                : loaded 4 times (x 71B)
Class kotlin.NotImplementedError                                                      : loaded 4 times (x 82B)
Class kotlin.collections.SetsKt__SetsJVMKt                                            : loaded 4 times (x 71B)
Class kotlin.Function                                                                 : loaded 4 times (x 70B)
Class kotlin.text.StringsKt__StringsJVMKt                                             : loaded 4 times (x 71B)
Class kotlin.collections.CollectionsKt__IteratorsJVMKt                                : loaded 4 times (x 71B)
Class kotlin.comparisons.ComparisonsKt___ComparisonsJvmKt                             : loaded 4 times (x 71B)
Class kotlin.text.StringsKt__IndentKt                                                 : loaded 4 times (x 71B)
Class kotlin.collections.CollectionsKt                                                : loaded 4 times (x 71B)
Class kotlin.collections.SetsKt                                                       : loaded 4 times (x 71B)
Class kotlin.collections.MapsKt__MapsKt                                               : loaded 4 times (x 71B)
Class kotlin.Metadata                                                                 : loaded 4 times (x 70B)
Class kotlin.enums.EnumEntriesList                                                    : loaded 4 times (x 223B)
Class kotlin.UninitializedPropertyAccessException                                     : loaded 4 times (x 82B)
Class kotlin.sequences.FilteringSequence$iterator$1                                   : loaded 4 times (x 79B)
Class kotlin.sequences.SequencesKt__SequenceBuilderKt                                 : loaded 4 times (x 71B)
Class kotlin.collections.CollectionsKt__CollectionsJVMKt                              : loaded 4 times (x 71B)
Class kotlin._Assertions                                                              : loaded 4 times (x 71B)
Class kotlin.sequences.SequencesKt                                                    : loaded 4 times (x 71B)
Class kotlin.collections.CollectionsKt__ReversedViewsKt                               : loaded 4 times (x 71B)
Class kotlin.collections.CollectionsKt__IteratorsKt                                   : loaded 4 times (x 71B)
Class kotlin.text.StringsKt                                                           : loaded 4 times (x 71B)
Class kotlin.LazyKt__LazyJVMKt                                                        : loaded 4 times (x 71B)
Class kotlin.text.StringsKt__StringNumberConversionsKt                                : loaded 4 times (x 71B)
Class kotlin.collections.CollectionsKt__CollectionsKt                                 : loaded 4 times (x 71B)
Class kotlin.collections.ArraysKt___ArraysJvmKt                                       : loaded 4 times (x 71B)
Class kotlin.jvm.internal.markers.KMappedMarker                                       : loaded 4 times (x 70B)
Class kotlin.text.StringsKt__RegexExtensionsJVMKt                                     : loaded 4 times (x 71B)
Class kotlin.enums.EnumEntries                                                        : loaded 4 times (x 70B)
Class kotlin.NoWhenBranchMatchedException                                             : loaded 4 times (x 82B)
Class kotlin.Lazy                                                                     : loaded 4 times (x 70B)
Class kotlin.collections.EmptyIterator                                                : loaded 4 times (x 89B)
Class kotlin.text.StringsKt__RegexExtensionsKt                                        : loaded 4 times (x 71B)
Class kotlin.SynchronizedLazyImpl                                                     : loaded 4 times (x 76B)
Class kotlin.sequences.SequencesKt__SequencesJVMKt                                    : loaded 4 times (x 71B)
Class kotlin.text.StringsKt__StringBuilderKt                                          : loaded 4 times (x 71B)
Class kotlin.collections.AbstractList                                                 : loaded 4 times (x 197B)
Class kotlin.collections.AbstractCollection                                           : loaded 4 times (x 117B)
Class kotlin.text.StringsKt__StringBuilderJVMKt                                       : loaded 4 times (x 71B)
Class kotlin.LazyKt__LazyKt                                                           : loaded 4 times (x 71B)
Class kotlin.text.CharsKt                                                             : loaded 4 times (x 71B)
Class kotlin.UNINITIALIZED_VALUE                                                      : loaded 4 times (x 71B)
Class kotlin.sequences.SequencesKt__SequencesKt                                       : loaded 4 times (x 71B)
Class kotlin.collections.ArraysKt__ArraysJVMKt                                        : loaded 4 times (x 71B)
Class kotlin.comparisons.ComparisonsKt__ComparisonsKt                                 : loaded 4 times (x 71B)
Class kotlin.LazyKt                                                                   : loaded 4 times (x 71B)
Class kotlin.collections.SetsKt__SetsKt                                               : loaded 4 times (x 71B)
Class kotlin.collections.SetsKt___SetsKt                                              : loaded 4 times (x 71B)
Class kotlin.ranges.RangesKt__RangesKt                                                : loaded 4 times (x 71B)
Class kotlin.sequences.FilteringSequence                                              : loaded 4 times (x 75B)
Class kotlin.comparisons.ComparisonsKt                                                : loaded 4 times (x 71B)
Class kotlin.comparisons.ComparisonsKt___ComparisonsKt                                : loaded 4 times (x 71B)
Class kotlin.text.CharsKt__CharJVMKt                                                  : loaded 4 times (x 71B)
Class kotlin.text.StringsKt__StringNumberConversionsJVMKt                             : loaded 4 times (x 71B)
Class kotlin.sequences.Sequence                                                       : loaded 4 times (x 70B)
Class kotlin.collections.CollectionsKt___CollectionsJvmKt                             : loaded 4 times (x 71B)
Class kotlin.collections.ArraysKt                                                     : loaded 4 times (x 71B)
Class kotlin.text.CharsKt__CharKt                                                     : loaded 4 times (x 71B)
Class kotlin.Unit                                                                     : loaded 4 times (x 71B)
Class kotlin.sequences.SequencesKt___SequencesJvmKt                                   : loaded 4 times (x 71B)
Class kotlin.TuplesKt                                                                 : loaded 4 times (x 71B)
Class kotlin.ranges.RangesKt                                                          : loaded 4 times (x 71B)
Class kotlin.ranges.RangesKt___RangesKt                                               : loaded 4 times (x 71B)
Class kotlin.collections.ArraysUtilJVM                                                : loaded 4 times (x 71B)
Class kotlin.jvm.functions.Function0                                                  : loaded 4 times (x 70B)
Class kotlin.jvm.functions.Function1                                                  : loaded 4 times (x 70B)
Class kotlin.text.StringsKt__AppendableKt                                             : loaded 4 times (x 71B)
Class kotlin.KotlinNullPointerException                                               : loaded 4 times (x 83B)
Class kotlin.collections.MapsKt___MapsJvmKt                                           : loaded 4 times (x 71B)
Class kotlin.annotation.Target                                                        : loaded 4 times (x 70B)
Class kotlin.text.Charsets                                                            : loaded 4 times (x 71B)
Class kotlin.collections.EmptySet                                                     : loaded 4 times (x 122B)
Class kotlin.collections.CollectionsKt__IterablesKt                                   : loaded 4 times (x 71B)
Class kotlin.collections.MapsKt                                                       : loaded 4 times (x 71B)
Class kotlin.collections.CollectionsKt___CollectionsKt                                : loaded 4 times (x 71B)
Class kotlin.annotation.Retention                                                     : loaded 4 times (x 70B)
Class kotlin.jvm.internal.Intrinsics                                                  : loaded 4 times (x 71B)
Class kotlin.text.StringsKt___StringsJvmKt                                            : loaded 4 times (x 71B)
Class kotlin.collections.ArraysKt___ArraysKt                                          : loaded 4 times (x 71B)
Class kotlin.collections.EmptyMap                                                     : loaded 4 times (x 108B)
Class kotlin.collections.MapsKt___MapsKt                                              : loaded 4 times (x 71B)
Class kotlin.collections.AbstractList$Companion                                       : loaded 4 times (x 71B)
Class kotlin.sequences.SequencesKt___SequencesKt                                      : loaded 4 times (x 71B)
Class kotlin.collections.MapsKt__MapWithDefaultKt                                     : loaded 4 times (x 71B)
Class kotlin.text.StringsKt___StringsKt                                               : loaded 4 times (x 71B)
Class kotlin.enums.EnumEntriesKt                                                      : loaded 4 times (x 71B)
Class kotlin.collections.CollectionsKt__MutableCollectionsJVMKt                       : loaded 4 times (x 71B)
Class [Lkotlin.LazyThreadSafetyMode;                                                  : loaded 3 times (x 69B)
Class kotlin.jvm.functions.Function9                                                  : loaded 3 times (x 70B)
Class kotlin.jvm.functions.Function10                                                 : loaded 3 times (x 70B)
Class com.google.common.collect.ImmutableSet$RegularSetBuilderImpl                    : loaded 3 times (x 77B)
Class [Lkotlin.reflect.KClassifier;                                                   : loaded 3 times (x 69B)
Class [Lkotlin.reflect.KClass;                                                        : loaded 3 times (x 69B)
Class kotlin.reflect.jvm.internal.impl.name.FqName                                    : loaded 3 times (x 72B)
Class kotlin.reflect.jvm.internal.impl.name.FqNameUnsafe                              : loaded 3 times (x 72B)
Class kotlin.jvm.functions.Function8                                                  : loaded 3 times (x 70B)
Class kotlin.collections.builders.MapBuilder$Companion                                : loaded 3 times (x 71B)
Class com.google.common.base.Platform$JdkPatternCompiler                              : loaded 3 times (x 75B)
Class kotlin.reflect.jvm.internal.impl.name.Name                                      : loaded 3 times (x 75B)
Class kotlin.jvm.functions.Function7                                                  : loaded 3 times (x 70B)
Class kotlin.reflect.jvm.internal.EmptyContainerForLocal                              : loaded 3 times (x 84B)
Class kotlin.ranges.IntRange$Companion                                                : loaded 3 times (x 71B)
Class kotlin.io.FilesKt                                                               : loaded 3 times (x 71B)
Class com.google.common.collect.SortedMapDifference                                   : loaded 3 times (x 70B)
Class kotlin.jvm.internal.markers.KMutableCollection                                  : loaded 3 times (x 70B)
Class kotlin.jvm.functions.Function11                                                 : loaded 3 times (x 70B)
Class kotlin.reflect.jvm.internal.KTypeParameterOwnerImpl                             : loaded 3 times (x 70B)
Class kotlin.jvm.functions.Function6                                                  : loaded 3 times (x 70B)
Class kotlin.reflect.KAnnotatedElement                                                : loaded 3 times (x 70B)
Class kotlin.reflect.KDeclarationContainer                                            : loaded 3 times (x 70B)
Class kotlin.jvm.functions.Function5                                                  : loaded 3 times (x 70B)
Class com.google.common.collect.RegularImmutableMap$BucketOverflowException           : loaded 3 times (x 82B)
Class com.google.common.collect.CollectPreconditions                                  : loaded 3 times (x 71B)
Class kotlin.jvm.functions.Function12                                                 : loaded 3 times (x 70B)
Class [Lcom.google.common.collect.ImmutableMapEntry;                                  : loaded 3 times (x 69B)
Class kotlin.reflect.jvm.internal.KClassImpl$Data                                     : loaded 3 times (x 72B)
Class kotlin.io.FileTreeWalk$FileTreeWalkIterator                                     : loaded 3 times (x 83B)
Class kotlin.jvm.functions.Function4                                                  : loaded 3 times (x 70B)
Class kotlin.reflect.jvm.internal.impl.builtins.PrimitiveType$Companion               : loaded 3 times (x 71B)
Class kotlin.io.FileTreeWalk$FileTreeWalkIterator$TopDownDirectoryState               : loaded 3 times (x 74B)
Class kotlin.ranges.OpenEndRange                                                      : loaded 3 times (x 70B)
Class com.google.common.collect.ImmutableEntry                                        : loaded 3 times (x 82B)
Class [Lcom.google.common.collect.AbstractMapEntry;                                   : loaded 3 times (x 69B)
Class kotlin.io.FileTreeWalk$WalkState                                                : loaded 3 times (x 73B)
Class kotlin.jvm.functions.Function13                                                 : loaded 3 times (x 70B)
Class kotlin.reflect.jvm.internal.KDeclarationContainerImpl$Data                      : loaded 3 times (x 72B)
Class com.google.common.collect.UnmodifiableListIterator                              : loaded 3 times (x 95B)
Class com.google.common.collect.ImmutableEnumMap                                      : loaded 3 times (x 126B)
Class kotlin.jvm.functions.Function3                                                  : loaded 3 times (x 70B)
Class com.google.common.collect.ImmutableMap                                          : loaded 3 times (x 120B)
Class kotlin.jvm.functions.Function2                                                  : loaded 3 times (x 70B)
Class com.google.common.base.Predicate                                                : loaded 3 times (x 70B)
Class kotlin.jvm.internal.markers.KMutableIterator                                    : loaded 3 times (x 70B)
Class kotlin.sequences.TransformingSequence                                           : loaded 3 times (x 75B)
Class kotlin.collections.AbstractMutableList                                          : loaded 3 times (x 206B)
Class com.google.common.collect.Sets                                                  : loaded 3 times (x 71B)
Class com.google.common.collect.RegularImmutableBiMap                                 : loaded 3 times (x 149B)
Class kotlin.jvm.functions.Function14                                                 : loaded 3 times (x 70B)
Class kotlin.reflect.jvm.internal.KClassImpl                                          : loaded 3 times (x 115B)
Class kotlin.sequences.GeneratorSequence                                              : loaded 3 times (x 75B)
Class com.google.common.collect.Sets$1                                                : loaded 3 times (x 139B)
Class kotlin.jvm.internal.ArrayIteratorKt                                             : loaded 3 times (x 71B)
Class kotlin.sequences.FlatteningSequence$iterator$1                                  : loaded 3 times (x 79B)
Class kotlin.io.FileTreeWalk$DirectoryState                                           : loaded 3 times (x 73B)
Class kotlin.reflect.KProperty$Accessor                                               : loaded 3 times (x 70B)
Class [Lkotlin.reflect.KCallable;                                                     : loaded 3 times (x 69B)
Class com.google.common.base.PatternCompiler                                          : loaded 3 times (x 70B)
Class com.google.common.collect.Hashing                                               : loaded 3 times (x 71B)
Class kotlin.jvm.internal.markers.KMutableIterable                                    : loaded 3 times (x 70B)
Class com.google.common.base.Equivalence$Equals                                       : loaded 3 times (x 82B)
Class kotlin.jvm.functions.Function15                                                 : loaded 3 times (x 70B)
Class com.google.common.base.Preconditions                                            : loaded 3 times (x 71B)
Class kotlin.reflect.jvm.internal.ReflectProperties$Val$1                             : loaded 3 times (x 71B)
Class kotlin.jvm.internal.FunctionReferenceImpl                                       : loaded 3 times (x 122B)
Class kotlin.reflect.KType                                                            : loaded 3 times (x 70B)
Class com.google.common.collect.RegularImmutableMap$Values                            : loaded 3 times (x 207B)
Class com.google.common.collect.Sets$2                                                : loaded 3 times (x 139B)
Class kotlin.collections.builders.MapBuilder$EntryRef                                 : loaded 3 times (x 81B)
Class kotlin.text.MatchResult                                                         : loaded 3 times (x 70B)
Class com.google.common.collect.ImmutableSet                                          : loaded 3 times (x 145B)
Class kotlin.jvm.internal.MutablePropertyReference2                                   : loaded 3 times (x 137B)
Class kotlin.reflect.jvm.internal.impl.builtins.jvm.JavaToKotlinClassMap$PlatformMutabilityMapping: loaded 3 times (x 72B)
Class kotlin.reflect.jvm.internal.ReflectProperties$Val                               : loaded 3 times (x 74B)
Class kotlin.collections.builders.MapBuilder                                          : loaded 3 times (x 112B)
Class com.google.common.collect.ImmutableMap$MapViewOfValuesAsSingletonSets           : loaded 3 times (x 126B)
Class com.google.common.collect.RegularImmutableMap                                   : loaded 3 times (x 121B)
Class kotlin.ranges.IntProgression$Companion                                          : loaded 3 times (x 71B)
Class com.google.common.collect.PeekingIterator                                       : loaded 3 times (x 70B)
Class kotlin.jvm.functions.Function16                                                 : loaded 3 times (x 70B)
Class kotlin.jvm.functions.Function17                                                 : loaded 3 times (x 70B)
Class kotlin.jvm.internal.ClassBasedDeclarationContainer                              : loaded 3 times (x 70B)
Class [Lkotlin.reflect.jvm.internal.impl.resolve.jvm.JvmPrimitiveType;                : loaded 3 times (x 69B)
Class kotlin.jvm.functions.Function18                                                 : loaded 3 times (x 70B)
Class kotlin.jvm.internal.CallableReference$NoReceiver                                : loaded 3 times (x 71B)
Class kotlin.jvm.internal.MutablePropertyReference1                                   : loaded 3 times (x 137B)
Class com.google.common.collect.Sets$3                                                : loaded 3 times (x 139B)
Class kotlin.collections.CollectionsKt___CollectionsKt$asSequence$$inlined$Sequence$1 : loaded 3 times (x 75B)
Class kotlin.jvm.functions.Function20                                                 : loaded 3 times (x 70B)
Class kotlin.SafePublicationLazyImpl$Companion                                        : loaded 3 times (x 71B)
Class kotlin.jvm.internal.PropertyReference1Impl                                      : loaded 3 times (x 127B)
Class kotlin.text.Regex                                                               : loaded 3 times (x 72B)
Class kotlin.Triple                                                                   : loaded 3 times (x 72B)
Class com.google.common.collect.Sets$SetView                                          : loaded 3 times (x 138B)
Class com.google.common.collect.Maps$8                                                : loaded 3 times (x 82B)
Class com.google.common.collect.ImmutableList$1                                       : loaded 3 times (x 97B)
Class com.google.common.collect.ImmutableEnumSet                                      : loaded 3 times (x 146B)
Class com.google.common.collect.ImmutableMapEntrySet$RegularEntrySet                  : loaded 3 times (x 152B)
Class kotlin.reflect.KMutableProperty$Setter                                          : loaded 3 times (x 70B)
Class kotlin.jvm.functions.Function19                                                 : loaded 3 times (x 70B)
Class com.google.common.collect.Maps$BiMapConverter                                   : loaded 3 times (x 90B)
Class com.google.common.collect.Sets$4                                                : loaded 3 times (x 139B)
Class kotlin.jvm.functions.Function21                                                 : loaded 3 times (x 70B)
Class kotlin.reflect.jvm.internal.impl.name.ClassId                                   : loaded 3 times (x 72B)
Class kotlin.jvm.internal.SpreadBuilder                                               : loaded 3 times (x 76B)
Class com.google.common.base.Platform                                                 : loaded 3 times (x 71B)
Class kotlin.LazyThreadSafetyMode                                                     : loaded 3 times (x 79B)
Class kotlin.reflect.full.IllegalPropertyDelegateAccessException                      : loaded 3 times (x 82B)
Class [Lkotlin.reflect.jvm.internal.impl.builtins.jvm.JavaToKotlinClassMap$PlatformMutabilityMapping;: loaded 3 times (x 69B)
Class kotlin.jvm.internal.ArrayIterator                                               : loaded 3 times (x 79B)
Class kotlin.jvm.internal.MutablePropertyReference                                    : loaded 3 times (x 119B)
Class kotlin.jvm.internal.PropertyReference2                                          : loaded 3 times (x 127B)
Class kotlin.LazyKt__LazyJVMKt$WhenMappings                                           : loaded 3 times (x 71B)
Class kotlin.UnsafeLazyImpl                                                           : loaded 3 times (x 76B)
Class [Lcom.google.common.collect.ImmutableEntry;                                     : loaded 3 times (x 69B)
Class com.google.common.collect.Maps                                                  : loaded 3 times (x 71B)
Class kotlin.jvm.internal.PropertyReference1                                          : loaded 3 times (x 127B)
Class kotlin.jvm.internal.DefaultConstructorMarker                                    : loaded 3 times (x 71B)
Class kotlin.reflect.full.IllegalCallableAccessException                              : loaded 3 times (x 82B)
Class kotlin.io.FileSystemException                                                   : loaded 3 times (x 82B)
Class kotlin.jvm.internal.PropertyReference0                                          : loaded 3 times (x 127B)
Class kotlin.sequences.EmptySequence                                                  : loaded 3 times (x 78B)
Class kotlin.collections.builders.MapBuilderEntries                                   : loaded 3 times (x 145B)
Class kotlin.reflect.jvm.internal.KDeclarationContainerImpl$Companion                 : loaded 3 times (x 71B)
Class com.google.common.collect.RegularImmutableList                                  : loaded 3 times (x 213B)
Class com.google.common.base.Function                                                 : loaded 3 times (x 70B)
Class kotlin.jvm.functions.Function22                                                 : loaded 3 times (x 70B)
Class kotlin.sequences.ConstrainedOnceSequence                                        : loaded 3 times (x 75B)
Class com.google.common.base.Equivalence                                              : loaded 3 times (x 82B)
Class com.google.common.collect.ImmutableMapEntry$NonTerminalImmutableMapEntry        : loaded 3 times (x 85B)
Class kotlin.reflect.jvm.internal.impl.descriptors.runtime.structure.ReflectClassUtilKt: loaded 3 times (x 71B)
Class kotlin.jvm.internal.markers.KMutableMap                                         : loaded 3 times (x 70B)
Class com.google.common.collect.ImmutableMapEntry                                     : loaded 3 times (x 85B)
Class kotlin.ranges.IntRange                                                          : loaded 3 times (x 93B)
Class kotlin.jvm.internal.CallableReference                                           : loaded 3 times (x 106B)
Class kotlin.collections.AbstractList$IteratorImpl                                    : loaded 3 times (x 82B)
Class com.google.common.collect.AbstractMapBasedMultimap$KeySet                       : loaded 3 times (x 137B)
Class kotlin.io.FileWalkDirection                                                     : loaded 3 times (x 79B)
Class kotlin.reflect.jvm.internal.impl.builtins.PrimitiveType                         : loaded 3 times (x 79B)
Class com.google.common.base.CommonPattern                                            : loaded 3 times (x 74B)
Class kotlin.jvm.internal.MutablePropertyReference1Impl                               : loaded 3 times (x 137B)
Class [Lkotlin.Pair;                                                                  : loaded 3 times (x 69B)
Class kotlin.io.FilesKt__FileReadWriteKt                                              : loaded 3 times (x 71B)
Class com.google.common.collect.Maps$EntryTransformer                                 : loaded 3 times (x 70B)
Class kotlin.reflect.KTypeParameter                                                   : loaded 3 times (x 70B)
Class [Lkotlin.reflect.KProperty;                                                     : loaded 3 times (x 69B)
Class com.google.common.collect.Maps$KeySet                                           : loaded 3 times (x 137B)
Class com.google.common.collect.ImmutableList                                         : loaded 3 times (x 206B)
Class com.google.common.collect.MapDifference                                         : loaded 3 times (x 70B)
Class [Lkotlin.io.FileWalkDirection;                                                  : loaded 3 times (x 69B)
Class kotlin.jvm.internal.markers.KMutableList                                        : loaded 3 times (x 70B)
Class com.google.common.collect.ImmutableSet$SetBuilderImpl                           : loaded 3 times (x 76B)
Class com.google.common.collect.AbstractMapBasedMultimap                              : loaded 3 times (x 139B)
Class kotlin.reflect.KMutableProperty0                                                : loaded 3 times (x 70B)
Class kotlin.jvm.internal.markers.KMutableSet                                         : loaded 3 times (x 70B)
Class com.google.common.base.FunctionalEquivalence                                    : loaded 3 times (x 83B)
Class com.google.common.collect.ImmutableAsList                                       : loaded 3 times (x 209B)
Class com.google.common.collect.Iterators$9                                           : loaded 3 times (x 81B)
Class com.google.common.base.Converter                                                : loaded 3 times (x 90B)
Class kotlin.io.FilesKt__FileTreeWalkKt                                               : loaded 3 times (x 71B)
Class kotlin.reflect.jvm.internal.impl.name.SpecialNames                              : loaded 3 times (x 71B)
Class kotlin.collections.IndexedValue                                                 : loaded 3 times (x 72B)
Class com.google.common.collect.ImmutableSet$CachingAsList                            : loaded 3 times (x 148B)
Class kotlin.jvm.internal.MutablePropertyReference0                                   : loaded 3 times (x 137B)
Class kotlin.reflect.jvm.internal.impl.builtins.CompanionObjectMapping                : loaded 3 times (x 71B)
Class kotlin.text.Regex$Companion                                                     : loaded 3 times (x 71B)
Class kotlin.collections.builders.MapBuilder$Itr                                      : loaded 3 times (x 72B)
Class com.google.common.collect.Lists                                                 : loaded 3 times (x 71B)
Class kotlin.io.FilesKt__UtilsKt                                                      : loaded 3 times (x 71B)
Class kotlin.jvm.internal.CollectionToArray                                           : loaded 3 times (x 71B)
Class com.google.common.collect.ImmutableCollection                                   : loaded 3 times (x 125B)
Class kotlin.reflect.jvm.internal.KDeclarationContainerImpl                           : loaded 3 times (x 84B)
Class kotlin.text.RegexKt                                                             : loaded 3 times (x 71B)
Class com.google.common.collect.Iterators$5                                           : loaded 3 times (x 82B)
Class kotlin.SafePublicationLazyImpl                                                  : loaded 3 times (x 76B)
Class kotlin.reflect.jvm.internal.ReflectProperties                                   : loaded 3 times (x 71B)
Class com.google.common.collect.ImmutableBiMap                                        : loaded 3 times (x 143B)
Class com.google.common.collect.Iterators$4                                           : loaded 3 times (x 82B)
Class com.google.common.collect.ImmutableCollection$Builder                           : loaded 3 times (x 76B)
Class kotlin.reflect.KProperty$Getter                                                 : loaded 3 times (x 70B)
Class com.google.common.collect.Iterators$ArrayItr                                    : loaded 3 times (x 97B)
Class kotlin.reflect.KClassifier                                                      : loaded 3 times (x 70B)
Class com.google.common.collect.ImmutableMap$IteratorBasedImmutableMap                : loaded 3 times (x 126B)
Class kotlin.jvm.internal.FunctionReference                                           : loaded 3 times (x 122B)
Class kotlin.jvm.internal.FunctionBase                                                : loaded 3 times (x 70B)
Class kotlin.io.FileTreeWalk                                                          : loaded 3 times (x 75B)
Class com.google.common.collect.ImmutableList$SubList                                 : loaded 3 times (x 209B)
Class kotlin.collections.AbstractMutableSet                                           : loaded 3 times (x 142B)
Class com.google.common.collect.SingletonImmutableSet                                 : loaded 3 times (x 146B)
Class com.google.common.collect.Iterators$1                                           : loaded 3 times (x 81B)
Class kotlin.jvm.internal.markers.KMutableMap$Entry                                   : loaded 3 times (x 70B)
Class kotlin.reflect.KMutableProperty1                                                : loaded 3 times (x 70B)
Class [Lkotlin.reflect.KDeclarationContainer;                                         : loaded 3 times (x 69B)
Class kotlin.reflect.KFunction                                                        : loaded 3 times (x 70B)
Class [Lkotlin.reflect.jvm.internal.impl.name.FqName;                                 : loaded 3 times (x 69B)
Class com.google.common.collect.ImmutableList$ReverseImmutableList                    : loaded 3 times (x 209B)
Class com.google.common.base.JdkPattern                                               : loaded 3 times (x 75B)
Class kotlin.reflect.KMutableProperty2                                                : loaded 3 times (x 70B)
Class kotlin.io.NoSuchFileException                                                   : loaded 3 times (x 82B)
Class kotlin.collections.builders.AbstractMapBuilderEntrySet                          : loaded 3 times (x 144B)
Class kotlin.collections.builders.ListBuilder$Companion                               : loaded 3 times (x 71B)
Class kotlin.collections.builders.ListBuilder                                         : loaded 3 times (x 207B)
Class kotlin.reflect.jvm.internal.impl.name.FqNamesUtilKt                             : loaded 3 times (x 71B)
Class com.google.common.collect.SingletonImmutableList                                : loaded 3 times (x 207B)
Class kotlin.ranges.IntProgressionIterator                                            : loaded 3 times (x 82B)
Class com.google.common.collect.Iterators$MergingIterator                             : loaded 3 times (x 81B)
Class com.google.common.collect.RegularImmutableSet                                   : loaded 3 times (x 149B)
Class kotlin.reflect.jvm.internal.impl.resolve.jvm.JvmPrimitiveType                   : loaded 3 times (x 79B)
Class kotlin.collections.IntIterator                                                  : loaded 3 times (x 82B)
Class com.google.common.collect.Multimap                                              : loaded 3 times (x 70B)
Class kotlin.jvm.internal.Reflection                                                  : loaded 3 times (x 71B)
Class kotlin.reflect.KProperty                                                        : loaded 3 times (x 70B)
Class kotlin.jvm.JvmClassMappingKt                                                    : loaded 3 times (x 71B)
Class kotlin.ranges.ClosedRange                                                       : loaded 3 times (x 70B)
Class [Lkotlin.reflect.KAnnotatedElement;                                             : loaded 3 times (x 69B)
Class kotlin.reflect.jvm.internal.ReflectProperties$LazySoftVal                       : loaded 3 times (x 78B)
Class kotlin.reflect.jvm.internal.impl.builtins.StandardNames                         : loaded 3 times (x 71B)
Class [Lkotlin.reflect.jvm.internal.impl.builtins.PrimitiveType;                      : loaded 3 times (x 69B)
Class kotlin.collections.IndexingIterator                                             : loaded 3 times (x 79B)
Class kotlin.reflect.KProperty0                                                       : loaded 3 times (x 70B)
Class com.google.common.collect.UnmodifiableIterator                                  : loaded 3 times (x 80B)
Class com.google.common.collect.Platform                                              : loaded 3 times (x 71B)
Class com.google.common.collect.ImmutableMap$Builder                                  : loaded 3 times (x 82B)
Class kotlin.jvm.internal.PropertyReference                                           : loaded 3 times (x 115B)
Class kotlin.io.FileAlreadyExistsException                                            : loaded 3 times (x 82B)
Class kotlin.reflect.KMutableProperty                                                 : loaded 3 times (x 70B)
Class kotlin.internal.ProgressionUtilKt                                               : loaded 3 times (x 71B)
Class kotlin.reflect.jvm.internal.RuntimeTypeMapper                                   : loaded 3 times (x 71B)
Class kotlin.ranges.IntProgression                                                    : loaded 3 times (x 81B)
Class kotlin.reflect.jvm.internal.KotlinReflectionInternalError                       : loaded 3 times (x 82B)
Class kotlin.reflect.jvm.internal.impl.builtins.jvm.JavaToKotlinClassMap              : loaded 3 times (x 71B)
Class com.google.common.collect.ImmutableMapEntrySet                                  : loaded 3 times (x 152B)
Class com.google.common.collect.Multiset                                              : loaded 3 times (x 70B)
Class com.google.common.base.PairwiseEquivalence                                      : loaded 3 times (x 83B)
Class com.google.common.collect.SingletonImmutableBiMap                               : loaded 3 times (x 143B)
Class kotlin.sequences.TransformingSequence$iterator$1                                : loaded 3 times (x 79B)
Class com.google.common.collect.Iterators$SingletonIterator                           : loaded 3 times (x 81B)
Class com.google.common.collect.AbstractMapEntry                                      : loaded 3 times (x 81B)
Class com.google.common.base.Equivalence$Identity                                     : loaded 3 times (x 82B)
Class kotlin.reflect.KProperty1                                                       : loaded 3 times (x 70B)
Class kotlin.reflect.KClass                                                           : loaded 3 times (x 70B)
Class kotlin.collections.IndexingIterable                                             : loaded 3 times (x 79B)
Class com.google.common.collect.AbstractIndexedListIterator                           : loaded 3 times (x 96B)
Class com.google.common.collect.ObjectArrays                                          : loaded 3 times (x 71B)
Class com.google.common.collect.AbstractIterator                                      : loaded 3 times (x 82B)
Class com.google.common.collect.BiMap                                                 : loaded 3 times (x 70B)
Class kotlin.reflect.jvm.internal.impl.builtins.StandardNames$FqNames                 : loaded 3 times (x 71B)
Class kotlin.collections.builders.ListBuilderKt                                       : loaded 3 times (x 71B)
Class com.google.common.collect.ImmutableMap$1                                        : loaded 3 times (x 81B)
Class com.google.common.collect.IndexedImmutableSet                                   : loaded 3 times (x 152B)
Class com.google.common.collect.RegularImmutableMap$KeySet                            : loaded 3 times (x 152B)
Class kotlin.reflect.jvm.internal.ReflectionFactoryImpl                               : loaded 3 times (x 91B)
Class kotlin.jvm.KotlinReflectionNotSupportedError                                    : loaded 3 times (x 82B)
Class com.google.common.collect.AbstractMapBasedMultimap$KeySet$1                     : loaded 3 times (x 82B)
Class kotlin.io.FileTreeWalk$FileTreeWalkIterator$WhenMappings                        : loaded 3 times (x 71B)
Class com.google.common.collect.Sets$ImprovedAbstractSet                              : loaded 3 times (x 135B)
Class kotlin.sequences.DropTakeSequence                                               : loaded 3 times (x 70B)
Class kotlin.sequences.GeneratorSequence$iterator$1                                   : loaded 3 times (x 79B)
Class com.google.common.collect.ImmutableList$Builder                                 : loaded 3 times (x 77B)
Class kotlin.reflect.KProperty2                                                       : loaded 3 times (x 70B)
Class kotlin.sequences.FlatteningSequence                                             : loaded 3 times (x 75B)
Class kotlin.collections.builders.MapBuilder$EntriesItr                               : loaded 3 times (x 81B)
Class com.google.common.collect.AbstractMultimap                                      : loaded 3 times (x 123B)
Class com.google.common.collect.Lists$StringAsImmutableList                           : loaded 3 times (x 207B)
Class kotlin.collections.AbstractIterator                                             : loaded 3 times (x 83B)
Class kotlin.jvm.internal.ReflectionFactory                                           : loaded 3 times (x 91B)
Class com.google.common.collect.Iterators                                             : loaded 3 times (x 71B)
Class kotlin.io.FilesKt__FilePathComponentsKt                                         : loaded 3 times (x 71B)
Class kotlin.io.TerminateException                                                    : loaded 3 times (x 82B)
Class kotlin.reflect.KCallable                                                        : loaded 3 times (x 70B)
Class kotlin.reflect.jvm.internal.impl.utils.CollectionsKt                            : loaded 3 times (x 71B)
Class com.google.common.collect.RegularImmutableAsList                                : loaded 3 times (x 217B)
Class kotlin.ReplaceWith                                                              : loaded 2 times (x 70B)
Class com.google.common.cache.LocalCache$2                                            : loaded 2 times (x 142B)
Class kotlin.reflect.jvm.internal.CacheByClass                                        : loaded 2 times (x 73B)
Class kotlin.reflect.jvm.internal.impl.load.kotlin.KotlinClassFinder                  : loaded 2 times (x 70B)
Class kotlin.reflect.jvm.internal.impl.load.java.NullabilityAnnotationStates$Companion: loaded 2 times (x 71B)
Class kotlin.reflect.jvm.internal.impl.descriptors.Visibilities$Inherited             : loaded 2 times (x 75B)
Class kotlin.reflect.jvm.internal.impl.resolve.DescriptorFactory                      : loaded 2 times (x 71B)
Class kotlin.reflect.jvm.internal.impl.metadata.ProtoBuf$Annotation$Argument$1        : loaded 2 times (x 87B)
Class kotlin.reflect.jvm.internal.impl.types.SimpleTypeImpl                           : loaded 2 times (x 89B)
Class kotlin.reflect.jvm.internal.impl.renderer.DescriptorRendererImpl                : loaded 2 times (x 99B)
Class kotlin.reflect.jvm.internal.impl.renderer.DescriptorRenderer$Companion          : loaded 2 times (x 71B)
Class kotlin.reflect.jvm.internal.impl.storage.LockBasedStorageManager$MapBasedMemoizedFunctionToNotNull: loaded 2 times (x 84B)
Class org.jetbrains.kotlin.build.report.metrics.ValueType                             : loaded 2 times (x 79B)
Class com.google.common.collect.ImmutableRangeSet$1                                   : loaded 2 times (x 210B)
Class kotlin.reflect.jvm.internal.impl.metadata.jvm.JvmProtoBuf$StringTableTypes      : loaded 2 times (x 96B)
Class com.google.common.base.Optional                                                 : loaded 2 times (x 80B)
Class kotlin.reflect.jvm.internal.impl.metadata.ProtoBuf$Annotation$Argument$Value$Builder: loaded 2 times (x 92B)
Class kotlin.io.LinesSequence$iterator$1                                              : loaded 2 times (x 79B)
Class kotlin.reflect.jvm.internal.impl.load.java.structure.JavaPrimitiveType          : loaded 2 times (x 70B)
Class kotlin.reflect.jvm.internal.impl.types.model.TypeSystemInferenceExtensionContext: loaded 2 times (x 70B)
Class [Lkotlin.reflect.jvm.internal.impl.descriptors.TypeParameterDescriptor;         : loaded 2 times (x 69B)
Class kotlin.reflect.jvm.internal.impl.serialization.deserialization.descriptors.DeserializedContainerAbiStability: loaded 2 times (x 79B)
Class [Lkotlin.reflect.jvm.internal.impl.metadata.ProtoBuf$Type$Argument$Projection;  : loaded 2 times (x 69B)
Class kotlin.reflect.jvm.internal.impl.descriptors.runtime.structure.ReflectJavaPackage: loaded 2 times (x 82B)
Class kotlin.reflect.jvm.internal.impl.serialization.deserialization.AnnotationAndConstantLoaderImpl: loaded 2 times (x 84B)
Class kotlin.reflect.jvm.internal.impl.metadata.ProtoBuf$Annotation$1                 : loaded 2 times (x 87B)
Class kotlin.reflect.jvm.internal.impl.resolve.scopes.MemberScope$Empty               : loaded 2 times (x 92B)
Class kotlin.reflect.jvm.internal.impl.storage.LockBasedStorageManager$LockBasedNotNullLazyValue: loaded 2 times (x 84B)
Class org.jetbrains.kotlin.build.report.metrics.RUN_COMPILATION_IN_WORKER             : loaded 2 times (x 72B)
Class com.google.common.collect.Range                                                 : loaded 2 times (x 87B)
Class com.google.common.util.concurrent.AbstractFuture$Trusted                        : loaded 2 times (x 70B)
Class kotlin.reflect.jvm.internal.impl.serialization.deserialization.descriptors.DescriptorWithContainerSource: loaded 2 times (x 70B)
Class kotlin.reflect.jvm.internal.KMutableProperty1Impl                               : loaded 2 times (x 135B)
Class kotlin.reflect.jvm.internal.impl.builtins.functions.FunctionTypeKind$SuspendFunction: loaded 2 times (x 72B)
Class kotlin.reflect.jvm.internal.impl.descriptors.impl.PropertySetterDescriptorImpl  : loaded 2 times (x 191B)
Class kotlin.reflect.jvm.internal.impl.serialization.deserialization.AnnotatedCallableKind: loaded 2 times (x 79B)
Class kotlin.reflect.jvm.internal.impl.serialization.deserialization.ProtoEnumFlagsUtilsKt: loaded 2 times (x 71B)
Class kotlin.reflect.jvm.internal.impl.resolve.scopes.receivers.ReceiverValue         : loaded 2 times (x 70B)
Class kotlin.reflect.jvm.internal.impl.descriptors.impl.ClassDescriptorImpl           : loaded 2 times (x 175B)
Class kotlin.reflect.jvm.internal.impl.descriptors.Modality                           : loaded 2 times (x 79B)
Class kotlin.reflect.jvm.internal.impl.descriptors.CallableMemberDescriptor           : loaded 2 times (x 70B)
Class kotlin.reflect.jvm.internal.impl.descriptors.Substitutable                      : loaded 2 times (x 70B)
Class kotlin.reflect.jvm.internal.impl.storage.LockBasedStorageManager$NotValue       : loaded 2 times (x 79B)
Class kotlin.reflect.jvm.internal.ModuleByClassLoaderKt                               : loaded 2 times (x 71B)
Class com.google.common.util.concurrent.UncheckedExecutionException                   : loaded 2 times (x 82B)
Class com.google.common.collect.AbstractSetMultimap                                   : loaded 2 times (x 174B)
Class com.google.common.cache.LocalCache$1                                            : loaded 2 times (x 89B)
Class kotlin.reflect.jvm.internal.impl.resolve.MemberComparator$NameAndTypeMemberComparator: loaded 2 times (x 91B)
Class kotlin.reflect.jvm.internal.impl.load.java.lazy.descriptors.JavaDescriptorUtilKt: loaded 2 times (x 71B)
Class kotlin.reflect.jvm.internal.impl.descriptors.DescriptorUtilKt                   : loaded 2 times (x 71B)
Class kotlin.reflect.jvm.internal.impl.renderer.DescriptorRendererModifier            : loaded 2 times (x 79B)
Class kotlin.reflect.jvm.internal.impl.resolve.constants.ConstantValue                : loaded 2 times (x 74B)
Class kotlin.reflect.jvm.internal.impl.load.java.lazy.ModuleClassResolver             : loaded 2 times (x 70B)
Class kotlin.reflect.jvm.internal.impl.descriptors.annotations.Annotations            : loaded 2 times (x 70B)
Class kotlin.reflect.jvm.internal.impl.descriptors.annotations.Annotated              : loaded 2 times (x 70B)
Class org.jetbrains.org.objectweb.asm.ClassTooLargeException                          : loaded 2 times (x 83B)
Class com.google.common.base.Ascii                                                    : loaded 2 times (x 71B)
Class kotlin.DeprecationLevel                                                         : loaded 2 times (x 79B)
Class kotlin.collections.builders.SetBuilder$Companion                                : loaded 2 times (x 71B)
Class [Lkotlin.Function;                                                              : loaded 2 times (x 69B)
Class kotlin.reflect.jvm.internal.impl.storage.DefaultSimpleLock                      : loaded 2 times (x 78B)
Class kotlin.reflect.jvm.internal.impl.protobuf.LazyField                             : loaded 2 times (x 77B)
Class com.google.common.collect.HashMultimapGwtSerializationDependencies              : loaded 2 times (x 174B)
Class kotlin.reflect.KClasses                                                         : loaded 2 times (x 71B)
Class kotlin.reflect.jvm.internal.impl.load.java.descriptors.JavaCallableMemberDescriptor: loaded 2 times (x 70B)
Class kotlin.collections.ArraysKt___ArraysKt$asSequence$$inlined$Sequence$1           : loaded 2 times (x 75B)
Class kotlin.reflect.jvm.internal.impl.metadata.jvm.JvmProtoBuf$JvmPropertySignature$Builder: loaded 2 times (x 92B)
Class kotlin.reflect.jvm.internal.impl.metadata.jvm.JvmProtoBuf$StringTableTypes$Record$Operation$1: loaded 2 times (x 74B)
Class kotlin.reflect.jvm.internal.impl.protobuf.AbstractMessageLite$Builder$LimitedInputStream: loaded 2 times (x 92B)
Class kotlin.reflect.jvm.internal.impl.load.java.lazy.types.JavaTypeResolver          : loaded 2 times (x 72B)
Class kotlin.reflect.jvm.internal.impl.descriptors.deserialization.AdditionalClassPartsProvider: loaded 2 times (x 70B)
Class kotlin.reflect.jvm.internal.impl.descriptors.runtime.components.RuntimeSourceElementFactory: loaded 2 times (x 74B)
Class com.google.common.collect.ImmutableBiMap$Builder                                : loaded 2 times (x 82B)
Class org.jetbrains.kotlin.gradle.plugin.KotlinPlatformType                           : loaded 2 times (x 82B)
Class org.objectweb.asm.ClassWriter                                                   : loaded 2 times (x 106B)
Class com.google.common.cache.CacheLoader$UnsupportedLoadingOperationException        : loaded 2 times (x 82B)
Class com.google.common.base.CharMatcher$And                                          : loaded 2 times (x 112B)
Class kotlin.text.LinesIterator$State                                                 : loaded 2 times (x 71B)
Class kotlin.reflect.jvm.internal.impl.protobuf.SmallSortedMap                        : loaded 2 times (x 129B)
Class kotlin.reflect.jvm.internal.impl.metadata.jvm.JvmProtoBuf$JvmFieldSignature     : loaded 2 times (x 96B)
Class [Lkotlin.reflect.jvm.internal.impl.metadata.ProtoBuf$Annotation$Argument$Value$Type;: loaded 2 times (x 69B)
Class [Lkotlin.reflect.jvm.internal.impl.descriptors.impl.DeclarationDescriptorImpl;  : loaded 2 times (x 69B)
Class kotlin.reflect.jvm.internal.impl.metadata.deserialization.VersionSpecificBehaviorKt: loaded 2 times (x 71B)
Class kotlin.reflect.jvm.internal.impl.load.java.SpecialGenericSignatures$TypeSafeBarrierDescription$MAP_GET_OR_DEFAULT: loaded 2 times (x 79B)
Class kotlin.reflect.jvm.internal.impl.descriptors.runtime.structure.ReflectJavaType  : loaded 2 times (x 84B)
Class kotlin.reflect.jvm.internal.impl.descriptors.ParameterDescriptor                : loaded 2 times (x 70B)
Class kotlin.reflect.jvm.internal.impl.serialization.deserialization.ContractDeserializer: loaded 2 times (x 70B)
Class kotlin.reflect.jvm.internal.WeakClassLoaderBox                                  : loaded 2 times (x 72B)
Class org.objectweb.asm.FieldVisitor                                                  : loaded 2 times (x 77B)
Class org.gradle.api.internal.classpath.DefaultModuleRegistry$DefaultModule           : loaded 2 times (x 82B)
Class kotlin.ResultKt                                                                 : loaded 2 times (x 71B)
Class kotlin.reflect.jvm.internal.impl.load.java.structure.JavaTypeParameterListOwner : loaded 2 times (x 70B)
Class com.google.common.base.Absent                                                   : loaded 2 times (x 80B)
Class kotlin.reflect.jvm.internal.ClassValueCache                                     : loaded 2 times (x 74B)
Class kotlin.reflect.jvm.internal.impl.types.TypeSubstitutor                          : loaded 2 times (x 79B)
Class kotlin.reflect.jvm.internal.impl.descriptors.impl.PropertyGetterDescriptorImpl  : loaded 2 times (x 191B)
Class kotlin.reflect.jvm.internal.impl.resolve.scopes.receivers.ImplicitReceiver      : loaded 2 times (x 70B)
Class kotlin.reflect.jvm.internal.impl.protobuf.SmallSortedMap$EntryIterator          : loaded 2 times (x 83B)
Class kotlin.reflect.jvm.internal.impl.serialization.deserialization.ProtoEnumFlags   : loaded 2 times (x 71B)
Class kotlin.reflect.jvm.internal.impl.descriptors.runtime.components.ReflectAnnotationSource: loaded 2 times (x 75B)
Class kotlin.reflect.jvm.internal.impl.storage.LockBasedStorageManager$KeyWithComputation: loaded 2 times (x 72B)
Class kotlin.reflect.jvm.internal.impl.metadata.ProtoBuf$Property                     : loaded 2 times (x 102B)
Class kotlin.reflect.jvm.internal.impl.descriptors.SupertypeLoopChecker$EMPTY         : loaded 2 times (x 74B)
Class kotlin.jvm.internal.KotlinGenericDeclaration                                    : loaded 2 times (x 70B)
Class com.google.common.primitives.Ints                                               : loaded 2 times (x 71B)
Class kotlin.Deprecated                                                               : loaded 2 times (x 70B)
Class kotlin.reflect.jvm.internal.impl.metadata.deserialization.NameResolverImpl      : loaded 2 times (x 77B)
Class kotlin.reflect.jvm.internal.impl.descriptors.impl.ValueParameterDescriptorImpl  : loaded 2 times (x 165B)
Class kotlin.reflect.jvm.internal.impl.load.java.SpecialGenericSignatures$Companion$NameAndSignature: loaded 2 times (x 72B)
Class kotlin.Result$Failure                                                           : loaded 2 times (x 72B)
Class org.gradle.internal.service.ServiceLocator                                      : loaded 2 times (x 70B)
Class [Lorg.objectweb.asm.Type;                                                       : loaded 2 times (x 69B)
Class kotlin.reflect.jvm.internal.impl.metadata.ProtoBuf$Visibility                   : loaded 2 times (x 82B)
Class kotlin.reflect.jvm.internal.impl.builtins.jvm.JvmBuiltInClassDescriptorFactory  : loaded 2 times (x 77B)
Class kotlin.reflect.jvm.internal.impl.metadata.ProtoBuf$ConstructorOrBuilder         : loaded 2 times (x 70B)
Class kotlin.reflect.jvm.internal.impl.types.TypeSubstitution                         : loaded 2 times (x 77B)
Class kotlin.reflect.jvm.internal.impl.load.java.typeEnhancement.SignatureEnhancement : loaded 2 times (x 72B)
Class kotlin.reflect.jvm.internal.impl.load.java.NullabilityAnnotationStatesImpl      : loaded 2 times (x 75B)
Class org.jetbrains.org.objectweb.asm.FieldVisitor                                    : loaded 2 times (x 77B)
Class com.google.common.math.MathPreconditions                                        : loaded 2 times (x 71B)
Class com.google.common.collect.ArrayListMultimapGwtSerializationDependencies         : loaded 2 times (x 172B)
Class [Lorg.objectweb.asm.Attribute;                                                  : loaded 2 times (x 69B)
Class [Lorg.jetbrains.kotlin.com.intellij.openapi.diagnostic.LogLevel;                : loaded 2 times (x 69B)
Class [Lkotlin.reflect.jvm.internal.impl.incremental.components.NoLookupLocation;     : loaded 2 times (x 69B)
Class kotlin.reflect.jvm.internal.impl.utils.SmartList                                : loaded 2 times (x 199B)
Class kotlin.reflect.jvm.internal.impl.load.kotlin.header.ReadKotlinClassHeaderAnnotationVisitor$KotlinMetadataArgumentVisitor: loaded 2 times (x 86B)
Class kotlin.reflect.jvm.internal.impl.metadata.jvm.JvmProtoBuf$StringTableTypes$Record: loaded 2 times (x 96B)
Class kotlin.reflect.jvm.internal.impl.metadata.ProtoBuf$Annotation$Argument$Value$Type: loaded 2 times (x 82B)
Class kotlin.reflect.jvm.internal.impl.types.ClassTypeConstructorImpl                 : loaded 2 times (x 97B)
Class org.jetbrains.kotlin.build.report.metrics.LOAD_CLASSES_PATHS_ONLY               : loaded 2 times (x 72B)
Class org.apache.commons.io.output.NullOutputStream                                   : loaded 2 times (x 85B)
Class org.gradle.api.internal.classpath.Module                                        : loaded 2 times (x 70B)
Class kotlin.reflect.jvm.internal.impl.serialization.deserialization.descriptors.DeserializedClassDescriptor$DeserializedClassTypeConstructor: loaded 2 times (x 97B)
Class kotlin.reflect.jvm.internal.KClassImpl$Data$$Lambda$0                           : loaded 2 times (x 76B)
Class kotlin.reflect.jvm.internal.KClassifierImpl                                     : loaded 2 times (x 70B)
Class kotlin.reflect.jvm.internal.impl.serialization.deserialization.descriptors.DeserializedClassDescriptor$DeserializedClassMemberScope$generateFakeOverrides$1: loaded 2 times (x 77B)
Class kotlin.reflect.jvm.internal.impl.descriptors.Visibilities                       : loaded 2 times (x 71B)
Class kotlin.reflect.jvm.internal.impl.resolve.OverridingStrategy                     : loaded 2 times (x 75B)
Class kotlin.reflect.jvm.internal.impl.metadata.ProtoBuf$QualifiedNameTable$1         : loaded 2 times (x 87B)
Class kotlin.reflect.jvm.internal.impl.protobuf.RopeByteString                        : loaded 2 times (x 99B)
Class kotlin.reflect.jvm.internal.impl.incremental.UtilsKt                            : loaded 2 times (x 71B)
Class kotlin.reflect.jvm.internal.impl.metadata.jvm.JvmProtoBuf$JvmMethodSignatureOrBuilder: loaded 2 times (x 70B)
Class kotlin.reflect.jvm.internal.impl.resolve.sam.SamConversionResolver              : loaded 2 times (x 70B)
Class kotlin.KotlinVersion                                                            : loaded 2 times (x 74B)
Class kotlin.reflect.jvm.internal.impl.builtins.jvm.JvmBuiltIns                       : loaded 2 times (x 113B)
Class com.google.common.cache.Weigher                                                 : loaded 2 times (x 70B)
Class org.gradle.api.internal.classpath.UnknownModuleException                        : loaded 2 times (x 82B)
Class kotlin.reflect.jvm.internal.KClassImpl$Data$$Lambda$1                           : loaded 2 times (x 76B)
Class kotlin.reflect.jvm.internal.impl.descriptors.java.JavaVisibilities$ProtectedStaticVisibility: loaded 2 times (x 75B)
Class kotlin.reflect.jvm.internal.impl.protobuf.CodedOutputStream$OutOfSpaceException : loaded 2 times (x 82B)
Class kotlin.reflect.jvm.internal.impl.load.kotlin.KotlinJvmBinaryClass$AnnotationVisitor: loaded 2 times (x 70B)
Class kotlin.reflect.jvm.internal.impl.protobuf.SmallSortedMap$EmptySet$1             : loaded 2 times (x 78B)
Class kotlin.reflect.jvm.internal.impl.protobuf.FieldSet                              : loaded 2 times (x 72B)
Class kotlin.reflect.jvm.internal.impl.descriptors.ConstructorDescriptor              : loaded 2 times (x 70B)
Class kotlin.reflect.jvm.internal.impl.storage.LockBasedStorageManager$ExceptionHandlingStrategy$1: loaded 2 times (x 74B)
Class com.google.common.base.Stopwatch                                                : loaded 2 times (x 72B)
Class com.google.common.cache.LocalCache$Strength                                     : loaded 2 times (x 81B)
Class com.google.common.cache.Cache                                                   : loaded 2 times (x 70B)
Class org.jetbrains.kotlin.cli.common.arguments.PreprocessCommandLineArgumentsKt      : loaded 2 times (x 71B)
Class kotlin.reflect.jvm.internal.KPackageImpl$$Lambda$0                              : loaded 2 times (x 76B)
Class kotlin.Result                                                                   : loaded 2 times (x 72B)
Class kotlin.reflect.jvm.internal.KClassImpl$Data$$Lambda$2                           : loaded 2 times (x 76B)
Class kotlin.reflect.KProperty1$Getter                                                : loaded 2 times (x 70B)
Class kotlin.reflect.jvm.internal.impl.types.AbstractTypeChecker                      : loaded 2 times (x 71B)
Class [Lkotlin.reflect.jvm.internal.impl.descriptors.DeclarationDescriptorNonRoot;    : loaded 2 times (x 69B)
Class kotlin.reflect.jvm.internal.impl.serialization.deserialization.descriptors.NonEmptyDeserializedAnnotations: loaded 2 times (x 89B)
Class kotlin.reflect.jvm.internal.impl.storage.SingleThreadValue                      : loaded 2 times (x 74B)
Class kotlin.reflect.jvm.internal.impl.serialization.deserialization.ProtoEnumFlags$WhenMappings: loaded 2 times (x 71B)
Class kotlin.reflect.jvm.internal.impl.metadata.ProtoBuf$PackageOrBuilder             : loaded 2 times (x 70B)
Class kotlin.reflect.jvm.internal.impl.protobuf.SmallSortedMap$EmptySet$2             : loaded 2 times (x 78B)
Class kotlin.reflect.jvm.internal.impl.descriptors.ClassifierDescriptorWithTypeParameters: loaded 2 times (x 70B)
Class org.jetbrains.kotlin.build.report.metrics.BuildMetricsReporter                  : loaded 2 times (x 70B)
Class com.google.common.util.concurrent.AbstractFuture$Cancellation                   : loaded 2 times (x 72B)
Class com.google.common.collect.AbstractMapBasedMultimap$WrappedCollection$WrappedIterator: loaded 2 times (x 84B)
Class com.google.common.base.Present                                                  : loaded 2 times (x 81B)
Class com.google.common.base.MoreObjects                                              : loaded 2 times (x 71B)
Class com.google.common.base.Joiner                                                   : loaded 2 times (x 79B)
Class kotlin.reflect.jvm.internal.KClassImpl$Data$$Lambda$3                           : loaded 2 times (x 76B)
Class org.apache.commons.io.output.ByteArrayOutputStream                              : loaded 2 times (x 102B)
Class kotlin.reflect.jvm.internal.impl.load.java.JavaClassesTracker$Default           : loaded 2 times (x 74B)
Class org.jetbrains.kotlin.incremental.IncrementalModuleInfo                          : loaded 2 times (x 72B)
Class kotlin.reflect.jvm.internal.impl.load.java.typeEnhancement.JavaTypeQualifiers$Companion: loaded 2 times (x 71B)
Class kotlin.reflect.jvm.internal.impl.load.java.typeEnhancement.JavaTypeQualifiers   : loaded 2 times (x 72B)
Class kotlin.reflect.jvm.internal.impl.metadata.deserialization.Flags                 : loaded 2 times (x 71B)
Class kotlin.reflect.jvm.internal.impl.metadata.ProtoBuf$TypeParameter                : loaded 2 times (x 102B)
Class kotlin.reflect.jvm.internal.impl.metadata.ProtoBuf$Annotation                   : loaded 2 times (x 96B)
Class [Lkotlin.reflect.jvm.internal.impl.descriptors.DescriptorVisibility;            : loaded 2 times (x 69B)
Class kotlin.reflect.jvm.internal.impl.descriptors.VariableDescriptor                 : loaded 2 times (x 70B)
Class kotlin.reflect.jvm.internal.impl.descriptors.PackageFragmentProvider            : loaded 2 times (x 70B)
Class kotlin.reflect.jvm.internal.impl.load.java.JavaNullabilityAnnotationsStatus     : loaded 2 times (x 72B)
Class org.jetbrains.org.objectweb.asm.FieldWriter                                     : loaded 2 times (x 78B)
Class org.jetbrains.org.objectweb.asm.MethodVisitor                                   : loaded 2 times (x 105B)
Class kotlin.io.ByteStreamsKt                                                         : loaded 2 times (x 71B)
Class com.google.common.cache.RemovalListener                                         : loaded 2 times (x 70B)
Class org.gradle.api.internal.DefaultClassPathRegistry                                : loaded 2 times (x 76B)
Class kotlin.reflect.jvm.internal.impl.renderer.DescriptorRendererOptionsImpl         : loaded 2 times (x 92B)
Class kotlin.annotation.AnnotationTarget                                              : loaded 2 times (x 79B)
Class kotlin.reflect.jvm.internal.impl.descriptors.impl.VariableDescriptorWithInitializerImpl: loaded 2 times (x 143B)
Class kotlin.reflect.jvm.internal.KClassImpl$Data$$Lambda$4                           : loaded 2 times (x 76B)
Class kotlin.reflect.jvm.internal.KPropertyImpl                                       : loaded 2 times (x 115B)
Class kotlin.reflect.jvm.internal.impl.descriptors.PropertySetterDescriptor           : loaded 2 times (x 70B)
Class kotlin.reflect.jvm.internal.impl.metadata.ProtoBuf$Type$1                       : loaded 2 times (x 87B)
Class kotlin.reflect.jvm.internal.impl.serialization.deserialization.ClassDeserializer$ClassKey: loaded 2 times (x 72B)
Class org.jetbrains.kotlin.cli.common.messages.MessageCollector                       : loaded 2 times (x 70B)
Class kotlin.reflect.jvm.internal.impl.metadata.deserialization.TypeTable             : loaded 2 times (x 72B)
Class kotlin.reflect.jvm.internal.impl.descriptors.runtime.components.ReflectKotlinClass: loaded 2 times (x 79B)
Class [Lkotlin.reflect.jvm.internal.impl.descriptors.PackageFragmentProviderOptimized;: loaded 2 times (x 69B)
Class kotlin.reflect.jvm.internal.impl.metadata.ProtoBuf$ValueParameterOrBuilder      : loaded 2 times (x 70B)
Class kotlin.reflect.jvm.internal.impl.metadata.ProtoBuf$Function                     : loaded 2 times (x 102B)
Class kotlin.reflect.jvm.internal.impl.renderer.RenderingFormat$PLAIN                 : loaded 2 times (x 80B)
Class com.google.common.primitives.IntsMethodsForWeb                                  : loaded 2 times (x 71B)
Class org.gradle.internal.classpath.DefaultClassPath$ImmutableUniqueList              : loaded 2 times (x 199B)
Class org.gradle.api.internal.ClassPathRegistry                                       : loaded 2 times (x 70B)
Class kotlin.jvm.internal.TypeIntrinsics                                              : loaded 2 times (x 71B)
Class kotlin.reflect.jvm.internal.impl.metadata.ProtoBuf$QualifiedNameTable$QualifiedName$Kind$1: loaded 2 times (x 74B)
Class kotlin.reflect.jvm.internal.impl.descriptors.impl.LazyClassReceiverParameterDescriptor: loaded 2 times (x 137B)
Class kotlin.reflect.jvm.internal.KClassImpl$Data$$Lambda$5                           : loaded 2 times (x 76B)
Class kotlin.reflect.jvm.internal.ComputableClassValue                                : loaded 2 times (x 80B)
Class org.jetbrains.kotlin.incremental.IncrementalCompilationFeatures$Companion       : loaded 2 times (x 71B)
Class kotlin.reflect.jvm.internal.impl.load.java.JvmAbi                               : loaded 2 times (x 71B)
Class kotlin.reflect.jvm.internal.impl.resolve.DescriptorFactory$DefaultClassConstructorDescriptor: loaded 2 times (x 216B)
Class kotlin.reflect.jvm.internal.impl.metadata.ProtoBuf$QualifiedNameTableOrBuilder  : loaded 2 times (x 70B)
Class kotlin.reflect.jvm.internal.impl.resolve.scopes.ChainedMemberScope$Companion    : loaded 2 times (x 71B)
Class kotlin.reflect.jvm.internal.impl.descriptors.impl.SubpackagesScope              : loaded 2 times (x 93B)
Class kotlin.reflect.jvm.internal.impl.protobuf.GeneratedMessageLite$ExtensionDescriptor: loaded 2 times (x 83B)
Class kotlin.reflect.jvm.internal.impl.load.java.lazy.LazyJavaPackageFragmentProvider : loaded 2 times (x 80B)
Class org.jetbrains.org.objectweb.asm.ByteVector                                      : loaded 2 times (x 78B)
Class org.jetbrains.kotlin.build.report.metrics.INCREMENTAL_COMPILATION_DAEMON        : loaded 2 times (x 72B)
Class org.apache.commons.io.IOUtils                                                   : loaded 2 times (x 71B)
Class kotlin.reflect.jvm.internal.impl.name.StandardClassIdsKt                        : loaded 2 times (x 71B)
Class kotlin.reflect.jvm.internal.KClassImpl$Data$$Lambda$6                           : loaded 2 times (x 76B)
Class com.google.common.cache.CacheLoader$FunctionToCacheLoader                       : loaded 2 times (x 75B)
Class com.google.common.collect.ImmutableRangeSet$AsSet                               : loaded 2 times (x 300B)
Class kotlin.reflect.jvm.internal.impl.builtins.jvm.CloneableClassScope               : loaded 2 times (x 94B)
Class [Lkotlin.reflect.jvm.internal.impl.resolve.ExternalOverridabilityCondition$Result;: loaded 2 times (x 69B)
Class kotlin.reflect.jvm.internal.impl.load.java.AnnotationQualifierApplicabilityType : loaded 2 times (x 79B)
Class kotlin.reflect.jvm.internal.impl.serialization.deserialization.descriptors.DeserializedPackageMemberScope: loaded 2 times (x 103B)
Class kotlin.reflect.jvm.internal.impl.serialization.deserialization.descriptors.DeserializedAnnotations: loaded 2 times (x 89B)
Class kotlin.reflect.jvm.internal.impl.serialization.deserialization.descriptors.DeserializedMemberScope$Implementation: loaded 2 times (x 70B)
Class kotlin.reflect.jvm.internal.impl.load.kotlin.KotlinClassFinder$Result$KotlinClass: loaded 2 times (x 72B)
Class kotlin.reflect.jvm.internal.impl.load.kotlin.header.KotlinClassHeader           : loaded 2 times (x 72B)
Class kotlin.reflect.jvm.internal.impl.protobuf.WireFormat$FieldType$1                : loaded 2 times (x 83B)
Class kotlin.reflect.jvm.internal.impl.descriptors.Visibilities$Protected             : loaded 2 times (x 75B)
Class kotlin.reflect.jvm.internal.impl.renderer.RenderingFormat                       : loaded 2 times (x 80B)
Class kotlin.reflect.jvm.internal.impl.load.kotlin.DeserializationComponentsForJavaKt : loaded 2 times (x 71B)
Class kotlin.reflect.jvm.internal.impl.builtins.KotlinBuiltIns$1                      : loaded 2 times (x 77B)
Class org.jetbrains.kotlin.cli.common.arguments.K2JVMCompilerArgumentsConfigurator    : loaded 2 times (x 74B)
Class [Lorg.jetbrains.org.objectweb.asm.AnnotationWriter;                             : loaded 2 times (x 69B)
Class Program                                                                         : loaded 2 times (x 72B)
Class com.google.common.cache.CacheBuilder                                            : loaded 2 times (x 72B)
Class org.gradle.internal.classpath.ClassPath                                         : loaded 2 times (x 70B)
Class org.apache.commons.io.output.UnsynchronizedByteArrayOutputStream                : loaded 2 times (x 102B)
Class [Lorg.jetbrains.org.objectweb.asm.SymbolTable$Entry;                            : loaded 2 times (x 69B)
Class kotlin.reflect.jvm.internal.KPackageImpl                                        : loaded 2 times (x 85B)
Class kotlin.reflect.jvm.internal.impl.load.java.components.SignaturePropagator$1     : loaded 2 times (x 75B)
Class kotlin.reflect.jvm.internal.KClassImpl$Data$$Lambda$7                           : loaded 2 times (x 76B)
Class [Lkotlin.reflect.jvm.internal.impl.renderer.AnnotationArgumentsRenderingPolicy; : loaded 2 times (x 69B)
Class kotlin.reflect.jvm.internal.impl.types.DisjointKeysUnionTypeSubstitution        : loaded 2 times (x 78B)
Class kotlin.reflect.jvm.internal.impl.util.collectionUtils.ScopeUtilsKt              : loaded 2 times (x 71B)
Class kotlin.reflect.jvm.internal.impl.protobuf.WireFormat$FieldType$2                : loaded 2 times (x 83B)
Class kotlin.reflect.jvm.internal.impl.descriptors.DescriptorVisibilities             : loaded 2 times (x 71B)
Class kotlin.reflect.jvm.internal.impl.descriptors.ModuleDescriptor$DefaultImpls      : loaded 2 times (x 71B)
Class kotlin.reflect.jvm.internal.impl.renderer.ClassifierNamePolicy$SHORT            : loaded 2 times (x 74B)
Class kotlin.reflect.jvm.internal.impl.builtins.KotlinBuiltIns$2                      : loaded 2 times (x 77B)
Class kotlin.reflect.jvm.internal.impl.storage.StorageManager                         : loaded 2 times (x 70B)
Class kotlin.reflect.jvm.internal.impl.descriptors.runtime.components.RuntimeErrorReporter: loaded 2 times (x 75B)
Class kotlin.reflect.jvm.internal.KClassImpl$Data$$Lambda$8                           : loaded 2 times (x 76B)
Class kotlin.reflect.jvm.internal.impl.protobuf.GeneratedMessageLite$ExtendableMessage: loaded 2 times (x 99B)
Class kotlin.reflect.jvm.internal.impl.descriptors.deserialization.ClassDescriptorFactory: loaded 2 times (x 70B)
Class org.jetbrains.kotlin.daemon.common.MultiModuleICSettings                        : loaded 2 times (x 72B)
Class kotlin.reflect.jvm.internal.impl.utils.SmartSet$Companion                       : loaded 2 times (x 71B)
Class kotlin.reflect.jvm.internal.impl.protobuf.CodedInputStream                      : loaded 2 times (x 72B)
Class kotlin.reflect.jvm.internal.impl.load.java.lazy.descriptors.LazyJavaScope       : loaded 2 times (x 104B)
Class kotlin.reflect.jvm.internal.impl.protobuf.WireFormat$FieldType$3                : loaded 2 times (x 83B)
Class kotlin.reflect.jvm.internal.impl.incremental.components.LookupTracker           : loaded 2 times (x 70B)
Class kotlin.reflect.jvm.internal.impl.storage.LockBasedStorageManager$CacheWithNullableValuesBasedOnMemoizedFunction: loaded 2 times (x 83B)
Class kotlin.reflect.jvm.internal.impl.builtins.KotlinBuiltIns$3                      : loaded 2 times (x 77B)
Class org.jetbrains.kotlin.cli.common.arguments.Freezable                             : loaded 2 times (x 72B)
Class org.jetbrains.kotlin.com.intellij.openapi.diagnostic.Logger                     : loaded 2 times (x 99B)
Class org.jetbrains.kotlin.build.report.metrics.CLASSPATH_ENTRY_SNAPSHOT_TRANSFORM    : loaded 2 times (x 72B)
Class kotlin.jvm.internal.Lambda                                                      : loaded 2 times (x 75B)
Class com.google.errorprone.annotations.DoNotMock                                     : loaded 2 times (x 70B)
Class org.objectweb.asm.SymbolTable$Entry                                             : loaded 2 times (x 74B)
Class org.gradle.api.internal.classpath.DefaultModuleRegistry$DefaultModuleAlias      : loaded 2 times (x 80B)
Class kotlin.reflect.jvm.internal.impl.load.java.lazy.LazyJavaAnnotations             : loaded 2 times (x 85B)
Class kotlin.reflect.jvm.internal.impl.metadata.ProtoBuf$QualifiedNameTable$QualifiedName: loaded 2 times (x 96B)
Class kotlin.reflect.jvm.internal.KClassImpl$Data$$Lambda$9                           : loaded 2 times (x 76B)
Class kotlin.reflect.jvm.internal.impl.resolve.OverridingUtil$OverrideCompatibilityInfo: loaded 2 times (x 73B)
Class kotlin.reflect.jvm.internal.impl.types.checker.ClassicTypeCheckerStateKt        : loaded 2 times (x 71B)
Class [Lkotlin.reflect.jvm.internal.impl.resolve.scopes.MemberScope;                  : loaded 2 times (x 69B)
Class kotlin.reflect.jvm.internal.impl.protobuf.WireFormat$FieldType$4                : loaded 2 times (x 83B)
Class kotlin.reflect.jvm.internal.impl.descriptors.impl.FunctionDescriptorImpl        : loaded 2 times (x 192B)
Class kotlin.reflect.jvm.internal.impl.types.ClassifierBasedTypeConstructor           : loaded 2 times (x 86B)
Class kotlin.reflect.jvm.internal.impl.renderer.PropertyAccessorRenderingPolicy       : loaded 2 times (x 79B)
Class kotlin.reflect.jvm.internal.impl.load.kotlin.AbstractBinaryClassAnnotationAndConstantLoader: loaded 2 times (x 99B)
Class kotlin.reflect.jvm.internal.impl.incremental.components.LookupTracker$DO_NOTHING: loaded 2 times (x 75B)
Class kotlin.reflect.jvm.internal.impl.builtins.KotlinBuiltIns$4                      : loaded 2 times (x 77B)
Class org.jetbrains.org.objectweb.asm.ClassWriter                                     : loaded 2 times (x 106B)
Class org.objectweb.asm.Edge                                                          : loaded 2 times (x 72B)
Class com.google.common.base.Suppliers$SupplierOfInstance                             : loaded 2 times (x 79B)
Class [Lkotlin.reflect.jvm.internal.impl.resolve.OverridingUtil$OverrideCompatibilityInfo$Result;: loaded 2 times (x 69B)
Class kotlin.reflect.jvm.internal.impl.load.java.JavaDescriptorVisibilities$3         : loaded 2 times (x 76B)
Class kotlin.reflect.jvm.KTypesJvm                                                    : loaded 2 times (x 71B)
Class kotlin.reflect.jvm.internal.impl.name.StandardClassIds                          : loaded 2 times (x 71B)
Class [Lkotlin.annotation.AnnotationTarget;                                           : loaded 2 times (x 69B)
Class kotlin.reflect.jvm.internal.impl.serialization.deserialization.SuspendFunctionTypeUtilKt: loaded 2 times (x 71B)
Class kotlin.reflect.jvm.internal.impl.types.model.TypeSystemContext                  : loaded 2 times (x 70B)
Class kotlin.reflect.jvm.internal.impl.load.java.structure.ListBasedJavaAnnotationOwner: loaded 2 times (x 70B)
Class kotlin.reflect.jvm.internal.impl.metadata.ProtoBuf$QualifiedNameTable$QualifiedName$Kind: loaded 2 times (x 82B)
Class kotlin.reflect.jvm.internal.impl.metadata.ProtoBuf$StringTable$1                : loaded 2 times (x 87B)
Class kotlin.reflect.jvm.internal.impl.descriptors.runtime.components.RuntimeSourceElementFactory$RuntimeSourceElement: loaded 2 times (x 78B)
Class kotlin.reflect.jvm.internal.impl.descriptors.runtime.structure.ReflectJavaClass : loaded 2 times (x 115B)
Class kotlin.reflect.jvm.internal.impl.metadata.deserialization.Flags$EnumLiteFlagField: loaded 2 times (x 76B)
Class kotlin.reflect.jvm.internal.impl.serialization.deserialization.FlexibleTypeDeserializer$ThrowException: loaded 2 times (x 74B)
Class kotlin.reflect.jvm.internal.impl.metadata.jvm.JvmProtoBuf                       : loaded 2 times (x 71B)
Class kotlin.reflect.jvm.internal.impl.descriptors.impl.ClassDescriptorBase           : loaded 2 times (x 175B)
Class kotlin.properties.Delegates                                                     : loaded 2 times (x 71B)
Class kotlin.reflect.jvm.internal.impl.resolve.constants.IntegerValueConstant         : loaded 2 times (x 74B)
Class kotlin.reflect.jvm.internal.impl.types.checker.NewKotlinTypeChecker$Companion   : loaded 2 times (x 71B)
Class kotlin.reflect.jvm.internal.impl.load.java.JavaClassesTracker                   : loaded 2 times (x 70B)
Class kotlin.reflect.jvm.internal.impl.builtins.ReflectionTypes$Companion             : loaded 2 times (x 71B)
Class kotlin.reflect.jvm.internal.impl.descriptors.DeclarationDescriptorNonRoot       : loaded 2 times (x 70B)
Class com.google.common.cache.LocalCache$ComputingValueReference                      : loaded 2 times (x 96B)
Class [Lkotlin.coroutines.intrinsics.CoroutineSingletons;                             : loaded 2 times (x 69B)
Class [Lorg.jetbrains.kotlin.cli.common.messages.CompilerMessageSeverity;             : loaded 2 times (x 69B)
Class kotlin.reflect.jvm.internal.impl.load.java.components.DescriptorResolverUtils$1 : loaded 2 times (x 77B)
Class kotlin.reflect.jvm.internal.impl.load.kotlin.KotlinJvmBinarySourceElement       : loaded 2 times (x 78B)
Class kotlin.reflect.jvm.internal.impl.descriptors.impl.ModuleDependencies            : loaded 2 times (x 70B)
Class kotlin.reflect.jvm.internal.impl.renderer.DescriptorRendererOptions             : loaded 2 times (x 70B)
Class kotlin.reflect.jvm.internal.impl.metadata.deserialization.BinaryVersion         : loaded 2 times (x 72B)
Class com.google.common.cache.LocalCache$Segment                                      : loaded 2 times (x 154B)
Class org.gradle.internal.classloader.InstrumentingClassLoader                        : loaded 2 times (x 70B)
Class org.gradle.internal.classpath.TransformedClassPath                              : loaded 2 times (x 96B)
Class com.google.common.cache.CacheBuilder$NullListener                               : loaded 2 times (x 82B)
Class org.objectweb.asm.FieldWriter                                                   : loaded 2 times (x 78B)
Class org.jetbrains.kotlin.incremental.ClasspathChanges$ClasspathSnapshotEnabled$IncrementalRun: loaded 2 times (x 72B)
Class kotlin.reflect.jvm.internal.impl.types.FlexibleTypesKt                          : loaded 2 times (x 71B)
Class kotlin.reflect.jvm.internal.impl.metadata.jvm.JvmProtoBuf$StringTableTypes$Record$1: loaded 2 times (x 87B)
Class kotlin.reflect.jvm.internal.impl.types.WrappedType                              : loaded 2 times (x 83B)
Class build_6y6m7oz1ub1eheoai3p25uow7$_run_closure1                                   : loaded 2 times (x 140B)
Class com.google.common.collect.SortedIterable                                        : loaded 2 times (x 70B)
Class com.google.common.collect.AbstractListMultimap                                  : loaded 2 times (x 172B)
Class [Lorg.objectweb.asm.SymbolTable$Entry;                                          : loaded 2 times (x 69B)
Class com.google.common.cache.CacheLoader                                             : loaded 2 times (x 74B)
Class org.gradle.api.internal.classpath.ModuleRegistry                                : loaded 2 times (x 70B)
Class org.gradle.internal.installation.GradleInstallation$1                           : loaded 2 times (x 75B)
Class kotlin.reflect.jvm.internal.impl.load.kotlin.DeserializedDescriptorResolver$Companion: loaded 2 times (x 71B)
Class kotlin.reflect.jvm.internal.impl.types.AbstractStubType                         : loaded 2 times (x 91B)
Class kotlin.reflect.jvm.internal.impl.metadata.deserialization.NameResolver          : loaded 2 times (x 70B)
Class kotlin.reflect.jvm.internal.impl.descriptors.FindClassInModuleKt                : loaded 2 times (x 71B)
Class [Lkotlin.reflect.jvm.internal.impl.descriptors.DeclarationDescriptor;           : loaded 2 times (x 69B)
Class kotlin.reflect.jvm.internal.impl.metadata.ProtoBuf$VersionRequirementTableOrBuilder: loaded 2 times (x 70B)
Class kotlin.reflect.jvm.internal.impl.metadata.ProtoBuf$ValueParameter$1             : loaded 2 times (x 87B)
Class kotlin.reflect.jvm.internal.impl.descriptors.FieldDescriptor                    : loaded 2 times (x 70B)
Class org.jetbrains.org.objectweb.asm.AnnotationVisitor                               : loaded 2 times (x 78B)
Class org.apache.commons.io.output.NullWriter                                         : loaded 2 times (x 99B)
Class com.google.common.collect.ImmutableSet$JdkBackedSetBuilderImpl                  : loaded 2 times (x 76B)
Class com.google.common.util.concurrent.internal.InternalFutureFailureAccess          : loaded 2 times (x 72B)
Class kotlin.reflect.jvm.internal.impl.descriptors.Modality$Companion                 : loaded 2 times (x 71B)
Class kotlin.coroutines.intrinsics.IntrinsicsKt__IntrinsicsKt                         : loaded 2 times (x 71B)
Class kotlin.reflect.jvm.internal.impl.descriptors.DescriptorVisibility               : loaded 2 times (x 75B)
Class kotlin.reflect.jvm.internal.impl.serialization.deserialization.descriptors.DeserializedPropertyDescriptor: loaded 2 times (x 211B)
Class kotlin.reflect.jvm.internal.impl.descriptors.runtime.structure.ReflectJavaType$Factory: loaded 2 times (x 71B)
Class kotlin.reflect.jvm.internal.impl.metadata.ProtoBuf$Modality$1                   : loaded 2 times (x 74B)
Class kotlin.reflect.jvm.internal.impl.protobuf.ByteString                            : loaded 2 times (x 97B)
Class kotlin.reflect.jvm.internal.impl.serialization.deserialization.LocalClassifierTypeSettings: loaded 2 times (x 70B)
Class kotlin.reflect.jvm.internal.impl.load.java.ReportLevel$Companion                : loaded 2 times (x 71B)
Class kotlin.reflect.jvm.internal.impl.load.java.ReportLevel                          : loaded 2 times (x 79B)
Class kotlin.reflect.jvm.internal.impl.load.java.JavaClassFinder                      : loaded 2 times (x 70B)
Class org.jetbrains.kotlin.gradle.plugin.KotlinMultiplatformPluginWrapper             : loaded 2 times (x 86B)
Class com.google.common.cache.LocalCache$LocalManualCache$1                           : loaded 2 times (x 75B)
Class com.google.common.base.CharMatcher$ForPredicate                                 : loaded 2 times (x 112B)
Class kotlin.reflect.jvm.internal.impl.load.java.structure.JavaClass                  : loaded 2 times (x 70B)
Class kotlin.reflect.jvm.internal.impl.descriptors.impl.AbstractReceiverParameterDescriptor: loaded 2 times (x 137B)
Class kotlin.reflect.jvm.internal.impl.types.IndexedParametersSubstitution            : loaded 2 times (x 78B)
Class kotlin.reflect.jvm.internal.impl.metadata.ProtoBuf$PackageFragment$1            : loaded 2 times (x 87B)
Class kotlin.reflect.jvm.internal.impl.protobuf.SmallSortedMap$EntrySet               : loaded 2 times (x 137B)
Class kotlin.reflect.jvm.internal.impl.protobuf.CodedOutputStream                     : loaded 2 times (x 72B)
Class kotlin.reflect.jvm.internal.impl.load.java.structure.JavaPackage                : loaded 2 times (x 70B)
Class kotlin.reflect.jvm.internal.impl.util.ModuleVisibilityHelper$EMPTY              : loaded 2 times (x 74B)
Class kotlin.reflect.jvm.internal.impl.descriptors.impl.ModuleAwareClassDescriptor    : loaded 2 times (x 172B)
Class com.google.common.base.CharMatcher$AnyOf                                        : loaded 2 times (x 112B)
Class org.gradle.api.internal.classpath.DefaultModuleRegistry                         : loaded 2 times (x 84B)
Class kotlin.reflect.jvm.internal.impl.types.TypeCheckerState                         : loaded 2 times (x 75B)
Class kotlin.reflect.jvm.internal.impl.load.java.JavaDescriptorVisibilities$2         : loaded 2 times (x 76B)
Class kotlin.reflect.jvm.internal.impl.builtins.functions.FunctionTypeKind            : loaded 2 times (x 72B)
Class com.google.common.cache.LocalCache$Strength$3                                   : loaded 2 times (x 81B)
Class org.objectweb.asm.Handle                                                        : loaded 2 times (x 72B)
Class kotlin.reflect.jvm.internal.impl.storage.LockBasedStorageManager$ExceptionHandlingStrategy: loaded 2 times (x 70B)
Class kotlin.reflect.jvm.internal.impl.builtins.functions.FunctionTypeKind$KFunction  : loaded 2 times (x 72B)
Class kotlin.reflect.jvm.internal.impl.descriptors.ModuleCapability                   : loaded 2 times (x 72B)
Class kotlin.reflect.jvm.internal.impl.utils.WrappedValues                            : loaded 2 times (x 71B)
Class kotlin.reflect.jvm.internal.impl.name.CallableId$Companion                      : loaded 2 times (x 71B)
Class kotlin.reflect.jvm.internal.impl.load.java.lazy.descriptors.DeclaredMemberIndex : loaded 2 times (x 70B)
Class kotlin.reflect.jvm.internal.impl.resolve.scopes.DescriptorKindFilter$Companion$MaskToName: loaded 2 times (x 72B)
Class kotlin.reflect.jvm.internal.impl.metadata.ProtoBuf$Type$Argument$1              : loaded 2 times (x 87B)
Class kotlin.reflect.jvm.internal.impl.descriptors.impl.AbstractClassDescriptor$1     : loaded 2 times (x 77B)
Class kotlin.reflect.jvm.internal.impl.types.LazyWrappedType                          : loaded 2 times (x 84B)
Class kotlin.reflect.jvm.internal.impl.load.java.lazy.types.JavaTypeFlexibility       : loaded 2 times (x 79B)
Class kotlin.KotlinVersionCurrentValue                                                : loaded 2 times (x 71B)
Class kotlin.reflect.jvm.internal.impl.storage.MemoizedFunctionToNotNull              : loaded 2 times (x 70B)
Class kotlin.reflect.jvm.internal.impl.descriptors.runtime.components.RuntimeModuleData$Companion: loaded 2 times (x 71B)
Class org.jetbrains.org.objectweb.asm.AnnotationWriter                                : loaded 2 times (x 79B)
Class com.google.common.util.concurrent.ListenableFuture                              : loaded 2 times (x 70B)
Class com.google.common.cache.ReferenceEntry                                          : loaded 2 times (x 70B)
Class kotlin.reflect.jvm.internal.impl.types.KotlinTypeFactory$EMPTY_REFINED_TYPE_FACTORY$1: loaded 2 times (x 78B)
Class kotlin.reflect.jvm.internal.impl.serialization.deserialization.ClassDeserializer: loaded 2 times (x 72B)
Class kotlin.reflect.jvm.internal.impl.serialization.deserialization.MemberDeserializer: loaded 2 times (x 72B)
Class kotlin.reflect.jvm.internal.impl.load.java.components.JavaAnnotationMapper      : loaded 2 times (x 71B)
Class [Lkotlin.reflect.jvm.internal.impl.load.java.typeEnhancement.TypeComponentPosition;: loaded 2 times (x 69B)
Class kotlin.reflect.jvm.internal.impl.resolve.scopes.receivers.ThisClassReceiver     : loaded 2 times (x 70B)
Class kotlin.reflect.jvm.internal.impl.descriptors.TypeAliasDescriptor                : loaded 2 times (x 70B)
Class kotlin.reflect.jvm.internal.impl.protobuf.Internal$EnumLite                     : loaded 2 times (x 70B)
Class kotlin.reflect.jvm.internal.impl.descriptors.Visibilities$Public                : loaded 2 times (x 75B)
Class kotlin.reflect.jvm.internal.impl.descriptors.SimpleFunctionDescriptor           : loaded 2 times (x 70B)
Class kotlin.reflect.jvm.internal.impl.descriptors.ReceiverParameterDescriptor        : loaded 2 times (x 70B)
Class kotlin.reflect.jvm.internal.impl.descriptors.impl.AbstractClassDescriptor$2     : loaded 2 times (x 77B)
Class kotlin.reflect.jvm.internal.impl.descriptors.SourceElement                      : loaded 2 times (x 70B)
Class org.jetbrains.kotlin.com.intellij.openapi.diagnostic.Logger$DefaultFactory      : loaded 2 times (x 74B)
Class com.google.common.util.concurrent.AbstractFuture                                : loaded 2 times (x 106B)
Class kotlin.coroutines.jvm.internal.RestrictedContinuationImpl                       : loaded 2 times (x 87B)
Class kotlin.reflect.jvm.internal.impl.load.java.JavaDescriptorVisibilities$1         : loaded 2 times (x 76B)
Class kotlin.io.FileTreeWalk$FileTreeWalkIterator$SingleFileState                     : loaded 2 times (x 74B)
Class kotlin.reflect.jvm.internal.impl.metadata.ProtoBuf$QualifiedNameTable$QualifiedNameOrBuilder: loaded 2 times (x 70B)
Class kotlin.reflect.jvm.internal.impl.builtins.BuiltInsPackageFragment               : loaded 2 times (x 70B)
Class kotlin.reflect.jvm.internal.impl.serialization.deserialization.descriptors.DeserializedContainerSource: loaded 2 times (x 70B)
Class kotlin.reflect.jvm.internal.impl.metadata.ProtoBuf$Package                      : loaded 2 times (x 102B)
Class kotlin.reflect.jvm.internal.impl.metadata.ProtoBuf$Constructor                  : loaded 2 times (x 102B)
Class kotlin.reflect.jvm.internal.impl.descriptors.impl.AbstractClassDescriptor$3     : loaded 2 times (x 77B)
Class kotlin.reflect.jvm.internal.impl.types.model.TypeConstructorMarker              : loaded 2 times (x 70B)
Class kotlin.reflect.jvm.internal.impl.load.java.ErasedOverridabilityCondition        : loaded 2 times (x 75B)
Class org.objectweb.asm.RecordComponentVisitor                                        : loaded 2 times (x 77B)
Class com.google.common.cache.CacheLoader$SupplierToCacheLoader                       : loaded 2 times (x 75B)
Class settings_bmpq4efggm6dhxantkqaf24d2                                              : loaded 2 times (x 171B)
Class kotlin.reflect.jvm.internal.calls.Caller                                        : loaded 2 times (x 70B)
Class kotlin.reflect.jvm.internal.impl.metadata.jvm.deserialization.JvmMemberSignature$Field: loaded 2 times (x 75B)
Class com.google.common.cache.LocalCache$Strength$2                                   : loaded 2 times (x 81B)
Class com.google.common.util.concurrent.SettableFuture                                : loaded 2 times (x 114B)
Class org.apache.commons.io.output.QueueOutputStream                                  : loaded 2 times (x 87B)
Class [Lorg.jetbrains.kotlin.cli.common.ExitCode;                                     : loaded 2 times (x 69B)
Class kotlin.text.MatchNamedGroupCollection                                           : loaded 2 times (x 70B)
Class kotlin.reflect.jvm.internal.impl.descriptors.java.JavaVisibilities$ProtectedAndPackage: loaded 2 times (x 75B)
Class kotlin.reflect.jvm.internal.impl.descriptors.impl.FieldDescriptorImpl           : loaded 2 times (x 78B)
Class kotlin.reflect.jvm.internal.impl.types.model.FlexibleTypeMarker                 : loaded 2 times (x 70B)
Class kotlin.reflect.jvm.internal.impl.load.java.FakePureImplementationsProvider      : loaded 2 times (x 71B)
Class kotlin.reflect.jvm.internal.impl.builtins.jvm.JvmBuiltInsSignatures             : loaded 2 times (x 71B)
Class [Lkotlin.reflect.jvm.internal.impl.metadata.ProtoBuf$Modality;                  : loaded 2 times (x 69B)
Class kotlin.reflect.jvm.internal.impl.metadata.deserialization.Flags$BooleanFlagField: loaded 2 times (x 75B)
Class kotlin.reflect.jvm.internal.impl.metadata.ProtoBuf$Annotation$Argument$Value    : loaded 2 times (x 96B)
Class kotlin.reflect.jvm.internal.impl.protobuf.LazyFieldLite                         : loaded 2 times (x 76B)
Class kotlin.reflect.jvm.internal.impl.descriptors.PropertyGetterDescriptor           : loaded 2 times (x 70B)
Class kotlin.reflect.jvm.internal.impl.descriptors.impl.PackageFragmentDescriptorImpl : loaded 2 times (x 105B)
Class kotlin.reflect.jvm.internal.impl.builtins.jvm.JvmBuiltInsCustomizer             : loaded 2 times (x 81B)
Class org.gradle.internal.service.ServiceLookupException                              : loaded 2 times (x 82B)
Class kotlin.reflect.jvm.internal.impl.descriptors.ModuleDescriptor                   : loaded 2 times (x 70B)
Class org.jetbrains.kotlin.cli.common.CompilerSystemProperties$value$2                : loaded 2 times (x 129B)
Class kotlin.reflect.jvm.internal.impl.load.java.UtilsKt                              : loaded 2 times (x 71B)
Class kotlin.reflect.jvm.internal.impl.resolve.OverridingUtil$OverrideCompatibilityInfo$Result: loaded 2 times (x 79B)
Class [Lkotlin.sequences.Sequence;                                                    : loaded 2 times (x 69B)
Class kotlin.reflect.jvm.internal.impl.descriptors.impl.LazyPackageViewDescriptorImpl : loaded 2 times (x 102B)
Class kotlin.reflect.jvm.internal.impl.metadata.ProtoBuf$TypeTable                    : loaded 2 times (x 96B)
Class kotlin.reflect.jvm.internal.impl.protobuf.MessageLiteOrBuilder                  : loaded 2 times (x 70B)
Class kotlin.reflect.jvm.internal.impl.serialization.deserialization.AnnotationAndConstantLoader: loaded 2 times (x 70B)
Class kotlin.reflect.jvm.internal.impl.load.java.components.JavaPropertyInitializerEvaluator$DoNothing: loaded 2 times (x 74B)
Class [Lkotlin.reflect.jvm.internal.impl.load.java.ReportLevel;                       : loaded 2 times (x 69B)
Class kotlin.reflect.jvm.internal.impl.storage.LockBasedStorageManager$MapBasedMemoizedFunction: loaded 2 times (x 82B)
Class kotlin.reflect.jvm.internal.impl.storage.NotNullLazyValue                       : loaded 2 times (x 70B)
Class org.jetbrains.kotlin.com.intellij.openapi.diagnostic.LogLevel                   : loaded 2 times (x 79B)
Class com.google.common.collect.ImmutableSortedSet                                    : loaded 2 times (x 300B)
Class [Lcom.google.common.cache.LocalCache$EntryFactory;                              : loaded 2 times (x 69B)
Class org.gradle.internal.classloader.ClassLoaderFactory                              : loaded 2 times (x 70B)
Class [Lkotlin.reflect.jvm.internal.impl.storage.LockBasedStorageManager$NotValue;    : loaded 2 times (x 69B)
Class kotlin.reflect.jvm.internal.impl.descriptors.impl.DeclarationDescriptorImpl     : loaded 2 times (x 88B)
Class kotlin.reflect.jvm.internal.impl.resolve.VisibilityUtilKt                       : loaded 2 times (x 71B)
Class org.jetbrains.kotlin.cli.common.arguments.ArgumentParseErrors                   : loaded 2 times (x 72B)
Class kotlin.reflect.jvm.internal.impl.descriptors.impl.TypeAliasConstructorDescriptor: loaded 2 times (x 70B)
Class kotlin.reflect.jvm.internal.impl.descriptors.impl.PropertyAccessorDescriptorImpl: loaded 2 times (x 187B)
Class kotlin.reflect.jvm.internal.impl.load.java.JavaTypeEnhancementState             : loaded 2 times (x 72B)
Class kotlin.reflect.jvm.internal.impl.metadata.ProtoBuf$TypeTable$1                  : loaded 2 times (x 87B)
Class kotlin.reflect.jvm.internal.impl.protobuf.WireFormat$FieldType                  : loaded 2 times (x 83B)
Class kotlin.reflect.jvm.internal.impl.descriptors.FunctionDescriptor$CopyBuilder     : loaded 2 times (x 70B)
Class kotlin.reflect.jvm.internal.impl.renderer.ClassifierNamePolicy$SOURCE_CODE_QUALIFIED: loaded 2 times (x 74B)
Class [Lorg.jetbrains.kotlin.build.report.metrics.ValueType;                          : loaded 2 times (x 69B)
Class com.google.common.collect.ImmutableMap$SerializedForm                           : loaded 2 times (x 73B)
Class org.apache.commons.io.CloseableURLConnection                                    : loaded 2 times (x 116B)
Class com.google.common.cache.LocalCache$LocalManualCache                             : loaded 2 times (x 99B)
Class com.google.common.base.CharMatcher$IsNot                                        : loaded 2 times (x 111B)
Class build_5rwq4r623auwaeu7mfkj97m6v                                                 : loaded 2 times (x 172B)
Class org.gradle.internal.service.CachingServiceLocator                               : loaded 2 times (x 82B)
Class kotlin.reflect.jvm.internal.impl.load.kotlin.JavaClassDataFinder                : loaded 2 times (x 75B)
Class kotlin.reflect.jvm.internal.impl.serialization.deserialization.DeserializationConfiguration$Default: loaded 2 times (x 79B)
Class kotlin.reflect.jvm.internal.impl.renderer.ExcludedTypeAnnotations               : loaded 2 times (x 71B)
Class kotlin.reflect.jvm.internal.impl.serialization.deserialization.descriptors.DeserializedMemberScope$OptimizedImplementation$computeDescriptors$1$1: loaded 2 times (x 79B)
Class kotlin.reflect.jvm.internal.impl.load.kotlin.KotlinJvmBinaryClass               : loaded 2 times (x 70B)
Class kotlin.reflect.jvm.internal.impl.descriptors.impl.CompositePackageFragmentProvider: loaded 2 times (x 80B)
Class kotlin.reflect.jvm.internal.impl.metadata.ProtoBuf$Contract                     : loaded 2 times (x 96B)
Class kotlin.reflect.jvm.internal.impl.descriptors.impl.PropertyDescriptorImpl        : loaded 2 times (x 199B)
Class kotlin.reflect.jvm.internal.impl.descriptors.Visibilities$Unknown               : loaded 2 times (x 75B)
Class kotlin.reflect.jvm.internal.impl.serialization.deserialization.DeserializationComponents: loaded 2 times (x 72B)
Class kotlin.reflect.jvm.internal.impl.types.checker.KotlinTypeChecker                : loaded 2 times (x 70B)
Class kotlin.reflect.jvm.internal.impl.descriptors.runtime.components.ReflectKotlinClassFinder: loaded 2 times (x 79B)
Class com.google.common.collect.RegularImmutableSortedSet                             : loaded 2 times (x 300B)
Class com.google.common.math.IntMath                                                  : loaded 2 times (x 71B)
Class kotlin.reflect.jvm.internal.impl.protobuf.GeneratedMessageLite                  : loaded 2 times (x 93B)
Class kotlin.reflect.jvm.internal.impl.metadata.ProtoBuf$Constructor$1                : loaded 2 times (x 87B)
Class kotlin.reflect.jvm.internal.impl.protobuf.Internal$EnumLiteMap                  : loaded 2 times (x 70B)
Class kotlin.reflect.jvm.internal.impl.serialization.deserialization.ErrorReporter$1  : loaded 2 times (x 75B)
Class kotlin.reflect.jvm.internal.impl.builtins.jvm.JvmBuiltIns$Settings              : loaded 2 times (x 72B)
Class kotlin.reflect.jvm.internal.impl.metadata.deserialization.ProtoTypeTableUtilKt  : loaded 2 times (x 71B)
Class kotlin.reflect.jvm.internal.impl.metadata.jvm.JvmProtoBuf$StringTableTypes$1    : loaded 2 times (x 87B)
Class kotlin.reflect.jvm.internal.impl.protobuf.MessageLite$Builder                   : loaded 2 times (x 70B)
Class kotlin.reflect.jvm.internal.impl.descriptors.Visibilities$Local                 : loaded 2 times (x 75B)
Class kotlin.reflect.jvm.internal.impl.descriptors.CallableMemberDescriptor$Kind      : loaded 2 times (x 79B)
Class kotlin.properties.ReadOnlyProperty                                              : loaded 2 times (x 70B)
Class kotlin.reflect.jvm.internal.impl.descriptors.CallableDescriptor                 : loaded 2 times (x 70B)
Class org.objectweb.asm.commons.InstructionAdapter                                    : loaded 2 times (x 188B)
Class kotlin.reflect.jvm.internal.impl.metadata.jvm.deserialization.BitEncoding       : loaded 2 times (x 71B)
Class kotlin.reflect.jvm.internal.impl.types.RawType                                  : loaded 2 times (x 70B)
Class org.jetbrains.kotlin.cli.common.messages.CompilerMessageSeverity                : loaded 2 times (x 79B)
Class kotlin.collections.MapWithDefault                                               : loaded 2 times (x 70B)
Class kotlin.reflect.jvm.internal.impl.protobuf.ProtocolStringList                    : loaded 2 times (x 70B)
Class kotlin.reflect.jvm.internal.impl.serialization.deserialization.TypeDeserializer : loaded 2 times (x 72B)
Class kotlin.reflect.jvm.internal.impl.descriptors.PropertyDescriptor                 : loaded 2 times (x 70B)
Class kotlin.reflect.jvm.internal.impl.renderer.DescriptorRenderer$ValueParametersHandler: loaded 2 times (x 70B)
Class kotlin.reflect.jvm.internal.impl.storage.LockBasedStorageManager$LockBasedLazyValue: loaded 2 times (x 81B)
Class kotlin.reflect.jvm.internal.impl.serialization.deserialization.builtins.BuiltInsResourceLoader: loaded 2 times (x 72B)
Class org.jetbrains.org.objectweb.asm.Type                                            : loaded 2 times (x 72B)
Class org.jetbrains.kotlin.build.report.metrics.DoNothingBuildMetricsReporter         : loaded 2 times (x 86B)
Class org.objectweb.asm.signature.SignatureVisitor                                    : loaded 2 times (x 87B)
Class kotlin.jvm.internal.markers.KMutableListIterator                                : loaded 2 times (x 70B)
Class kotlin.annotation.AnnotationRetention                                           : loaded 2 times (x 79B)
Class [Lorg.jetbrains.kotlin.cli.common.CompilerSystemProperties;                     : loaded 2 times (x 69B)
Class kotlin.reflect.jvm.internal.impl.resolve.scopes.receivers.ImplicitClassReceiver : loaded 2 times (x 82B)
Class kotlin.reflect.jvm.internal.impl.descriptors.runtime.components.PackagePartScopeCache: loaded 2 times (x 72B)
Class kotlin.reflect.jvm.internal.impl.metadata.ProtoBuf$Annotation$Argument$ValueOrBuilder: loaded 2 times (x 70B)
Class kotlin.reflect.jvm.internal.impl.serialization.deserialization.AnnotationDeserializer: loaded 2 times (x 72B)
Class kotlin.reflect.jvm.internal.impl.load.java.components.SignaturePropagator       : loaded 2 times (x 70B)
Class kotlin.reflect.jvm.internal.impl.load.kotlin.DeserializationComponentsForJava$Companion: loaded 2 times (x 71B)
Class org.apache.commons.io.output.AbstractByteArrayOutputStream                      : loaded 2 times (x 102B)
Class com.google.common.cache.CacheBuilder$OneWeigher                                 : loaded 2 times (x 82B)
Class kotlin.text.StringsKt__StringsKt$lineSequence$$inlined$Sequence$1               : loaded 2 times (x 75B)
Class kotlin.coroutines.jvm.internal.ContinuationImpl                                 : loaded 2 times (x 87B)
Class kotlin.reflect.jvm.internal.impl.resolve.ExternalOverridabilityCondition$Result : loaded 2 times (x 79B)
Class kotlin.reflect.jvm.internal.impl.load.java.structure.JavaClassifierType         : loaded 2 times (x 70B)
Class kotlin.reflect.jvm.internal.impl.metadata.ProtoBuf$Annotation$Argument          : loaded 2 times (x 96B)
Class kotlin.reflect.jvm.internal.impl.resolve.scopes.InnerClassesScopeWrapper        : loaded 2 times (x 93B)
Class [Lkotlin.reflect.jvm.internal.impl.metadata.ProtoBuf$MemberKind;                : loaded 2 times (x 69B)
Class kotlin.reflect.jvm.internal.impl.protobuf.GeneratedMessageLite$Builder          : loaded 2 times (x 89B)
Class kotlin.reflect.jvm.internal.impl.descriptors.runtime.components.ReflectJavaClassFinderKt: loaded 2 times (x 71B)
Class kotlin.reflect.jvm.internal.impl.metadata.ProtoBuf$TypeParameter$Variance       : loaded 2 times (x 82B)
Class kotlin.reflect.jvm.internal.impl.metadata.ProtoBuf$Type                         : loaded 2 times (x 102B)
Class kotlin.reflect.jvm.internal.impl.protobuf.AbstractMessageLite                   : loaded 2 times (x 91B)
Class kotlin.reflect.jvm.internal.impl.descriptors.VariableAccessorDescriptor         : loaded 2 times (x 70B)
Class kotlin.reflect.jvm.internal.impl.load.kotlin.header.KotlinClassHeader$Kind      : loaded 2 times (x 79B)
Class kotlin.reflect.jvm.internal.impl.descriptors.annotations.AnnotatedImpl          : loaded 2 times (x 76B)
Class kotlin.reflect.jvm.internal.impl.types.model.SimpleTypeMarker                   : loaded 2 times (x 70B)
Class kotlin.reflect.jvm.internal.impl.serialization.deserialization.ErrorReporter    : loaded 2 times (x 70B)
Class org.jetbrains.kotlin.com.intellij.openapi.diagnostic.Logger$Factory             : loaded 2 times (x 70B)
Class org.gradle.internal.classloader.ClasspathUtil                                   : loaded 2 times (x 71B)
Class com.google.common.cache.LocalCache$Strength$1                                   : loaded 2 times (x 81B)
Class kotlin.collections.builders.SetBuilder                                          : loaded 2 times (x 143B)
Class org.objectweb.asm.ModuleVisitor                                                 : loaded 2 times (x 81B)
Class [Lorg.jetbrains.org.objectweb.asm.Attribute;                                    : loaded 2 times (x 69B)
Class org.jetbrains.kotlin.cli.common.arguments.ParseCommandLineArgumentsKt           : loaded 2 times (x 71B)
Class kotlin.reflect.jvm.internal.impl.resolve.ExternalOverridabilityCondition$Contract: loaded 2 times (x 79B)
Class kotlin.reflect.jvm.internal.impl.metadata.ProtoBuf$QualifiedNameTable$QualifiedName$1: loaded 2 times (x 87B)
Class kotlin.reflect.jvm.internal.impl.metadata.ProtoBuf$QualifiedNameTable           : loaded 2 times (x 96B)
Class kotlin.reflect.jvm.internal.impl.load.java.sources.JavaSourceElement            : loaded 2 times (x 70B)
Class kotlin.reflect.jvm.internal.impl.load.java.lazy.descriptors.LazyJavaPackageScope$KotlinClassLookupResult$NotFound: loaded 2 times (x 71B)
Class kotlin.reflect.jvm.internal.impl.load.kotlin.SignatureBuildingComponents        : loaded 2 times (x 71B)
Class kotlin.reflect.jvm.internal.CreateKCallableVisitor                              : loaded 2 times (x 104B)
Class kotlin.reflect.jvm.internal.impl.metadata.jvm.JvmProtoBuf$JvmMethodSignature$Builder: loaded 2 times (x 91B)
Class kotlin.reflect.jvm.internal.impl.metadata.jvm.JvmProtoBuf$JvmFieldSignatureOrBuilder: loaded 2 times (x 70B)
Class kotlin.reflect.jvm.internal.impl.resolve.scopes.MemberScope                     : loaded 2 times (x 70B)
Class kotlin.reflect.jvm.internal.impl.storage.StorageKt                              : loaded 2 times (x 71B)
Class org.jetbrains.kotlin.build.report.metrics.RUN_COMPILATION                       : loaded 2 times (x 72B)
Class com.google.common.util.concurrent.Uninterruptibles                              : loaded 2 times (x 71B)
Class com.google.common.collect.AbstractMapBasedMultimap$WrappedSet                   : loaded 2 times (x 142B)
Class kotlin.reflect.jvm.internal.impl.builtins.functions.FunctionTypeKind$KSuspendFunction: loaded 2 times (x 72B)
Class kotlin.reflect.jvm.internal.impl.types.KotlinType                               : loaded 2 times (x 81B)
Class kotlin.reflect.jvm.internal.KClassImpl$$Lambda$0                                : loaded 2 times (x 76B)
Class kotlin.reflect.jvm.internal.impl.load.java.lazy.TypeParameterResolver$EMPTY     : loaded 2 times (x 74B)
Class kotlin.reflect.jvm.internal.impl.types.TypeSubstitution$Companion               : loaded 2 times (x 71B)
Class kotlin.reflect.jvm.internal.impl.descriptors.PackageViewDescriptor              : loaded 2 times (x 70B)
Class kotlin.reflect.jvm.internal.impl.types.checker.ClassicTypeSystemContext         : loaded 2 times (x 70B)
Class kotlin.reflect.jvm.internal.impl.load.kotlin.header.ReadKotlinClassHeaderAnnotationVisitor$CollectStringArrayAnnotationVisitor: loaded 2 times (x 85B)
Class kotlin.reflect.jvm.internal.impl.descriptors.DelegatedDescriptorVisibility      : loaded 2 times (x 76B)
Class [Lkotlin.reflect.jvm.internal.impl.load.kotlin.header.KotlinClassHeader$Kind;   : loaded 2 times (x 69B)
Class org.jetbrains.org.objectweb.asm.ModuleVisitor                                   : loaded 2 times (x 81B)
Class org.jetbrains.kotlin.gradle.plugin.AbstractKotlinMultiplatformPluginWrapper     : loaded 2 times (x 86B)
Class com.google.common.util.concurrent.LazyLogger                                    : loaded 2 times (x 72B)
Class org.gradle.api.specs.Spec                                                       : loaded 2 times (x 70B)
Class [Lkotlin.reflect.jvm.internal.impl.descriptors.ClassKind;                       : loaded 2 times (x 69B)
Class [Lkotlin.reflect.jvm.internal.impl.descriptors.deserialization.ClassDescriptorFactory;: loaded 2 times (x 69B)
Class kotlin.reflect.jvm.internal.impl.load.java.lazy.descriptors.LazyJavaStaticScope : loaded 2 times (x 104B)
Class kotlin.reflect.jvm.internal.CachesKt$$Lambda$0                                  : loaded 2 times (x 75B)
Class kotlin.reflect.jvm.internal.impl.load.java.lazy.descriptors.LazyJavaPackageScope: loaded 2 times (x 104B)
Class [Lkotlin.reflect.jvm.internal.impl.metadata.jvm.JvmProtoBuf$StringTableTypes$Record$Operation;: loaded 2 times (x 69B)
Class kotlin.jvm.internal.KTypeBase                                                   : loaded 2 times (x 70B)
Class kotlin.reflect.jvm.internal.impl.metadata.jvm.JvmProtoBuf$StringTableTypes$RecordOrBuilder: loaded 2 times (x 70B)
Class kotlin.reflect.jvm.internal.impl.metadata.jvm.deserialization.JvmNameResolver   : loaded 2 times (x 77B)
Class kotlin.reflect.jvm.internal.impl.types.DelegatingSimpleType                     : loaded 2 times (x 91B)
Class kotlin.reflect.jvm.internal.impl.types.AbstractClassTypeConstructor             : loaded 2 times (x 97B)
Class kotlin.reflect.jvm.internal.impl.descriptors.PackageFragmentDescriptor          : loaded 2 times (x 70B)
Class kotlin.reflect.jvm.internal.impl.resolve.constants.UnsignedValueConstant        : loaded 2 times (x 74B)
Class kotlin.reflect.jvm.internal.impl.resolve.scopes.DescriptorKindFilter            : loaded 2 times (x 72B)
Class kotlin.reflect.jvm.internal.impl.metadata.ProtoBuf$Annotation$ArgumentOrBuilder : loaded 2 times (x 70B)
Class kotlin.reflect.jvm.internal.impl.serialization.deserialization.ProtoBasedClassDataFinder: loaded 2 times (x 75B)
Class kotlin.reflect.jvm.internal.impl.load.java.descriptors.JavaMethodDescriptor     : loaded 2 times (x 207B)
Class kotlin.reflect.jvm.internal.CachesKt$$Lambda$1                                  : loaded 2 times (x 75B)
Class kotlin.concurrent.ThreadsKt                                                     : loaded 2 times (x 71B)
Class kotlin.reflect.jvm.internal.impl.metadata.jvm.deserialization.JvmMemberSignature: loaded 2 times (x 74B)
Class kotlin.reflect.jvm.internal.impl.load.java.lazy.descriptors.LazyJavaClassMemberScope: loaded 2 times (x 105B)
Class kotlin.reflect.jvm.internal.impl.types.AbstractTypeRefiner                      : loaded 2 times (x 72B)
Class kotlin.reflect.jvm.internal.impl.load.java.lazy.JavaResolverComponents          : loaded 2 times (x 72B)
Class org.jetbrains.org.objectweb.asm.Symbol                                          : loaded 2 times (x 73B)
Class org.jetbrains.kotlin.build.report.metrics.BuildPerformanceMetric                : loaded 2 times (x 72B)
Class com.google.common.cache.LocalCache$LoadingValueReference                        : loaded 2 times (x 96B)
Class kotlin.reflect.jvm.internal.impl.descriptors.impl.FunctionDescriptorImpl$CopyConfiguration: loaded 2 times (x 137B)
Class kotlin.reflect.jvm.internal.calls.CallerImpl$Constructor                        : loaded 2 times (x 81B)
Class org.gradle.internal.service.UnknownServiceException                             : loaded 2 times (x 83B)
Class kotlin.reflect.jvm.internal.CachesKt$$Lambda$2                                  : loaded 2 times (x 75B)
Class com.google.common.cache.LocalCache$LocalLoadingCache                            : loaded 2 times (x 134B)
Class [Lorg.objectweb.asm.AnnotationVisitor;                                          : loaded 2 times (x 69B)
Class org.jetbrains.kotlin.incremental.ClasspathSnapshotFiles$Companion               : loaded 2 times (x 71B)
Class kotlin.reflect.jvm.internal.impl.descriptors.impl.SimpleFunctionDescriptorImpl  : loaded 2 times (x 199B)
Class kotlin.reflect.jvm.internal.impl.serialization.deserialization.descriptors.DeserializedCallableMemberDescriptor: loaded 2 times (x 70B)
Class kotlin.reflect.jvm.internal.impl.serialization.deserialization.builtins.BuiltInsPackageFragmentImpl: loaded 2 times (x 111B)
Class kotlin.reflect.jvm.internal.impl.descriptors.runtime.components.ReflectKotlinClassFinderKt: loaded 2 times (x 71B)
Class kotlin.reflect.jvm.internal.impl.descriptors.impl.ModuleDependenciesImpl        : loaded 2 times (x 77B)
Class kotlin.reflect.jvm.internal.impl.resolve.jvm.SyntheticJavaPartsProvider$Companion: loaded 2 times (x 71B)
Class kotlin.reflect.jvm.internal.impl.resolve.jvm.SyntheticJavaPartsProvider         : loaded 2 times (x 70B)
Class kotlin.reflect.jvm.internal.impl.load.java.JavaTypeEnhancementState$Companion   : loaded 2 times (x 71B)
Class kotlin.reflect.jvm.internal.impl.builtins.jvm.JvmBuiltIns$WhenMappings          : loaded 2 times (x 71B)
Class kotlin.coroutines.jvm.internal.RestrictedSuspendLambda                          : loaded 2 times (x 91B)
Class kotlin.reflect.jvm.internal.impl.descriptors.runtime.components.ReflectJavaClassFinder: loaded 2 times (x 77B)
Class kotlin.reflect.jvm.internal.CachesKt$$Lambda$3                                  : loaded 2 times (x 75B)
Class kotlin.reflect.jvm.internal.impl.builtins.KotlinBuiltIns                        : loaded 2 times (x 113B)
Class kotlin.reflect.jvm.internal.impl.serialization.SerializerExtensionProtocol      : loaded 2 times (x 72B)
Class kotlin.reflect.jvm.internal.impl.load.java.structure.LightClassOriginKind       : loaded 2 times (x 79B)
Class kotlin.io.FilePathComponents                                                    : loaded 2 times (x 72B)
Class kotlin.reflect.jvm.internal.calls.CallerImpl$Method$Instance                    : loaded 2 times (x 81B)
Class kotlin.reflect.jvm.internal.calls.CallerImpl$Companion                          : loaded 2 times (x 71B)
Class [Lkotlin.reflect.jvm.internal.impl.descriptors.DeclarationDescriptorWithSource; : loaded 2 times (x 69B)
Class kotlin.reflect.jvm.internal.impl.protobuf.GeneratedMessageLite$ExtendableMessage$ExtensionWriter: loaded 2 times (x 73B)
Class kotlin.reflect.jvm.internal.impl.descriptors.PackageFragmentProviderKt          : loaded 2 times (x 71B)
Class kotlin.reflect.jvm.internal.impl.serialization.deserialization.ClassDeserializer$Companion: loaded 2 times (x 71B)
Class kotlin.reflect.jvm.internal.impl.protobuf.ByteString$ByteIterator               : loaded 2 times (x 70B)
Class kotlin.reflect.jvm.internal.impl.resolve.constants.ShortValue                   : loaded 2 times (x 74B)
Class org.jetbrains.kotlin.build.report.metrics.GradleBuildTimeMetric                 : loaded 2 times (x 72B)
Class [Lorg.objectweb.asm.AnnotationWriter;                                           : loaded 2 times (x 69B)
Class kotlin.reflect.jvm.internal.impl.types.model.TypeSystemCommonSuperTypesContext  : loaded 2 times (x 70B)
Class kotlin.reflect.jvm.internal.impl.load.java.SpecialGenericSignatures$TypeSafeBarrierDescription: loaded 2 times (x 79B)
Class kotlin.collections.ArrayAsCollection                                            : loaded 2 times (x 105B)
Class kotlin.sequences.SequencesKt__SequenceBuilderKt$sequence$$inlined$Sequence$1    : loaded 2 times (x 75B)
Class org.jetbrains.kotlin.cli.common.arguments.Argument                              : loaded 2 times (x 70B)
Class kotlin.reflect.jvm.internal.CachesKt$$Lambda$4                                  : loaded 2 times (x 75B)
Class org.jetbrains.kotlin.cli.common.CompilerSystemProperties                        : loaded 2 times (x 80B)
Class org.jetbrains.kotlin.build.report.metrics.GradleBuildPerformanceMetric          : loaded 2 times (x 72B)
Class kotlin.reflect.jvm.internal.impl.utils.SmartSet$SingletonIterator               : loaded 2 times (x 81B)
Class kotlin.reflect.jvm.internal.impl.resolve.calls.inference.CapturedTypeConstructorKt: loaded 2 times (x 71B)
Class kotlin.reflect.jvm.internal.impl.types.model.TypeParameterMarker                : loaded 2 times (x 70B)
Class kotlin.reflect.jvm.internal.impl.metadata.deserialization.Flags$FlagField       : loaded 2 times (x 73B)
Class kotlin.reflect.jvm.internal.impl.descriptors.impl.VariableDescriptorImpl        : loaded 2 times (x 141B)
Class kotlin.reflect.jvm.internal.impl.descriptors.ClassConstructorDescriptor         : loaded 2 times (x 70B)
Class kotlin.reflect.jvm.internal.impl.renderer.OverrideRenderingPolicy               : loaded 2 times (x 79B)
Class kotlin.reflect.jvm.internal.impl.utils.WrappedValues$1                          : loaded 2 times (x 71B)
Class kotlin.reflect.jvm.internal.impl.descriptors.deserialization.PlatformDependentDeclarationFilter: loaded 2 times (x 70B)
Class kotlin.reflect.jvm.internal.impl.descriptors.Named                              : loaded 2 times (x 70B)
Class com.google.common.collect.ImmutableRangeSet$Builder                             : loaded 2 times (x 77B)
Class org.jetbrains.kotlin.gradle.plugin.KotlinJsPluginWrapper                        : loaded 2 times (x 86B)
Class com.google.common.cache.LocalCache$StrongValueReference                         : loaded 2 times (x 90B)
Class org.gradle.api.internal.ClassPathProvider                                       : loaded 2 times (x 70B)
Class [Lorg.gradle.api.internal.ClassPathProvider;                                    : loaded 2 times (x 69B)
Class kotlin.reflect.jvm.internal.JvmFunctionSignature$KotlinFunction                 : loaded 2 times (x 73B)
Class kotlin.reflect.jvm.internal.impl.metadata.jvm.deserialization.ClassMapperLite   : loaded 2 times (x 71B)
Class kotlin.reflect.jvm.internal.impl.descriptors.impl.AbstractLazyTypeParameterDescriptor: loaded 2 times (x 124B)
Class [Lkotlin.reflect.jvm.internal.impl.metadata.ProtoBuf$Visibility;                : loaded 2 times (x 69B)
Class kotlin.reflect.jvm.internal.impl.metadata.jvm.deserialization.UtfEncodingKt     : loaded 2 times (x 71B)
Class kotlin.reflect.jvm.internal.impl.descriptors.runtime.components.ReflectKotlinClass$Factory: loaded 2 times (x 71B)
Class kotlin.reflect.jvm.internal.impl.serialization.deserialization.DeserializationConfiguration: loaded 2 times (x 70B)
Class kotlin.reflect.jvm.internal.impl.load.kotlin.header.KotlinClassHeader$Kind$Companion: loaded 2 times (x 71B)
Class org.objectweb.asm.Type                                                          : loaded 2 times (x 72B)
Class org.gradle.internal.classloader.VisitableURLClassLoader$InstrumentingVisitableURLClassLoader: loaded 2 times (x 123B)
Class kotlin.coroutines.Continuation                                                  : loaded 2 times (x 70B)
Class kotlin.reflect.jvm.internal.impl.types.checker.KotlinTypePreparator$Default     : loaded 2 times (x 73B)
Class kotlin.reflect.jvm.internal.impl.load.java.lazy.types.JavaTypeAttributes        : loaded 2 times (x 72B)
Class kotlin.reflect.jvm.internal.impl.protobuf.FieldSet$FieldDescriptorLite          : loaded 2 times (x 70B)
Class kotlin.reflect.jvm.internal.impl.metadata.ProtoBuf$VersionRequirementTable$1    : loaded 2 times (x 87B)
Class kotlin.reflect.jvm.internal.impl.descriptors.DeserializedDescriptor             : loaded 2 times (x 70B)
Class kotlin.reflect.jvm.internal.impl.serialization.deserialization.descriptors.DeserializedClassDescriptor$memberScopeHolder$1: loaded 2 times (x 129B)
Class kotlin.reflect.jvm.internal.impl.metadata.jvm.deserialization.JvmFlags          : loaded 2 times (x 71B)
Class kotlin.sequences.SequencesKt__SequencesKt$sequenceOf$1$1                        : loaded 2 times (x 79B)
Class kotlin.reflect.jvm.internal.impl.load.java.lazy.LazyJavaTypeParameterResolver   : loaded 2 times (x 75B)
Class kotlin.reflect.jvm.internal.impl.load.java.structure.JavaModifierListOwner      : loaded 2 times (x 70B)
Class kotlin.reflect.jvm.internal.impl.serialization.deserialization.NameResolverUtilKt: loaded 2 times (x 71B)
Class kotlin.reflect.jvm.internal.impl.metadata.ProtoBuf$EnumEntryOrBuilder           : loaded 2 times (x 70B)
Class kotlin.reflect.jvm.internal.impl.metadata.ProtoBuf$VersionRequirementTable      : loaded 2 times (x 96B)
Class [Lkotlin.reflect.jvm.internal.impl.renderer.PropertyAccessorRenderingPolicy;    : loaded 2 times (x 69B)
Class [Lkotlin.reflect.jvm.internal.impl.renderer.ParameterNameRenderingPolicy;       : loaded 2 times (x 69B)
Class kotlin.reflect.jvm.internal.impl.load.java.lazy.LazyJavaResolverContext         : loaded 2 times (x 72B)
Class com.google.common.math.IntMath$1                                                : loaded 2 times (x 71B)
Class org.objectweb.asm.ByteVector                                                    : loaded 2 times (x 79B)
Class [Lcom.google.common.cache.CacheBuilder$NullListener;                            : loaded 2 times (x 69B)
Class org.gradle.internal.classloader.VisitableURLClassLoader$Spec                    : loaded 2 times (x 74B)
Class org.gradle.internal.classpath.DefaultClassPath                                  : loaded 2 times (x 90B)
Class kotlin.coroutines.jvm.internal.BaseContinuationImpl                             : loaded 2 times (x 87B)
Class kotlin.sequences.SequencesKt__SequencesKt$sequenceOf$$inlined$Sequence$1        : loaded 2 times (x 75B)
Class kotlin.Result$Companion                                                         : loaded 2 times (x 71B)
Class [Lkotlin.reflect.jvm.internal.impl.load.java.typeEnhancement.MutabilityQualifier;: loaded 2 times (x 69B)
Class kotlin.reflect.jvm.internal.impl.types.IntersectionTypeConstructor              : loaded 2 times (x 82B)
Class kotlin.reflect.jvm.internal.impl.descriptors.impl.ModuleAwareClassDescriptorKt  : loaded 2 times (x 71B)
Class kotlin.reflect.jvm.internal.impl.types.checker.NewTypeVariableConstructor       : loaded 2 times (x 70B)
Class kotlin.reflect.jvm.internal.impl.types.TypeProjectionImpl                       : loaded 2 times (x 82B)
Class kotlin.reflect.jvm.internal.impl.protobuf.LazyStringList                        : loaded 2 times (x 70B)
Class kotlin.reflect.jvm.internal.impl.descriptors.runtime.structure.ReflectJavaModifierListOwner: loaded 2 times (x 70B)
Class kotlin.reflect.jvm.internal.impl.protobuf.RopeByteString$RopeInputStream        : loaded 2 times (x 92B)
Class kotlin.reflect.jvm.internal.impl.load.kotlin.KotlinJvmBinaryClass$AnnotationArgumentVisitor: loaded 2 times (x 70B)
Class kotlin.reflect.jvm.internal.impl.renderer.AnnotationArgumentsRenderingPolicy    : loaded 2 times (x 79B)
Class kotlin.reflect.jvm.internal.impl.load.kotlin.PackagePartProvider$Empty          : loaded 2 times (x 74B)
Class kotlin.reflect.jvm.internal.impl.descriptors.annotations.Annotations$Companion$EMPTY$1: loaded 2 times (x 84B)
Class kotlin.reflect.jvm.internal.impl.descriptors.runtime.components.RuntimeModuleData: loaded 2 times (x 72B)
Class org.objectweb.asm.Symbol                                                        : loaded 2 times (x 73B)
Class kotlin.sequences.SequenceScope                                                  : loaded 2 times (x 73B)
Class org.gradle.api.internal.DefaultClassPathProvider                                : loaded 2 times (x 76B)
Class kotlin.annotation.Repeatable                                                    : loaded 2 times (x 70B)
Class org.objectweb.asm.AnnotationVisitor                                             : loaded 2 times (x 78B)
Class [Lkotlin.reflect.jvm.internal.impl.resolve.ExternalOverridabilityCondition$Contract;: loaded 2 times (x 69B)
Class kotlin.reflect.jvm.internal.impl.protobuf.LazyStringArrayList                   : loaded 2 times (x 261B)
Class kotlin.reflect.jvm.internal.impl.load.java.JavaClassFinder$Request              : loaded 2 times (x 72B)
Class kotlin.reflect.jvm.internal.impl.metadata.ProtoBuf$Class$Kind$1                 : loaded 2 times (x 74B)
Class kotlin.reflect.jvm.internal.impl.builtins.jvm.JvmBuiltInsCustomizer$createMockJavaIoSerializableType$mockJavaIoPackageFragment$1: loaded 2 times (x 105B)
Class kotlin.reflect.jvm.internal.impl.storage.LockBasedStorageManager$CacheWithNotNullValuesBasedOnMemoizedFunction: loaded 2 times (x 86B)
Class kotlin.reflect.jvm.internal.impl.incremental.components.LookupLocation          : loaded 2 times (x 70B)
Class com.google.common.io.Closer                                                     : loaded 2 times (x 78B)
Class org.jetbrains.kotlin.gradle.plugin.AbstractKotlinAndroidPluginWrapper           : loaded 2 times (x 86B)
Class com.google.common.base.CharMatcher$BitSetMatcher                                : loaded 2 times (x 112B)
Class org.gradle.internal.classloader.ClassLoaderSpec                                 : loaded 2 times (x 71B)
Class com.google.common.collect.ImmutableSet$SerializedForm                           : loaded 2 times (x 73B)
Class kotlin.reflect.jvm.internal.impl.types.UnwrappedType                            : loaded 2 times (x 84B)
Class kotlin.reflect.jvm.internal.impl.resolve.ExternalOverridabilityCondition        : loaded 2 times (x 70B)
Class [Lkotlin.reflect.jvm.internal.impl.load.java.AnnotationQualifierApplicabilityType;: loaded 2 times (x 69B)
Class kotlin.reflect.jvm.internal.impl.serialization.deserialization.DeserializedPackageFragmentImpl: loaded 2 times (x 109B)
Class kotlin.reflect.jvm.internal.impl.descriptors.runtime.structure.Java16SealedRecordLoader$Cache: loaded 2 times (x 72B)
Class kotlin.reflect.jvm.internal.impl.metadata.ProtoBuf$EnumEntry$1                  : loaded 2 times (x 87B)
Class kotlin.reflect.jvm.internal.impl.load.java.FieldOverridabilityCondition         : loaded 2 times (x 75B)
Class kotlin.reflect.jvm.internal.impl.types.checker.NewKotlinTypeChecker             : loaded 2 times (x 70B)
Class kotlin.reflect.jvm.internal.impl.load.java.NullabilityAnnotationStates          : loaded 2 times (x 70B)
Class kotlin.reflect.jvm.internal.impl.descriptors.impl.PackageViewDescriptorFactory  : loaded 2 times (x 70B)
Class org.objectweb.asm.AnnotationWriter                                              : loaded 2 times (x 79B)
Class com.google.common.cache.CacheStats                                              : loaded 2 times (x 71B)
Class kotlin.reflect.jvm.internal.impl.renderer.DescriptorRenderer                    : loaded 2 times (x 78B)
Class kotlin.reflect.jvm.internal.impl.descriptors.impl.ModuleAwareClassDescriptor$Companion: loaded 2 times (x 71B)
Class kotlin.reflect.jvm.internal.impl.metadata.ProtoBuf$TypeParameter$Variance$1     : loaded 2 times (x 74B)
Class kotlin.reflect.jvm.internal.impl.protobuf.ExtensionRegistryLite$ObjectIntPair   : loaded 2 times (x 72B)
Class kotlin.reflect.jvm.internal.impl.load.java.BuiltinSpecialProperties             : loaded 2 times (x 71B)
Class kotlin.reflect.jvm.internal.impl.metadata.deserialization.VersionRequirementTable: loaded 2 times (x 72B)
Class kotlin.reflect.jvm.internal.impl.utils.WrappedValues$ThrowableWrapper           : loaded 2 times (x 72B)
Class [Lkotlin.reflect.jvm.internal.impl.renderer.OverrideRenderingPolicy;            : loaded 2 times (x 69B)
Class com.google.common.io.Closer$Suppressor                                          : loaded 2 times (x 70B)
Class org.objectweb.asm.RecordComponentWriter                                         : loaded 2 times (x 78B)
Class com.google.common.util.concurrent.AbstractFuture$Listener                       : loaded 2 times (x 72B)
Class com.google.common.base.CharMatcher$Or                                           : loaded 2 times (x 112B)
Class org.gradle.api.internal.classpath.Module$ModuleAlias                            : loaded 2 times (x 70B)
Class org.jetbrains.kotlin.incremental.ClasspathChanges                               : loaded 2 times (x 71B)
Class kotlin.reflect.jvm.internal.KCallableImpl                                       : loaded 2 times (x 105B)
Class kotlin.reflect.jvm.internal.impl.descriptors.impl.ValueParameterDescriptorImpl$WithDestructuringDeclaration: loaded 2 times (x 165B)
Class kotlin.reflect.jvm.internal.impl.protobuf.Parser                                : loaded 2 times (x 70B)
Class kotlin.reflect.jvm.internal.impl.protobuf.MessageLite                           : loaded 2 times (x 70B)
Class kotlin.reflect.jvm.internal.impl.types.KotlinTypeFactory                        : loaded 2 times (x 71B)
Class kotlin.reflect.jvm.internal.impl.descriptors.PackageFragmentProviderOptimized   : loaded 2 times (x 70B)
Class kotlin.reflect.jvm.internal.impl.resolve.jvm.CompositeSyntheticJavaPartsProvider: loaded 2 times (x 79B)
Class kotlin.reflect.jvm.internal.impl.load.java.components.JavaResolverCache         : loaded 2 times (x 70B)
Class org.jetbrains.kotlin.build.report.metrics.SNAPSHOT_JAVA_CLASSES                 : loaded 2 times (x 72B)
Class org.jetbrains.kotlin.build.report.metrics.GRADLE_TASK_ACTION                    : loaded 2 times (x 72B)
Class [Lorg.objectweb.asm.Label;                                                      : loaded 2 times (x 69B)
Class org.objectweb.asm.Attribute                                                     : loaded 2 times (x 77B)
Class com.google.common.base.Supplier                                                 : loaded 2 times (x 70B)
Class org.gradle.internal.classloader.VisitableURLClassLoader                         : loaded 2 times (x 117B)
Class kotlin.reflect.jvm.internal.impl.builtins.functions.FunctionTypeKind$Function   : loaded 2 times (x 72B)
Class com.google.common.collect.ListMultimap                                          : loaded 2 times (x 70B)
Class [Lkotlin.DeprecationLevel;                                                      : loaded 2 times (x 69B)
Class com.google.common.collect.ImmutableRangeSet                                     : loaded 2 times (x 115B)
Class org.apache.commons.io.output.StringBuilderWriter                                : loaded 2 times (x 100B)
Class [Lorg.apache.commons.io.StandardLineSeparator;                                  : loaded 2 times (x 69B)
Class [Lkotlin.reflect.jvm.internal.impl.serialization.deserialization.AnnotatedCallableKind;: loaded 2 times (x 69B)
Class kotlin.reflect.jvm.internal.impl.resolve.scopes.ResolutionScope$DefaultImpls    : loaded 2 times (x 71B)
Class kotlin.reflect.jvm.internal.impl.metadata.ProtoBuf$Type$ArgumentOrBuilder       : loaded 2 times (x 70B)
Class kotlin.reflect.jvm.internal.impl.builtins.functions.BuiltInFictitiousFunctionClassFactory: loaded 2 times (x 77B)
Class kotlin.reflect.jvm.internal.impl.metadata.ProtoBuf$AnnotationOrBuilder          : loaded 2 times (x 70B)
Class kotlin.reflect.jvm.internal.impl.protobuf.GeneratedMessageLite$GeneratedExtension: loaded 2 times (x 78B)
Class kotlin.reflect.jvm.internal.impl.load.kotlin.DeserializationComponentsForJava   : loaded 2 times (x 72B)
Class com.google.common.collect.ImmutableList$SerializedForm                          : loaded 2 times (x 73B)
Class org.objectweb.asm.signature.SignatureWriter                                     : loaded 2 times (x 88B)
Class org.jetbrains.kotlin.gradle.plugin.DefaultKotlinBasePlugin                      : loaded 2 times (x 82B)
Class org.gradle.internal.Cast                                                        : loaded 2 times (x 71B)
Class org.gradle.api.Action                                                           : loaded 2 times (x 70B)
Class kotlin.reflect.jvm.internal.impl.load.java.typeEnhancement.JavaTypeEnhancement  : loaded 2 times (x 72B)
Class kotlin.reflect.jvm.internal.impl.serialization.deserialization.ContractDeserializer$Companion$DEFAULT$1: loaded 2 times (x 74B)
Class kotlin.reflect.jvm.internal.impl.name.ClassId$Companion                         : loaded 2 times (x 71B)
Class kotlin.reflect.jvm.internal.impl.descriptors.Visibility                         : loaded 2 times (x 75B)
Class kotlin.reflect.jvm.internal.impl.protobuf.Utf8                                  : loaded 2 times (x 71B)
Class kotlin.reflect.jvm.internal.impl.metadata.builtins.BuiltInsBinaryVersion        : loaded 2 times (x 72B)
Class kotlin.reflect.jvm.internal.impl.load.java.lazy.descriptors.LazyJavaStaticClassScope: loaded 2 times (x 104B)
Class kotlin.reflect.jvm.internal.impl.load.java.lazy.descriptors.LazyJavaPackageScope$KotlinClassLookupResult$Found: loaded 2 times (x 72B)
Class kotlin.reflect.jvm.internal.impl.metadata.ProtoBuf$MemberKind                   : loaded 2 times (x 82B)
Class [Lkotlin.reflect.jvm.internal.impl.serialization.deserialization.descriptors.DeserializedContainerAbiStability;: loaded 2 times (x 69B)
Class kotlin.reflect.jvm.internal.impl.load.java.JvmAnnotationNames                   : loaded 2 times (x 71B)
Class kotlin.reflect.jvm.internal.impl.protobuf.SmallSortedMap$1                      : loaded 2 times (x 129B)
Class kotlin.reflect.jvm.internal.impl.resolve.descriptorUtil.DescriptorUtilsKt       : loaded 2 times (x 71B)
Class kotlin.reflect.jvm.internal.impl.renderer.ClassifierNamePolicy$FULLY_QUALIFIED  : loaded 2 times (x 74B)
Class kotlin.properties.ReadWriteProperty                                             : loaded 2 times (x 70B)
Class com.google.common.base.Strings                                                  : loaded 2 times (x 71B)
Class org.objectweb.asm.Handler                                                       : loaded 2 times (x 72B)
Class com.google.common.base.Ticker                                                   : loaded 2 times (x 72B)
Class com.google.common.base.CharMatcher$FastMatcher                                  : loaded 2 times (x 111B)
Class kotlin.KotlinNothingValueException                                              : loaded 2 times (x 82B)
Class kotlin.reflect.jvm.internal.impl.metadata.jvm.JvmProtoBuf$JvmFieldSignature$1   : loaded 2 times (x 87B)
Class kotlin.reflect.jvm.internal.impl.builtins.jvm.JvmBuiltInClassDescriptorFactory$Companion: loaded 2 times (x 71B)
Class kotlin.reflect.jvm.internal.KClassImpl$Data$$Lambda$10                          : loaded 2 times (x 76B)
Class kotlin.reflect.jvm.internal.KDeclarationContainerImpl$Data$$Lambda$0            : loaded 2 times (x 76B)
Class kotlin.reflect.jvm.internal.impl.load.kotlin.header.ReadKotlinClassHeaderAnnotationVisitor$KotlinMetadataArgumentVisitor$2: loaded 2 times (x 85B)
Class kotlin.reflect.jvm.internal.impl.metadata.jvm.JvmProtoBuf$StringTableTypes$Record$Operation: loaded 2 times (x 82B)
Class org.jetbrains.kotlin.incremental.IncrementalCompilationFeatures                 : loaded 2 times (x 71B)
Class org.jetbrains.kotlin.incremental.ClasspathChanges$ClasspathSnapshotEnabled$IncrementalRun$ToBeComputedByIncrementalCompiler: loaded 2 times (x 73B)
Class kotlin.concurrent.ThreadsKt$thread$thread$1                                     : loaded 2 times (x 105B)
Class kotlin.reflect.jvm.internal.impl.load.java.JavaDescriptorVisibilities           : loaded 2 times (x 71B)
Class kotlin.reflect.jvm.internal.impl.types.KotlinTypeKt                             : loaded 2 times (x 71B)
Class kotlin.reflect.jvm.internal.impl.load.java.lazy.descriptors.LazyJavaPackageScope$KotlinClassLookupResult$SyntheticClass: loaded 2 times (x 71B)
Class kotlin.reflect.jvm.internal.impl.descriptors.VariableDescriptorWithAccessors    : loaded 2 times (x 70B)
Class kotlin.reflect.jvm.internal.impl.resolve.constants.ULongValue                   : loaded 2 times (x 74B)
Class kotlin.reflect.jvm.internal.impl.resolve.constants.UByteValue                   : loaded 2 times (x 74B)
Class kotlin.reflect.jvm.internal.impl.load.kotlin.BinaryClassAnnotationAndConstantLoaderImpl: loaded 2 times (x 99B)
Class [Lcom.google.common.cache.LocalCache$Segment;                                   : loaded 2 times (x 69B)
Class [Lcom.google.common.cache.LocalCache$Strength;                                  : loaded 2 times (x 69B)
Class com.google.common.cache.CacheBuilder$1                                          : loaded 2 times (x 85B)
Class org.gradle.internal.classpath.DefaultClassPath$ImmutableUniqueList$Builder      : loaded 2 times (x 75B)
Class kotlin.reflect.jvm.internal.impl.load.java.typeEnhancement.TypeComponentPosition: loaded 2 times (x 79B)
Class kotlin.reflect.jvm.internal.KClassImpl$Data$$Lambda$11                          : loaded 2 times (x 76B)
Class kotlin.reflect.jvm.internal.impl.name.FqNameUnsafe$1                            : loaded 2 times (x 74B)
Class org.jetbrains.org.objectweb.asm.ClassReader                                     : loaded 2 times (x 92B)
Class kotlin.reflect.jvm.internal.impl.load.kotlin.JavaFlexibleTypeDeserializer       : loaded 2 times (x 74B)
Class kotlin.reflect.jvm.internal.impl.metadata.jvm.JvmProtoBuf$JvmPropertySignatureOrBuilder: loaded 2 times (x 70B)
Class kotlin.reflect.jvm.internal.impl.descriptors.ValueDescriptor                    : loaded 2 times (x 70B)
Class kotlin.reflect.jvm.internal.impl.renderer.DescriptorRendererOptionsImpl$property$$inlined$vetoable$1: loaded 2 times (x 83B)
Class com.google.common.collect.AbstractRangeSet                                      : loaded 2 times (x 114B)
Class com.google.common.cache.LocalCache                                              : loaded 2 times (x 187B)
Class com.google.common.cache.CacheBuilder$2                                          : loaded 2 times (x 79B)
Class com.google.common.base.CharMatcher$NegatedFastMatcher                           : loaded 2 times (x 113B)
Class [Lkotlin.reflect.jvm.internal.impl.protobuf.WireFormat$FieldType;               : loaded 2 times (x 69B)
Class kotlin.reflect.jvm.internal.impl.metadata.ProtoBuf$Function$1                   : loaded 2 times (x 87B)
Class kotlin.reflect.jvm.internal.impl.metadata.ProtoBuf$EnumEntry                    : loaded 2 times (x 102B)
Class kotlin.reflect.jvm.internal.impl.load.java.structure.JavaElement                : loaded 2 times (x 70B)
Class kotlin.reflect.jvm.internal.impl.load.kotlin.header.ReadKotlinClassHeaderAnnotationVisitor$KotlinMetadataArgumentVisitor$1: loaded 2 times (x 85B)
Class [Lkotlin.reflect.jvm.internal.impl.types.model.TypeParameterMarker;             : loaded 2 times (x 69B)
Class kotlin.reflect.jvm.internal.KClassImpl$Data$$Lambda$12                          : loaded 2 times (x 76B)
Class kotlin.reflect.jvm.internal.KProperty1Impl                                      : loaded 2 times (x 128B)
Class com.google.common.base.Enums$StringConverter                                    : loaded 2 times (x 90B)
Class kotlin.reflect.jvm.internal.impl.descriptors.runtime.structure.ReflectJavaClassifierType: loaded 2 times (x 92B)
Class kotlin.reflect.jvm.internal.impl.serialization.deserialization.descriptors.DeserializedClassDescriptor: loaded 2 times (x 176B)
Class kotlin.reflect.jvm.internal.impl.load.kotlin.KotlinJvmBinaryClass$AnnotationArrayArgumentVisitor: loaded 2 times (x 70B)
Class kotlin.reflect.jvm.internal.impl.load.java.structure.JavaAnnotationOwner        : loaded 2 times (x 70B)
Class [Lkotlin.reflect.jvm.internal.impl.protobuf.WireFormat$JavaType;                : loaded 2 times (x 69B)
Class kotlin.reflect.jvm.internal.impl.types.model.TypeArgumentMarker                 : loaded 2 times (x 70B)
Class kotlin.reflect.jvm.internal.impl.renderer.RenderingFormat$HTML                  : loaded 2 times (x 80B)
Class kotlin.reflect.jvm.internal.impl.descriptors.DeclarationDescriptorWithVisibility: loaded 2 times (x 70B)
Class kotlin.reflect.jvm.internal.impl.storage.EmptySimpleLock                        : loaded 2 times (x 75B)
Class org.jetbrains.kotlin.cli.common.arguments.K2JVMCompilerArguments                : loaded 2 times (x 76B)
Class org.jetbrains.kotlin.gradle.plugin.KotlinBasePluginWrapper                      : loaded 2 times (x 86B)
Class com.google.common.collect.ArrayListMultimap                                     : loaded 2 times (x 172B)
Class com.google.common.cache.CacheBuilder$3                                          : loaded 2 times (x 72B)
Class org.gradle.api.GradleException                                                  : loaded 2 times (x 82B)
Class org.jetbrains.org.objectweb.asm.ClassVisitor                                    : loaded 2 times (x 88B)
Class kotlin.reflect.jvm.internal.impl.builtins.jvm.JvmBuiltIns$Kind                  : loaded 2 times (x 79B)
Class kotlin.KotlinVersion$Companion                                                  : loaded 2 times (x 71B)
Class kotlin.reflect.jvm.internal.KClassImpl$Data$$Lambda$13                          : loaded 2 times (x 76B)
Class kotlin.reflect.jvm.internal.impl.types.checker.KotlinTypeChecker$TypeConstructorEquality: loaded 2 times (x 70B)
Class kotlin.reflect.jvm.internal.impl.types.TypeSubstitution$Companion$EMPTY$1       : loaded 2 times (x 77B)
Class kotlin.reflect.jvm.internal.impl.types.TypeConstructorSubstitution$Companion    : loaded 2 times (x 71B)
Class kotlin.reflect.jvm.internal.impl.metadata.ProtoBuf$Annotation$Builder           : loaded 2 times (x 92B)
Class kotlin.reflect.jvm.internal.impl.metadata.ProtoBuf$PackageFragmentOrBuilder     : loaded 2 times (x 70B)
Class kotlin.reflect.jvm.internal.impl.load.java.structure.JavaNamedElement           : loaded 2 times (x 70B)
Class kotlin.reflect.jvm.internal.impl.descriptors.ScopesHolderForClass$Companion     : loaded 2 times (x 71B)
Class [Lkotlin.reflect.jvm.internal.impl.metadata.ProtoBuf$TypeParameter$Variance;    : loaded 2 times (x 69B)
Class kotlin.reflect.jvm.internal.impl.types.checker.KotlinTypeRefiner                : loaded 2 times (x 79B)
Class kotlin.reflect.jvm.internal.impl.descriptors.DeclarationDescriptorWithSource    : loaded 2 times (x 70B)
Class org.jetbrains.org.objectweb.asm.SymbolTable$Entry                               : loaded 2 times (x 74B)
Class org.apache.commons.io.StandardLineSeparator                                     : loaded 2 times (x 79B)
Class [Lkotlin.reflect.jvm.internal.impl.renderer.DescriptorRendererModifier;         : loaded 2 times (x 69B)
Class kotlin.reflect.jvm.internal.KClassImpl$Data$$Lambda$14                          : loaded 2 times (x 76B)
Class kotlin.reflect.jvm.internal.impl.types.TypeUtils                                : loaded 2 times (x 71B)
Class kotlin.reflect.jvm.internal.impl.types.TypeProjection                           : loaded 2 times (x 70B)
Class [Lkotlin.reflect.jvm.internal.impl.descriptors.annotations.Annotated;           : loaded 2 times (x 69B)
Class kotlin.reflect.jvm.internal.impl.descriptors.runtime.structure.Java16SealedRecordLoader: loaded 2 times (x 71B)
Class kotlin.reflect.jvm.internal.impl.name.CallableId                                : loaded 2 times (x 72B)
Class kotlin.reflect.jvm.internal.impl.descriptors.impl.PropertyDescriptorImpl$CopyConfiguration: loaded 2 times (x 82B)
Class kotlin.reflect.jvm.internal.impl.types.TypeSubstitutor$SubstitutionException    : loaded 2 times (x 82B)
Class [Lkotlin.reflect.jvm.internal.impl.load.java.typeEnhancement.NullabilityQualifier;: loaded 2 times (x 69B)
Class kotlin.reflect.jvm.internal.impl.descriptors.runtime.structure.ReflectJavaAnnotationOwnerKt: loaded 2 times (x 71B)
Class kotlin.reflect.jvm.internal.impl.metadata.ProtoBuf$StringTableOrBuilder         : loaded 2 times (x 70B)
Class kotlin.reflect.jvm.internal.impl.load.java.lazy.descriptors.LazyJavaClassDescriptor: loaded 2 times (x 177B)
Class kotlin.reflect.jvm.internal.impl.serialization.deserialization.DeserializationContext: loaded 2 times (x 72B)
Class kotlin.reflect.jvm.internal.impl.metadata.ProtoBuf$Type$Argument                : loaded 2 times (x 96B)
Class kotlin.reflect.jvm.internal.impl.load.java.lazy.LazyJavaAnnotationsKt           : loaded 2 times (x 71B)
Class kotlin.reflect.jvm.internal.impl.resolve.ResolutionAnchorProviderKt             : loaded 2 times (x 71B)
Class kotlin.reflect.jvm.internal.impl.protobuf.ByteString$Output                     : loaded 2 times (x 86B)
Class kotlin.reflect.jvm.internal.impl.descriptors.Visibilities$Private               : loaded 2 times (x 75B)
Class kotlin.reflect.jvm.internal.impl.renderer.ClassifierNamePolicy                  : loaded 2 times (x 70B)
Class kotlin.reflect.jvm.internal.impl.load.java.JavaNullabilityAnnotationsStatus$Companion: loaded 2 times (x 71B)
Class kotlin.reflect.jvm.internal.impl.types.model.TypeArgumentListMarker             : loaded 2 times (x 70B)
Class kotlin.reflect.jvm.internal.impl.storage.NullableLazyValue                      : loaded 2 times (x 70B)
Class build_6y6m7oz1ub1eheoai3p25uow7                                                 : loaded 2 times (x 172B)
Class org.gradle.internal.classloader.DefaultClassLoaderFactory                       : loaded 2 times (x 82B)
Class com.google.common.base.Suppliers                                                : loaded 2 times (x 71B)
Class kotlin.reflect.jvm.internal.KClassImpl$Data$$Lambda$15                          : loaded 2 times (x 76B)
Class kotlin.reflect.jvm.internal.KPropertyImpl$Companion                             : loaded 2 times (x 71B)
Class [Lcom.google.common.cache.CacheBuilder$OneWeigher;                              : loaded 2 times (x 69B)
Class kotlin.reflect.jvm.internal.FunctionWithAllInvokes                              : loaded 2 times (x 70B)
Class kotlin.reflect.jvm.internal.impl.load.java.lazy.descriptors.ClassDeclaredMemberIndex: loaded 2 times (x 86B)
Class kotlin.reflect.jvm.internal.impl.resolve.jvm.JavaDescriptorResolver             : loaded 2 times (x 72B)
Class kotlin.reflect.jvm.internal.impl.metadata.ProtoBuf$TypeTableOrBuilder           : loaded 2 times (x 70B)
Class kotlin.reflect.jvm.internal.impl.descriptors.DescriptorVisibilities$10          : loaded 2 times (x 74B)
Class org.jetbrains.kotlin.cli.common.arguments.CommonCompilerArguments               : loaded 2 times (x 75B)
Class [Lorg.jetbrains.org.objectweb.asm.Symbol;                                       : loaded 2 times (x 69B)
Class com.google.common.cache.LocalCache$EntryFactory                                 : loaded 2 times (x 83B)
Class org.objectweb.asm.MethodTooLargeException                                       : loaded 2 times (x 83B)
Class [Lkotlin.annotation.AnnotationRetention;                                        : loaded 2 times (x 69B)
Class kotlin.reflect.jvm.internal.impl.serialization.deserialization.FlexibleTypeDeserializer: loaded 2 times (x 70B)
Class kotlin.reflect.jvm.internal.impl.descriptors.impl.AbstractClassDescriptor       : loaded 2 times (x 174B)
Class kotlin.reflect.jvm.internal.KClassImpl$Data$$Lambda$16                          : loaded 2 times (x 76B)
Class kotlin.reflect.jvm.internal.impl.protobuf.LiteralByteString                     : loaded 2 times (x 102B)
Class kotlin.reflect.jvm.internal.impl.metadata.ProtoBuf$Contract$1                   : loaded 2 times (x 87B)
Class kotlin.reflect.jvm.internal.impl.metadata.ProtoBuf$PropertyOrBuilder            : loaded 2 times (x 70B)
Class [Lkotlin.reflect.jvm.internal.impl.load.java.SpecialGenericSignatures$TypeSafeBarrierDescription;: loaded 2 times (x 69B)
Class kotlin.reflect.jvm.internal.impl.types.TypeSubstitution$replaceWithNonApproximating$1: loaded 2 times (x 78B)
Class kotlin.reflect.jvm.internal.impl.descriptors.DescriptorVisibilities$11          : loaded 2 times (x 74B)
Class kotlin.reflect.jvm.internal.impl.storage.LockBasedStorageManager$CacheWithNullableValuesBasedOnMemoizedFunction$1: loaded 2 times (x 76B)
Class kotlin.reflect.jvm.internal.impl.load.java.AnnotationTypeQualifierResolver      : loaded 2 times (x 72B)
Class kotlin.reflect.jvm.internal.impl.descriptors.DeclarationDescriptor              : loaded 2 times (x 70B)
Class kotlin.reflect.jvm.internal.impl.storage.LockBasedStorageManager                : loaded 2 times (x 95B)
Class org.jetbrains.kotlin.cli.common.arguments.CommonCompilerArgumentsConfigurator   : loaded 2 times (x 74B)
Class com.google.common.cache.LocalCache$AbstractReferenceEntry                       : loaded 2 times (x 107B)
Class org.gradle.internal.IoActions                                                   : loaded 2 times (x 71B)
Class com.google.common.base.Enums                                                    : loaded 2 times (x 71B)
Class kotlin.reflect.jvm.internal.impl.builtins.jvm.JvmBuiltInsPackageFragmentProvider: loaded 2 times (x 85B)
Class kotlin.annotation.MustBeDocumented                                              : loaded 2 times (x 70B)
Class [Lkotlin.reflect.jvm.internal.impl.name.ClassId;                                : loaded 2 times (x 69B)
Class kotlin.reflect.jvm.internal.impl.load.kotlin.KotlinClassFinder$Result           : loaded 2 times (x 71B)
Class kotlin.reflect.jvm.internal.impl.resolve.OverridingUtilTypeSystemContext        : loaded 2 times (x 169B)
Class kotlin.reflect.jvm.internal.KClassImpl$Data$$Lambda$17                          : loaded 2 times (x 76B)
Class kotlin.reflect.jvm.internal.impl.resolve.OverridingUtil$8                       : loaded 2 times (x 71B)
Class kotlin.io.LinesSequence                                                         : loaded 2 times (x 75B)
Class org.objectweb.asm.ClassVisitor                                                  : loaded 2 times (x 88B)
Class kotlin.reflect.jvm.internal.impl.descriptors.java.JavaVisibilities$PackageVisibility: loaded 2 times (x 75B)
Class kotlin.reflect.jvm.internal.impl.metadata.builtins.BuiltInsBinaryVersion$Companion: loaded 2 times (x 71B)
Class kotlin.reflect.jvm.internal.impl.load.java.lazy.descriptors.LazyJavaPackageScope$FindClassRequest: loaded 2 times (x 72B)
Class kotlin.reflect.jvm.internal.impl.resolve.scopes.LazyScopeAdapter                : loaded 2 times (x 94B)
Class kotlin.reflect.jvm.internal.impl.descriptors.DescriptorVisibilities$12          : loaded 2 times (x 74B)
Class kotlin.reflect.jvm.internal.impl.renderer.DescriptorRendererModifier$Companion  : loaded 2 times (x 71B)
Class kotlin.reflect.jvm.internal.impl.descriptors.SourceElement$1                    : loaded 2 times (x 74B)
Class kotlin.reflect.jvm.internal.impl.load.kotlin.DeserializationComponentsForJavaKt$makeLazyJavaPackageFragmentProvider$javaResolverComponents$1: loaded 2 times (x 74B)
Class kotlin.reflect.jvm.internal.impl.descriptors.annotations.Annotations$Companion  : loaded 2 times (x 71B)
Class org.jetbrains.org.objectweb.asm.Attribute                                       : loaded 2 times (x 75B)
Class org.jetbrains.org.objectweb.asm.Label                                           : loaded 2 times (x 72B)
Class org.jetbrains.kotlin.build.report.metrics.LOAD_CONTENTS_OF_CLASSES              : loaded 2 times (x 72B)
Class com.google.common.collect.ImmutableRangeSet$ComplementRanges                    : loaded 2 times (x 207B)
Class org.objectweb.asm.SymbolTable                                                   : loaded 2 times (x 72B)
Class com.google.common.cache.CacheLoader$InvalidCacheLoadException                   : loaded 2 times (x 82B)
Class [Lorg.objectweb.asm.Symbol;                                                     : loaded 2 times (x 69B)
Class kotlin.coroutines.intrinsics.IntrinsicsKt                                       : loaded 2 times (x 71B)
Class kotlin.reflect.jvm.internal.impl.storage.CacheWithNullableValues                : loaded 2 times (x 70B)
Class kotlin.reflect.jvm.internal.impl.storage.SimpleLock$Companion                   : loaded 2 times (x 71B)
Class kotlin.reflect.jvm.internal.impl.builtins.ReflectionTypes                       : loaded 2 times (x 72B)
Class kotlin.reflect.jvm.internal.impl.resolve.constants.ByteValue                    : loaded 2 times (x 74B)
Class kotlin.reflect.jvm.internal.impl.resolve.constants.LongValue                    : loaded 2 times (x 74B)
Class org.jetbrains.kotlin.cli.common.ExitCode                                        : loaded 2 times (x 79B)
Class kotlin.text.MatcherMatchResult$groups$1                                         : loaded 2 times (x 151B)
Class org.jetbrains.kotlin.compilerRunner.ArgumentsToStrings                          : loaded 2 times (x 71B)
Class kotlin.reflect.jvm.internal.impl.types.DisjointKeysUnionTypeSubstitution$Companion: loaded 2 times (x 71B)
Class kotlin.reflect.jvm.internal.impl.load.java.lazy.descriptors.LazyJavaClassDescriptor$Companion: loaded 2 times (x 71B)
Class kotlin.reflect.jvm.internal.impl.descriptors.impl.ClassConstructorDescriptorImpl: loaded 2 times (x 216B)
Class kotlin.reflect.jvm.internal.impl.resolve.scopes.MemberScopeImpl                 : loaded 2 times (x 92B)
Class kotlin.reflect.jvm.internal.impl.resolve.constants.UShortValue                  : loaded 2 times (x 74B)
Class kotlin.reflect.jvm.internal.impl.types.checker.KotlinTypeRefiner$Default        : loaded 2 times (x 79B)
Class org.jetbrains.org.objectweb.asm.Frame                                           : loaded 2 times (x 73B)
Class org.jetbrains.kotlin.build.report.metrics.SNAPSHOT_CLASSES                      : loaded 2 times (x 72B)
Class com.google.common.cache.LocalCache$StrongEntry                                  : loaded 2 times (x 108B)
Class com.google.common.util.concurrent.AbstractFuture$TrustedFuture                  : loaded 2 times (x 114B)
Class com.google.common.cache.LoadingCache                                            : loaded 2 times (x 70B)
Class kotlin.coroutines.intrinsics.CoroutineSingletons                                : loaded 2 times (x 79B)
Class kotlin.reflect.jvm.internal.impl.descriptors.ClassOrPackageFragmentDescriptor   : loaded 2 times (x 70B)
Class kotlin.reflect.jvm.internal.impl.util.ModuleVisibilityHelper                    : loaded 2 times (x 70B)
Class kotlin.reflect.jvm.internal.impl.protobuf.AbstractParser                        : loaded 2 times (x 87B)
Class kotlin.reflect.jvm.internal.impl.serialization.deserialization.ProtoEnumFlagsUtilsKt$WhenMappings: loaded 2 times (x 71B)
Class kotlin.reflect.jvm.internal.impl.descriptors.ScopesHolderForClass               : loaded 2 times (x 72B)
Class kotlin.reflect.jvm.internal.impl.types.DescriptorSubstitutor                    : loaded 2 times (x 71B)
Class kotlin.reflect.jvm.internal.impl.types.DefinitelyNotNullType                    : loaded 2 times (x 98B)
Class kotlin.reflect.jvm.internal.impl.load.java.structure.JavaClassifier             : loaded 2 times (x 70B)
Class kotlin.reflect.jvm.internal.impl.load.java.lazy.ContextKt                       : loaded 2 times (x 71B)
Class kotlin.reflect.jvm.internal.impl.metadata.ProtoBuf$Annotation$Argument$Value$1  : loaded 2 times (x 87B)
Class kotlin.reflect.jvm.internal.impl.renderer.DescriptorRendererImpl$RenderDeclarationDescriptorVisitor: loaded 2 times (x 87B)
Class org.objectweb.asm.MethodWriter                                                  : loaded 2 times (x 106B)
Class [Lcom.google.common.cache.Weigher;                                              : loaded 2 times (x 69B)
Class kotlin.reflect.jvm.internal.impl.load.java.typeEnhancement.TypeEnhancementUtilsKt: loaded 2 times (x 71B)
Class kotlin.reflect.jvm.internal.impl.descriptors.impl.AbstractTypeParameterDescriptor: loaded 2 times (x 124B)
Class kotlin.sequences.SequenceBuilderIterator                                        : loaded 2 times (x 85B)
Class kotlin.reflect.jvm.internal.impl.resolve.scopes.SubstitutingScope               : loaded 2 times (x 85B)
Class kotlin.reflect.jvm.internal.impl.resolve.OverridingUtil$7                       : loaded 2 times (x 75B)
Class org.jetbrains.kotlin.build.report.metrics.COMPILE_ITERATION                     : loaded 2 times (x 72B)
Class org.jetbrains.kotlin.cli.common.CompilerSystemProperties$Companion              : loaded 2 times (x 71B)
Class kotlin.reflect.jvm.ReflectJvmMapping                                            : loaded 2 times (x 71B)
Class kotlin.reflect.jvm.internal.impl.load.java.PropertiesConventionUtilKt           : loaded 2 times (x 71B)
Class kotlin.reflect.jvm.internal.impl.types.TypeProjectionBase                       : loaded 2 times (x 81B)
Class kotlin.reflect.jvm.internal.impl.load.java.typeEnhancement.NullabilityQualifier : loaded 2 times (x 79B)
Class kotlin.reflect.jvm.internal.impl.metadata.ProtoBuf$Modality                     : loaded 2 times (x 82B)
Class kotlin.reflect.jvm.internal.impl.protobuf.WireFormat                            : loaded 2 times (x 71B)
Class [Lkotlin.reflect.jvm.internal.impl.descriptors.ModuleDescriptor;                : loaded 2 times (x 69B)
Class kotlin.reflect.jvm.internal.impl.metadata.ProtoBuf$TypeParameterOrBuilder       : loaded 2 times (x 70B)
Class kotlin.reflect.jvm.internal.impl.protobuf.ExtensionRegistryLite                 : loaded 2 times (x 73B)
Class kotlin.reflect.jvm.internal.impl.storage.LockBasedStorageManager$LockBasedNotNullLazyValueWithPostCompute: loaded 2 times (x 85B)
Class kotlin.reflect.jvm.internal.impl.resolve.scopes.ResolutionScope                 : loaded 2 times (x 70B)
Class kotlin.reflect.jvm.internal.impl.serialization.deserialization.ClassDataFinder  : loaded 2 times (x 70B)
Class kotlin.reflect.jvm.internal.impl.load.java.lazy.TypeParameterResolver           : loaded 2 times (x 70B)
Class kotlin.collections.builders.ListBuilder$Itr                                     : loaded 2 times (x 94B)
Class kotlin.reflect.jvm.internal.impl.serialization.deserialization.KotlinMetadataFinder: loaded 2 times (x 70B)
Class kotlin.reflect.jvm.internal.impl.protobuf.InvalidProtocolBufferException        : loaded 2 times (x 84B)
Class kotlin.reflect.jvm.internal.impl.types.TypeConstructorSubstitution              : loaded 2 times (x 78B)
Class kotlin.reflect.jvm.internal.impl.descriptors.impl.DeclarationDescriptorVisitorEmptyBodies: loaded 2 times (x 101B)
Class kotlin.reflect.jvm.internal.impl.descriptors.runtime.structure.ReflectJavaElement: loaded 2 times (x 71B)
Class kotlin.reflect.jvm.internal.impl.storage.SimpleLock                             : loaded 2 times (x 70B)
Class kotlin.reflect.full.KClasses                                                    : loaded 2 times (x 71B)
Class org.jetbrains.kotlin.gradle.plugin.KotlinBasePlugin                             : loaded 2 times (x 70B)
Class com.google.common.cache.LocalCache$ValueReference                               : loaded 2 times (x 70B)
Class com.google.common.base.CharMatcher$Is                                           : loaded 2 times (x 111B)
Class com.google.common.base.CharMatcher$Negated                                      : loaded 2 times (x 113B)
Class [Lkotlin.reflect.jvm.internal.impl.descriptors.impl.ModuleDescriptorImpl;       : loaded 2 times (x 69B)
Class [Lkotlin.reflect.jvm.internal.impl.incremental.components.LookupLocation;       : loaded 2 times (x 69B)
Class kotlin.reflect.jvm.internal.impl.descriptors.runtime.components.ReflectKotlinClassKt: loaded 2 times (x 71B)
Class kotlin.reflect.jvm.internal.impl.protobuf.BoundedByteString                     : loaded 2 times (x 102B)
Class kotlin.reflect.jvm.internal.impl.resolve.OverridingUtil$6                       : loaded 2 times (x 74B)
Class org.jetbrains.kotlin.cli.common.arguments.ArgumentField                         : loaded 2 times (x 72B)
Class kotlin.reflect.jvm.internal.calls.CallerImpl$Method                             : loaded 2 times (x 81B)
Class kotlin.reflect.jvm.internal.JvmFunctionSignature                                : loaded 2 times (x 72B)
Class kotlin.reflect.jvm.internal.impl.metadata.jvm.deserialization.JvmMemberSignature$Method: loaded 2 times (x 75B)
Class kotlin.reflect.jvm.internal.impl.serialization.deserialization.descriptors.DeserializedMemberDescriptor: loaded 2 times (x 70B)
Class [Lkotlin.reflect.jvm.internal.impl.resolve.scopes.ResolutionScope;              : loaded 2 times (x 69B)
Class kotlin.reflect.jvm.internal.impl.protobuf.WireFormat$JavaType                   : loaded 2 times (x 79B)
Class kotlin.reflect.jvm.internal.impl.types.AbstractTypeConstructor                  : loaded 2 times (x 96B)
Class kotlin.reflect.jvm.internal.impl.renderer.RenderingUtilsKt                      : loaded 2 times (x 71B)
Class kotlin.reflect.jvm.internal.impl.renderer.ParameterNameRenderingPolicy          : loaded 2 times (x 79B)
Class kotlin.reflect.jvm.internal.impl.descriptors.FunctionDescriptor                 : loaded 2 times (x 70B)
Class kotlin.reflect.jvm.internal.impl.descriptors.impl.PackageViewDescriptorFactory$Default: loaded 2 times (x 74B)
Class org.jetbrains.kotlin.cli.common.arguments.CommonToolArguments                   : loaded 2 times (x 73B)
Class org.jetbrains.kotlin.com.intellij.openapi.diagnostic.Attachment                 : loaded 2 times (x 72B)
Class [Lorg.jetbrains.org.objectweb.asm.AnnotationVisitor;                            : loaded 2 times (x 69B)
Class org.jetbrains.kotlin.gradle.plugin.KotlinAndroidPluginWrapper                   : loaded 2 times (x 86B)
Class com.google.common.util.concurrent.AbstractFuture$Failure                        : loaded 2 times (x 72B)
Class kotlin.coroutines.EmptyCoroutineContext                                         : loaded 2 times (x 77B)
Class com.google.common.util.concurrent.ExecutionError                                : loaded 2 times (x 82B)
Class com.google.common.collect.ImmutableBiMap$SerializedForm                         : loaded 2 times (x 75B)
Class kotlin.reflect.jvm.internal.CacheByClassKt                                      : loaded 2 times (x 71B)
Class kotlin.reflect.jvm.internal.impl.metadata.ProtoBuf$TypeParameter$1              : loaded 2 times (x 87B)
Class [Lkotlin.reflect.jvm.internal.impl.descriptors.annotations.AnnotatedImpl;       : loaded 2 times (x 69B)
Class kotlin.reflect.jvm.internal.impl.load.java.BuiltinSpecialPropertiesKt           : loaded 2 times (x 71B)
Class [Lkotlin.reflect.jvm.internal.impl.descriptors.ClassifierDescriptor;            : loaded 2 times (x 69B)
Class kotlin.reflect.jvm.internal.impl.serialization.deserialization.ProtoContainer$Class: loaded 2 times (x 74B)
Class [Lkotlin.reflect.jvm.internal.impl.types.Variance;                              : loaded 2 times (x 69B)
Class kotlin.reflect.jvm.internal.impl.metadata.ProtoBuf$Type$Argument$Projection     : loaded 2 times (x 82B)
Class kotlin.reflect.jvm.internal.impl.metadata.ProtoBuf$Annotation$Argument$Value$Type$1: loaded 2 times (x 74B)
Class kotlin.reflect.jvm.internal.impl.metadata.jvm.JvmProtoBuf$JvmMethodSignature    : loaded 2 times (x 96B)
Class kotlin.reflect.jvm.internal.impl.descriptors.DescriptorVisibilities$1           : loaded 2 times (x 76B)
Class kotlin.reflect.jvm.internal.impl.descriptors.impl.DeclarationDescriptorNonRootImpl: loaded 2 times (x 96B)
Class kotlin.reflect.jvm.internal.impl.utils.WrappedValues$WrappedProcessCanceledException: loaded 2 times (x 82B)
Class com.google.common.base.Joiner$1                                                 : loaded 2 times (x 80B)
Class org.objectweb.asm.Label                                                         : loaded 2 times (x 73B)
Class org.objectweb.asm.CurrentFrame                                                  : loaded 2 times (x 73B)
Class org.objectweb.asm.ClassTooLargeException                                        : loaded 2 times (x 83B)
Class com.google.common.base.CharMatcher                                              : loaded 2 times (x 111B)
Class kotlin.reflect.jvm.internal.impl.metadata.ProtoBuf$Class$Kind                   : loaded 2 times (x 82B)
Class kotlin.reflect.jvm.internal.impl.serialization.deserialization.ProtoContainer   : loaded 2 times (x 73B)
Class org.jetbrains.kotlin.incremental.ClasspathChanges$ClasspathSnapshotEnabled      : loaded 2 times (x 72B)
Class kotlin.reflect.jvm.internal.impl.load.java.descriptors.JavaClassDescriptor      : loaded 2 times (x 70B)
Class kotlin.reflect.jvm.internal.impl.metadata.ProtoBuf$Type$Argument$Projection$1   : loaded 2 times (x 74B)
Class kotlin.reflect.jvm.internal.impl.load.java.lazy.descriptors.JvmPackageScope     : loaded 2 times (x 85B)
Class kotlin.reflect.jvm.internal.impl.serialization.deserialization.AbstractDeserializedPackageFragmentProvider: loaded 2 times (x 85B)
Class kotlin.reflect.jvm.internal.impl.descriptors.Visibilities$Internal              : loaded 2 times (x 75B)
Class kotlin.reflect.jvm.internal.impl.descriptors.DescriptorVisibilities$2           : loaded 2 times (x 76B)
Class kotlin.InitializedLazyImpl                                                      : loaded 2 times (x 76B)
Class kotlin.reflect.jvm.internal.impl.load.kotlin.DeserializedDescriptorResolver     : loaded 2 times (x 72B)
Class kotlin.reflect.jvm.internal.impl.descriptors.impl.ModuleDescriptorImpl          : loaded 2 times (x 97B)
Class kotlin.reflect.jvm.internal.impl.types.model.KotlinTypeMarker                   : loaded 2 times (x 70B)
Class org.jetbrains.org.objectweb.asm.RecordComponentWriter                           : loaded 2 times (x 78B)
Class com.google.common.collect.RangeGwtSerializationDependencies                     : loaded 2 times (x 71B)
Class com.google.common.base.Joiner$2                                                 : loaded 2 times (x 79B)
Class org.objectweb.asm.Frame                                                         : loaded 2 times (x 73B)
Class org.objectweb.asm.MethodVisitor                                                 : loaded 2 times (x 105B)
Class com.google.common.cache.LocalCache$EntryFactory$1                               : loaded 2 times (x 83B)
Class [Lcom.google.common.cache.RemovalListener;                                      : loaded 2 times (x 69B)
Class com.google.common.base.CharMatcher$1                                            : loaded 2 times (x 113B)
Class com.google.common.base.CharMatcher$NamedFastMatcher                             : loaded 2 times (x 112B)
Class kotlin.reflect.jvm.internal.impl.resolve.NonReportingOverrideStrategy           : loaded 2 times (x 76B)
Class kotlin.reflect.jvm.internal.impl.resolve.OverridingUtil$5                       : loaded 2 times (x 75B)
Class kotlin.reflect.jvm.internal.CachesKt                                            : loaded 2 times (x 71B)
Class com.google.common.collect.AbstractMapBasedMultimap$WrappedCollection            : loaded 2 times (x 124B)
Class kotlin.reflect.jvm.internal.impl.descriptors.TypeParameterDescriptor            : loaded 2 times (x 70B)
Class kotlin.reflect.jvm.internal.impl.descriptors.runtime.structure.ReflectJavaClass$methods$2: loaded 2 times (x 129B)
Class kotlin.reflect.jvm.internal.impl.metadata.deserialization.NameResolverImpl$WhenMappings: loaded 2 times (x 71B)
Class kotlin.reflect.jvm.internal.impl.serialization.deserialization.DeserializedPackageFragment: loaded 2 times (x 108B)
Class kotlin.reflect.jvm.internal.impl.load.java.lazy.descriptors.LazyJavaPackageFragment: loaded 2 times (x 105B)
Class kotlin.reflect.jvm.internal.impl.metadata.ProtoBuf$ContractOrBuilder            : loaded 2 times (x 70B)
Class kotlin.reflect.jvm.internal.impl.protobuf.GeneratedMessageLite$ExtendableMessageOrBuilder: loaded 2 times (x 70B)
Class kotlin.reflect.jvm.internal.impl.descriptors.DescriptorVisibilities$3           : loaded 2 times (x 76B)
Class [Lkotlin.reflect.jvm.internal.impl.renderer.RenderingFormat;                    : loaded 2 times (x 69B)
Class kotlin.reflect.jvm.internal.impl.storage.LockBasedStorageManager$1              : loaded 2 times (x 95B)
Class org.jetbrains.org.objectweb.asm.MethodWriter                                    : loaded 2 times (x 106B)
Class com.google.common.collect.RangeSet                                              : loaded 2 times (x 70B)
Class com.google.common.cache.LocalCache$EntryFactory$2                               : loaded 2 times (x 83B)
Class org.gradle.internal.classloader.ClassLoaderHierarchy                            : loaded 2 times (x 70B)
Class com.google.common.base.CharMatcher$IsEither                                     : loaded 2 times (x 111B)
Class org.jetbrains.kotlin.gradle.plugin.KotlinPlatformType$Companion                 : loaded 2 times (x 71B)
Class [Lkotlin.reflect.jvm.internal.impl.protobuf.Internal$EnumLite;                  : loaded 2 times (x 69B)
Class kotlin.reflect.jvm.internal.impl.load.kotlin.header.ReadKotlinClassHeaderAnnotationVisitor: loaded 2 times (x 79B)
Class kotlin.reflect.jvm.internal.impl.metadata.ProtoBuf$Visibility$1                 : loaded 2 times (x 74B)
Class org.jetbrains.kotlin.incremental.ClasspathSnapshotFiles                         : loaded 2 times (x 72B)
Class kotlin.reflect.jvm.internal.UtilKt                                              : loaded 2 times (x 71B)
Class kotlin.reflect.jvm.internal.impl.load.java.BuiltinMethodsWithSpecialGenericSignature: loaded 2 times (x 71B)
Class kotlin.reflect.jvm.internal.impl.serialization.deserialization.descriptors.DeserializedSimpleFunctionDescriptor: loaded 2 times (x 211B)
Class kotlin.reflect.jvm.internal.impl.descriptors.impl.AbstractTypeParameterDescriptor$1: loaded 2 times (x 77B)
Class kotlin.reflect.jvm.internal.impl.serialization.deserialization.builtins.BuiltInsPackageFragmentImpl$Companion: loaded 2 times (x 71B)
Class kotlin.reflect.jvm.internal.impl.metadata.deserialization.VersionRequirementTable$Companion: loaded 2 times (x 71B)
Class kotlin.reflect.jvm.internal.impl.protobuf.SmallSortedMap$Entry                  : loaded 2 times (x 88B)
Class kotlin.reflect.jvm.internal.impl.resolve.jvm.JvmClassName                       : loaded 2 times (x 75B)
Class kotlin.reflect.jvm.internal.impl.metadata.ProtoBuf$Package$1                    : loaded 2 times (x 87B)
Class kotlin.reflect.jvm.internal.impl.descriptors.DescriptorVisibilities$4           : loaded 2 times (x 76B)
Class [Lkotlin.reflect.jvm.internal.impl.descriptors.CallableMemberDescriptor$Kind;   : loaded 2 times (x 69B)
Class kotlin.reflect.jvm.internal.impl.types.checker.KotlinTypeRefinerKt              : loaded 2 times (x 71B)
Class kotlin.reflect.jvm.internal.impl.descriptors.ClassDescriptor                    : loaded 2 times (x 70B)
Class kotlin.reflect.jvm.internal.impl.load.kotlin.PackagePartProvider                : loaded 2 times (x 70B)
Class kotlin.TypeCastException                                                        : loaded 2 times (x 82B)
Class org.jetbrains.kotlin.build.report.metrics.BuildTimeMetric                       : loaded 2 times (x 72B)
Class com.google.common.collect.CollectCollectors                                     : loaded 2 times (x 71B)
Class org.objectweb.asm.ModuleWriter                                                  : loaded 2 times (x 82B)
Class com.google.common.cache.LocalCache$EntryFactory$3                               : loaded 2 times (x 83B)
Class com.google.common.base.Ticker$1                                                 : loaded 2 times (x 72B)
Class com.google.common.collect.SetMultimap                                           : loaded 2 times (x 70B)
Class org.jetbrains.kotlin.cli.common.messages.MessageRenderer                        : loaded 2 times (x 70B)
Class kotlin.reflect.jvm.internal.calls.CallerImpl                                    : loaded 2 times (x 81B)
Class org.jetbrains.kotlin.cli.common.arguments.ManualLanguageFeatureSetting          : loaded 2 times (x 72B)
Class kotlin.reflect.jvm.internal.impl.descriptors.impl.AbstractTypeParameterDescriptor$2: loaded 2 times (x 77B)
Class kotlin.reflect.jvm.internal.impl.serialization.deserialization.descriptors.DeserializedTypeParameterDescriptor: loaded 2 times (x 124B)
Class kotlin.reflect.jvm.internal.impl.types.FlexibleType                             : loaded 2 times (x 89B)
Class [Lkotlin.reflect.jvm.internal.impl.metadata.ProtoBuf$QualifiedNameTable$QualifiedName$Kind;: loaded 2 times (x 69B)
Class kotlin.reflect.jvm.internal.impl.serialization.deserialization.descriptors.DeserializedMemberScope: loaded 2 times (x 102B)
Class [Lkotlin.reflect.jvm.internal.impl.metadata.ProtoBuf$Class$Kind;                : loaded 2 times (x 69B)
Class kotlin.reflect.jvm.internal.impl.resolve.scopes.AbstractScopeAdapter            : loaded 2 times (x 93B)
Class kotlin.reflect.jvm.internal.impl.metadata.builtins.BuiltInsProtoBuf             : loaded 2 times (x 71B)
Class kotlin.reflect.jvm.internal.impl.metadata.jvm.JvmProtoBuf$JvmPropertySignature  : loaded 2 times (x 96B)
Class kotlin.reflect.jvm.internal.impl.metadata.ProtoBuf$FunctionOrBuilder            : loaded 2 times (x 70B)
Class kotlin.reflect.jvm.internal.impl.descriptors.DescriptorVisibilities$5           : loaded 2 times (x 76B)
Class kotlin.reflect.jvm.internal.impl.descriptors.Visibilities$PrivateToThis         : loaded 2 times (x 75B)
Class kotlin.reflect.jvm.internal.impl.builtins.ReflectionTypes$ClassLookup           : loaded 2 times (x 71B)
Class kotlin.reflect.jvm.internal.impl.descriptors.SupertypeLoopChecker               : loaded 2 times (x 70B)
Class kotlin.reflect.jvm.internal.impl.resolve.sam.SamConversionResolverImpl          : loaded 2 times (x 72B)
Class [Lkotlin.jvm.functions.Function1;                                               : loaded 2 times (x 69B)
Class org.jetbrains.org.objectweb.asm.RecordComponentVisitor                          : loaded 2 times (x 77B)
Class com.google.common.collect.ImmutableSet$Builder                                  : loaded 2 times (x 85B)
Class com.google.common.cache.LocalCache$EntryFactory$4                               : loaded 2 times (x 83B)
Class com.google.common.base.CharMatcher$InRange                                      : loaded 2 times (x 111B)
Class kotlin.reflect.jvm.internal.impl.descriptors.TypeParameterUtilsKt               : loaded 2 times (x 71B)
Class kotlin.reflect.jvm.internal.impl.protobuf.UnmodifiableLazyStringList            : loaded 2 times (x 258B)
Class kotlin.reflect.jvm.internal.impl.storage.LockBasedStorageManager$4              : loaded 2 times (x 84B)
Class kotlin.reflect.jvm.internal.impl.descriptors.DescriptorVisibilities$6           : loaded 2 times (x 76B)
Class kotlin.reflect.jvm.internal.impl.descriptors.DeclarationDescriptorVisitor       : loaded 2 times (x 70B)
Class kotlin.reflect.jvm.internal.impl.renderer.DescriptorRenderer$ValueParametersHandler$DEFAULT: loaded 2 times (x 77B)
Class kotlin.reflect.jvm.internal.impl.load.java.components.JavaResolverCache$1       : loaded 2 times (x 78B)
Class kotlin.reflect.jvm.internal.impl.storage.CacheWithNotNullValues                 : loaded 2 times (x 70B)
Class org.jetbrains.org.objectweb.asm.MethodTooLargeException                         : loaded 2 times (x 83B)
Class org.jetbrains.org.objectweb.asm.Context                                         : loaded 2 times (x 72B)
Class [Lorg.jetbrains.kotlin.gradle.plugin.KotlinPlatformType;                        : loaded 2 times (x 69B)
Class com.google.common.cache.LocalCache$EntryFactory$5                               : loaded 2 times (x 83B)
Class kotlin.reflect.jvm.internal.impl.resolve.scopes.MemberScope$Companion           : loaded 2 times (x 71B)
Class kotlin.reflect.jvm.internal.impl.types.AbstractTypeConstructor$Supertypes       : loaded 2 times (x 72B)
Class com.google.common.collect.HashMultimap                                          : loaded 2 times (x 174B)
Class kotlin.reflect.jvm.internal.impl.types.TypeSystemCommonBackendContext           : loaded 2 times (x 70B)
Class kotlin.reflect.jvm.internal.impl.load.java.typeEnhancement.MutabilityQualifier  : loaded 2 times (x 79B)
Class kotlin.reflect.jvm.internal.impl.descriptors.runtime.structure.ReflectJavaAnnotationOwner: loaded 2 times (x 70B)
Class kotlin.reflect.jvm.internal.impl.protobuf.UninitializedMessageException         : loaded 2 times (x 83B)
Class kotlin.reflect.jvm.internal.impl.serialization.deserialization.builtins.BuiltInSerializerProtocol: loaded 2 times (x 72B)
Class kotlin.reflect.jvm.internal.impl.metadata.ProtoBuf$TypeOrBuilder                : loaded 2 times (x 70B)
Class kotlin.reflect.jvm.internal.impl.descriptors.Visibilities$InvisibleFake         : loaded 2 times (x 75B)
Class kotlin.reflect.jvm.internal.impl.descriptors.DescriptorVisibilities$7           : loaded 2 times (x 76B)
Class kotlin.reflect.jvm.internal.impl.storage.LockBasedStorageManager$5              : loaded 2 times (x 85B)
Class kotlin.reflect.jvm.internal.impl.builtins.jvm.JavaToKotlinClassMapper           : loaded 2 times (x 71B)
Class kotlin.reflect.jvm.internal.impl.load.java.components.JavaPropertyInitializerEvaluator: loaded 2 times (x 70B)
Class kotlin.reflect.jvm.internal.impl.load.java.JavaNullabilityAnnotationSettingsKt  : loaded 2 times (x 71B)
Class kotlin.reflect.jvm.internal.impl.load.java.lazy.SingleModuleClassResolver       : loaded 2 times (x 75B)
Class kotlin.reflect.jvm.internal.impl.descriptors.impl.PackageViewDescriptorFactory$Companion: loaded 2 times (x 71B)
Class org.jetbrains.org.objectweb.asm.CurrentFrame                                    : loaded 2 times (x 73B)
Class org.apache.commons.io.output.AppendableWriter                                   : loaded 2 times (x 100B)
Class com.google.common.cache.LocalCache$EntryFactory$6                               : loaded 2 times (x 83B)
Class org.gradle.internal.installation.CurrentGradleInstallationLocator               : loaded 2 times (x 71B)
Class kotlin.reflect.jvm.internal.impl.descriptors.ValueParameterDescriptor           : loaded 2 times (x 70B)
Class kotlin.coroutines.jvm.internal.SpillingKt                                       : loaded 2 times (x 71B)
Class [Lkotlin.reflect.jvm.internal.impl.types.model.TypeArgumentMarker;              : loaded 2 times (x 69B)
Class kotlin.reflect.jvm.internal.impl.resolve.OverridingUtil$4                       : loaded 2 times (x 74B)
Class org.jetbrains.kotlin.cli.common.messages.CompilerMessageSeverity$Companion      : loaded 2 times (x 71B)
Class kotlin.reflect.jvm.internal.impl.load.java.typeEnhancement.JavaTypeEnhancement$Result: loaded 2 times (x 72B)
Class [Lkotlin.reflect.jvm.internal.impl.load.java.structure.LightClassOriginKind;    : loaded 2 times (x 69B)
Class kotlin.reflect.jvm.internal.impl.metadata.ProtoBuf$MemberKind$1                 : loaded 2 times (x 74B)
Class kotlin.reflect.jvm.internal.impl.serialization.deserialization.ClassData        : loaded 2 times (x 72B)
Class kotlin.reflect.jvm.internal.impl.builtins.jvm.JvmBuiltInsPackageFragmentProvider$Companion: loaded 2 times (x 71B)
Class kotlin.reflect.jvm.internal.impl.descriptors.DescriptorVisibilities$8           : loaded 2 times (x 76B)
Class kotlin.reflect.jvm.internal.impl.types.TypeUtils$SpecialType                    : loaded 2 times (x 93B)
Class [Lkotlin.reflect.jvm.internal.impl.descriptors.Modality;                        : loaded 2 times (x 69B)
Class kotlin.reflect.jvm.internal.impl.serialization.deserialization.LocalClassifierTypeSettings$Default: loaded 2 times (x 74B)
Class kotlin.reflect.jvm.internal.impl.descriptors.PropertyAccessorDescriptor         : loaded 2 times (x 70B)
Class kotlin.reflect.jvm.internal.impl.resolve.OverridingUtil                         : loaded 2 times (x 76B)
Class kotlin.reflect.jvm.internal.impl.types.checker.KotlinTypePreparator             : loaded 2 times (x 73B)
Class kotlin.reflect.jvm.internal.impl.load.java.lazy.JavaResolverSettings            : loaded 2 times (x 70B)
Class kotlin.reflect.jvm.internal.impl.descriptors.NotFoundClasses                    : loaded 2 times (x 72B)
Class kotlin.reflect.jvm.internal.impl.types.SimpleType                               : loaded 2 times (x 88B)
Class org.objectweb.asm.ClassReader                                                   : loaded 2 times (x 94B)
Class org.apache.commons.io.output.ThresholdingOutputStream                           : loaded 2 times (x 95B)
Class org.jetbrains.kotlin.gradle.plugin.AbstractKotlinJsPluginWrapper                : loaded 2 times (x 86B)
Class com.google.common.collect.ImmutableSet$EmptySetBuilderImpl                      : loaded 2 times (x 76B)
Class com.google.common.cache.LocalCache$EntryFactory$7                               : loaded 2 times (x 83B)
Class settings_bmpq4efggm6dhxantkqaf24d2$_run_closure1                                : loaded 2 times (x 139B)
Class org.gradle.internal.service.DefaultServiceLocator                               : loaded 2 times (x 83B)
Class kotlin.coroutines.jvm.internal.SuspendFunction                                  : loaded 2 times (x 70B)
Class kotlin.reflect.jvm.internal.impl.load.java.SpecialGenericSignatures             : loaded 2 times (x 71B)
Class kotlin.reflect.jvm.internal.impl.load.java.DescriptorsJvmAbiUtil                : loaded 2 times (x 71B)
Class kotlin.text.LinesIterator                                                       : loaded 2 times (x 79B)
Class org.gradle.internal.classloader.FilteringClassLoader                            : loaded 2 times (x 105B)
Class org.jetbrains.kotlin.util.capitalizeDecapitalize.CapitalizeDecapitalizeKt       : loaded 2 times (x 71B)
Class [Lkotlin.reflect.jvm.internal.impl.types.TypeProjection;                        : loaded 2 times (x 69B)
Class kotlin.reflect.jvm.internal.impl.descriptors.runtime.structure.ReflectJavaClass$fields$1: loaded 2 times (x 129B)
Class kotlin.reflect.jvm.internal.impl.descriptors.NotFoundClasses$MockClassDescriptor: loaded 2 times (x 175B)
Class kotlin.reflect.jvm.internal.impl.load.java.lazy.descriptors.LazyJavaPackageScope$KotlinClassLookupResult: loaded 2 times (x 71B)
Class kotlin.reflect.jvm.internal.impl.types.Variance                                 : loaded 2 times (x 80B)
Class kotlin.reflect.jvm.internal.impl.metadata.ProtoBuf$Class                        : loaded 2 times (x 102B)
Class kotlin.reflect.jvm.internal.impl.descriptors.DescriptorVisibilities$9           : loaded 2 times (x 76B)
Class kotlin.reflect.jvm.internal.impl.descriptors.ClassKind                          : loaded 2 times (x 79B)
Class kotlin.properties.ObservableProperty                                            : loaded 2 times (x 83B)
Class kotlin.reflect.jvm.internal.impl.serialization.deserialization.ContractDeserializer$Companion: loaded 2 times (x 71B)
Class kotlin.reflect.jvm.internal.impl.resolve.constants.UIntValue                    : loaded 2 times (x 74B)
Class [Lkotlin.reflect.jvm.internal.impl.load.java.lazy.types.JavaTypeFlexibility;    : loaded 2 times (x 69B)
Class kotlin.reflect.jvm.internal.impl.load.java.Jsr305Settings                       : loaded 2 times (x 72B)
Class org.jetbrains.org.objectweb.asm.SymbolTable                                     : loaded 2 times (x 72B)
Class com.google.common.cache.LocalCache$EntryFactory$8                               : loaded 2 times (x 83B)
Class org.gradle.internal.installation.CurrentGradleInstallation                      : loaded 2 times (x 73B)
Class kotlin.jvm.internal.StringCompanionObject                                       : loaded 2 times (x 71B)
Class kotlin.coroutines.intrinsics.IntrinsicsKt__IntrinsicsJvmKt                      : loaded 2 times (x 71B)
Class kotlin.coroutines.jvm.internal.CoroutineStackFrame                              : loaded 2 times (x 70B)
Class kotlin.reflect.jvm.internal.impl.metadata.ProtoBuf$Property$1                   : loaded 2 times (x 87B)
Class kotlin.reflect.jvm.internal.impl.protobuf.FieldSet$1                            : loaded 2 times (x 71B)
Class kotlin.reflect.jvm.internal.calls.CallerKt                                      : loaded 2 times (x 71B)
Class kotlin.reflect.jvm.internal.impl.types.model.TypeSystemOptimizationContext      : loaded 2 times (x 70B)
Class kotlin.reflect.jvm.internal.impl.types.model.DefinitelyNotNullTypeMarker        : loaded 2 times (x 70B)
Class [Lkotlin.reflect.jvm.internal.impl.load.java.typeEnhancement.JavaTypeQualifiers;: loaded 2 times (x 69B)
Class kotlin.reflect.jvm.internal.impl.descriptors.runtime.structure.ReflectJavaClass$fields$2: loaded 2 times (x 129B)
Class kotlin.reflect.jvm.internal.impl.metadata.ProtoBuf$StringTable                  : loaded 2 times (x 96B)
Class kotlin.reflect.jvm.internal.impl.serialization.deserialization.descriptors.DeserializedMemberScope$OptimizedImplementation: loaded 2 times (x 81B)
Class kotlin.reflect.jvm.internal.impl.metadata.jvm.JvmProtoBuf$JvmPropertySignature$1: loaded 2 times (x 87B)
Class kotlin.reflect.jvm.internal.impl.storage.LockBasedStorageManager$LockBasedLazyValueWithPostCompute: loaded 2 times (x 82B)
Class kotlin.reflect.jvm.internal.impl.types.TypeConstructor                          : loaded 2 times (x 70B)
Class kotlin.reflect.jvm.internal.impl.resolve.constants.IntValue                     : loaded 2 times (x 74B)
Class kotlin.reflect.jvm.internal.impl.descriptors.MemberDescriptor                   : loaded 2 times (x 70B)
Class org.jetbrains.org.objectweb.asm.ModuleWriter                                    : loaded 2 times (x 82B)
Class org.objectweb.asm.Opcodes                                                       : loaded 2 times (x 70B)
Class com.google.common.cache.CacheLoader$1                                           : loaded 2 times (x 75B)
Class org.gradle.util.internal.GUtil                                                  : loaded 2 times (x 71B)
Class kotlin.reflect.jvm.internal.impl.serialization.deserialization.descriptors.DeserializedClassDescriptor$DeserializedClassMemberScope: loaded 2 times (x 102B)
Class kotlin.reflect.jvm.internal.impl.resolve.scopes.DescriptorKindFilter$Companion  : loaded 2 times (x 71B)
Class kotlin.reflect.jvm.internal.impl.metadata.ProtoBuf$PackageFragment              : loaded 2 times (x 102B)
Class kotlin.reflect.jvm.internal.impl.metadata.deserialization.ProtoBufUtilKt        : loaded 2 times (x 71B)
Class kotlin.reflect.jvm.internal.impl.builtins.jvm.CloneableClassScope$Companion     : loaded 2 times (x 71B)
Class kotlin.reflect.jvm.internal.impl.metadata.jvm.JvmProtoBuf$StringTableTypesOrBuilder: loaded 2 times (x 70B)
Class kotlin.reflect.jvm.internal.impl.descriptors.runtime.components.ReflectClassStructure: loaded 2 times (x 71B)
Class kotlin.reflect.jvm.internal.impl.incremental.components.NoLookupLocation        : loaded 2 times (x 82B)
Class kotlin.reflect.jvm.internal.impl.resolve.DescriptorUtils                        : loaded 2 times (x 71B)
Class kotlin.reflect.jvm.internal.impl.load.java.JavaIncompatibilityRulesOverridabilityCondition$Companion: loaded 2 times (x 71B)
Class kotlin.reflect.jvm.internal.impl.load.java.JavaIncompatibilityRulesOverridabilityCondition: loaded 2 times (x 75B)
Class kotlin.reflect.jvm.internal.impl.types.checker.NewKotlinTypeCheckerImpl         : loaded 2 times (x 80B)
Class [Lkotlin.reflect.jvm.internal.impl.builtins.jvm.JvmBuiltIns$Kind;               : loaded 2 times (x 69B)
Class [Lorg.jetbrains.org.objectweb.asm.Label;                                        : loaded 2 times (x 69B)
Class com.google.common.cache.AbstractCache$StatsCounter                              : loaded 2 times (x 70B)
Class build_5rwq4r623auwaeu7mfkj97m6v$_run_closure1                                   : loaded 2 times (x 139B)
Class kotlin.reflect.jvm.internal.impl.load.java.components.DescriptorResolverUtils   : loaded 2 times (x 71B)
Class kotlin.coroutines.CoroutineContext                                              : loaded 2 times (x 70B)
Class kotlin.coroutines.jvm.internal.DebugProbesKt                                    : loaded 2 times (x 71B)
Class kotlin.reflect.jvm.internal.impl.resolve.OverridingUtil$3                       : loaded 2 times (x 75B)
Class kotlin.reflect.jvm.internal.JvmPropertySignature                                : loaded 2 times (x 72B)
Class kotlin.text.MatcherMatchResult                                                  : loaded 2 times (x 80B)
Class kotlin.reflect.jvm.internal.impl.load.java.SpecialGenericSignatures$Companion   : loaded 2 times (x 71B)
Class kotlin.reflect.jvm.internal.impl.types.TypeConstructorSubstitution$Companion$createByConstructorsMap$1: loaded 2 times (x 79B)
Class kotlin.reflect.jvm.internal.impl.load.java.typeEnhancement.TypeComponentPositionKt: loaded 2 times (x 71B)
Class kotlin.reflect.jvm.internal.impl.load.java.lazy.descriptors.LazyJavaClassDescriptor$LazyJavaClassTypeConstructor: loaded 2 times (x 97B)
Class [Lkotlin.reflect.jvm.internal.impl.descriptors.PackageFragmentProvider;         : loaded 2 times (x 69B)
Class kotlin.reflect.jvm.internal.impl.types.AbstractTypePreparator                   : loaded 2 times (x 72B)
Class kotlin.reflect.jvm.internal.impl.metadata.deserialization.BinaryVersion$Companion: loaded 2 times (x 71B)
Class kotlin.reflect.jvm.internal.impl.storage.MemoizedFunctionToNullable             : loaded 2 times (x 70B)
Class kotlin.reflect.jvm.internal.impl.load.java.sources.JavaSourceElementFactory     : loaded 2 times (x 70B)
Class org.objectweb.asm.Context                                                       : loaded 2 times (x 72B)
Class org.gradle.internal.installation.GradleInstallation                             : loaded 2 times (x 75B)
Class kotlin.reflect.jvm.internal.impl.builtins.PrimitiveType$$Lambda$0               : loaded 2 times (x 76B)
Class kotlin.reflect.jvm.internal.impl.types.SpecialTypesKt                           : loaded 2 times (x 71B)
Class kotlin.reflect.jvm.internal.JvmPropertySignature$KotlinProperty                 : loaded 2 times (x 73B)
Class kotlin.reflect.jvm.internal.impl.load.java.components.DescriptorResolverUtils$1$1: loaded 2 times (x 77B)
Class kotlin.reflect.jvm.internal.impl.utils.SmartSet                                 : loaded 2 times (x 136B)
Class kotlin.reflect.jvm.internal.impl.protobuf.GeneratedMessageLite$1                : loaded 2 times (x 71B)
Class kotlin.reflect.jvm.internal.impl.serialization.deserialization.DeserializedClassDataFinder: loaded 2 times (x 75B)
Class kotlin.reflect.jvm.internal.impl.metadata.ProtoBuf$ClassOrBuilder               : loaded 2 times (x 70B)
Class kotlin.reflect.jvm.internal.impl.metadata.ProtoBuf$ValueParameter               : loaded 2 times (x 102B)
Class kotlin.reflect.jvm.internal.impl.protobuf.SmallSortedMap$EmptySet               : loaded 2 times (x 71B)
Class kotlin.reflect.jvm.internal.impl.resolve.OverridingUtil$1                       : loaded 2 times (x 74B)
Class kotlin.reflect.jvm.internal.impl.load.java.lazy.JavaResolverSettings$Default    : loaded 2 times (x 76B)
Class kotlin.reflect.jvm.internal.impl.descriptors.ClassifierDescriptor               : loaded 2 times (x 70B)
Class com.google.common.collect.Iterables                                             : loaded 2 times (x 71B)
Class kotlin.text.MatchGroupCollection                                                : loaded 2 times (x 70B)
Class kotlin.reflect.jvm.internal.impl.builtins.PrimitiveType$$Lambda$1               : loaded 2 times (x 76B)
Class kotlin.coroutines.jvm.internal.CompletedContinuation                            : loaded 2 times (x 75B)
Class [Lkotlin.reflect.jvm.internal.impl.descriptors.Named;                           : loaded 2 times (x 69B)
Class kotlin.reflect.jvm.internal.impl.resolve.scopes.GivenFunctionsMemberScope       : loaded 2 times (x 94B)
Class kotlin.reflect.jvm.internal.impl.descriptors.impl.ValueParameterDescriptorImpl$Companion: loaded 2 times (x 71B)
Class kotlin.reflect.jvm.internal.impl.load.java.typeEnhancement.JavaTypeEnhancement$SimpleResult: loaded 2 times (x 72B)
Class kotlin.reflect.jvm.internal.impl.types.model.IntersectionTypeConstructorMarker  : loaded 2 times (x 70B)
Class kotlin.reflect.jvm.internal.impl.load.java.structure.JavaType                   : loaded 2 times (x 70B)
Class kotlin.reflect.jvm.internal.impl.protobuf.AbstractMessageLite$Builder           : loaded 2 times (x 85B)
Class kotlin.reflect.jvm.internal.impl.resolve.scopes.ChainedMemberScope              : loaded 2 times (x 85B)
Class kotlin.reflect.jvm.internal.impl.load.kotlin.DeserializationComponentsForJava$Companion$ModuleData: loaded 2 times (x 72B)
Class kotlin.reflect.jvm.internal.impl.metadata.ProtoBuf$Class$1                      : loaded 2 times (x 87B)
Class kotlin.reflect.jvm.internal.impl.metadata.jvm.JvmProtoBuf$JvmMethodSignature$1  : loaded 2 times (x 87B)
Class kotlin.reflect.jvm.internal.impl.metadata.jvm.deserialization.JvmProtoBufUtil   : loaded 2 times (x 71B)
Class kotlin.reflect.jvm.internal.impl.descriptors.impl.AbstractClassDescriptor$1$1   : loaded 2 times (x 77B)
Class org.jetbrains.kotlin.com.intellij.openapi.diagnostic.DefaultLogger              : loaded 2 times (x 100B)

---------------  S Y S T E M  ---------------

OS:
 Windows 11 , 64 bit Build 22621 (10.0.22621.6931)
OS uptime: 0 days 10:16 hours
Hyper-V role detected

CPU: total 18 (initial active 18) (9 cores per cpu, 2 threads per core) family 6 model 170 stepping 4 microcode 0x1c, cx8, cmov, fxsr, ht, mmx, 3dnowpref, sse, sse2, sse3, ssse3, sse4.1, sse4.2, popcnt, lzcnt, tsc, tscinvbit, avx, avx2, aes, erms, clmul, bmi1, bmi2, adx, sha, fma, vzeroupper, clflush, clflushopt, clwb, hv, serialize, rdtscp, rdpid, fsrm, f16c, cet_ibt, cet_ss
Processor Information for processor 0
  Max Mhz: 1200, Current Mhz: 1200, Mhz Limit: 1200
Processor Information for processor 1
  Max Mhz: 1200, Current Mhz: 1200, Mhz Limit: 1200
Processor Information for processor 2
  Max Mhz: 3600, Current Mhz: 700, Mhz Limit: 684
Processor Information for processor 3
  Max Mhz: 3600, Current Mhz: 700, Mhz Limit: 684
Processor Information for processor 4
  Max Mhz: 3600, Current Mhz: 700, Mhz Limit: 684
Processor Information for processor 5
  Max Mhz: 3600, Current Mhz: 700, Mhz Limit: 684
Processor Information for processor 6
  Max Mhz: 3600, Current Mhz: 700, Mhz Limit: 684
Processor Information for processor 7
  Max Mhz: 3600, Current Mhz: 700, Mhz Limit: 684
Processor Information for processor 8
  Max Mhz: 3600, Current Mhz: 700, Mhz Limit: 684
Processor Information for processor 9
  Max Mhz: 3600, Current Mhz: 700, Mhz Limit: 684
Processor Information for processor 10
  Max Mhz: 1200, Current Mhz: 1200, Mhz Limit: 1200
Processor Information for processor 11
  Max Mhz: 1200, Current Mhz: 1200, Mhz Limit: 1200
Processor Information for processor 12
  Max Mhz: 1200, Current Mhz: 1200, Mhz Limit: 1200
Processor Information for processor 13
  Max Mhz: 1200, Current Mhz: 1200, Mhz Limit: 1200
Processor Information for processor 14
  Max Mhz: 1200, Current Mhz: 1200, Mhz Limit: 1200
Processor Information for processor 15
  Max Mhz: 1200, Current Mhz: 1200, Mhz Limit: 1200
Processor Information for processor 16
  Max Mhz: 2500, Current Mhz: 700, Mhz Limit: 700
Processor Information for processor 17
  Max Mhz: 2500, Current Mhz: 700, Mhz Limit: 700

Memory: 4k page, system-wide physical 15743M (2401M free)
TotalPageFile size 15743M (AvailPageFile size 4M)
current process WorkingSet (physical memory assigned to process): 1088M, peak: 1088M
current process commit charge ("private bytes"): 1159M, peak: 1160M

vm_info: OpenJDK 64-Bit Server VM (21.0.10+-14961533-b1163.108) for windows-amd64 JRE (21.0.10+-14961533-b1163.108), built on 2026-03-02T19:58:50Z by "builder" with MS VC++ 16.10 / 16.11 (VS2019)

END.
